:0200000480007A
:2000000000000000700059B30000000000000000000000000000000064B81E799B47E18668
:20002000910000F8D9FF4293DC0F0090000600F000B403F00100000000000000000600F07B
:2000400000B503F00300000001000000000600F000B403F00000000090000000000600F0D1
:2000600000B403F00100000090000000000600F000B503F00200000090000000000600F022
:2000800000B503F00300000090000000000700F000B503F00100000000000000000700F08E
:2000A00000B503F00500000001000000000700F000C003F00900000002000000000700F0E6
:2000C00000B103F00A00000004000000000700F000D303F00D00000005000000000700F0A8
:2000E00000A203F00300000006000000000700F000A203F00200000090000000000700F04D
:2001000000B103F00C00000090000000000700F000B503F00000000090000000000700F079
:2001200000B503F00100000090000000000700F000B503F00400000090000000000700F05C
:2001400000B503F00500000090000000000700F000C003F00A00000090000000000700F027
:2001600000D303F00C00000090000000000700F000D303F00D00000090000000000800F0CB
:2001800000B403F00300000000000000000800F000A203F00100000001000000000800F02E
:2001A00000B003F00600000003000000000800F000D303F00800000004000000000800F0D1
:2001C00000A203F00000000006000000000800F000A203F00000000090000000000800F06F
:2001E00000B003F00500000090000000000800F000B403F00200000090000000000800F09E
:2002000000B403F00300000090000000000800F000D303F00800000090000000000800F056
:2002200000D303F00900000090000000000900F000B503F00700000000000000000900F0BE
:2002400000C003F00300000002000000000900F000A003F00100000004000000000900F05C
:2002600000C103F00600000005000000000900F000A003F00000000098000000000900F0A2
:2002800000A003F00100000090000000000900F000B503F00600000090000000000900F00A
:2002A00000B503F00700000090000000000900F000C003F00000000090000000000900F0CA
:2002C00000C003F00300000090000000000900F000C103F00700000090000000000600F09E
:2002E00000000000000700F001000000000800F002000000000900F0030000000050C348B5
:20030000640000000050C348640000001400000000000000000000000100000000000000A5
:200320000000000000000000000000000000000000000000000001010700000000000901AA
:20034000000000000602000000000A03000000000000000000000000010100000000000086
:20036000002A00F000000000002B00F001000000000081F800000000000083F80100000052
:2003800000000000000000000000000000000000000000000000000000000000000000005D
:2003A0000000010000010F00010F000000000000000000000000000000000200000000001A
:2003C00000A203F00000000088000000000002003000000000C203F0010000008800000090
:2003E000000002003500000000C103F00200000088000000000002005500000000B403F08A
:200400000500000088000000000002000800000000A203F00800000088000000000002001E
:200420000900000000A003F00000000088000000000103006700000000B003F00100000089
:2004400088000000000102000A00000000A003F00100000088000000000102000B000000DD
:2004600000A003F00200000088000000000102000100000000A203F001000000880000003D
:20048000000102001F00000000D303F00900000088000000000102002F00000000C203F0FC
:2004A0000000000088000000000102003600000000C103F003000000880000000001020039
:2004C0005400000000B403F00400000088000000000203006800000000B003F00200000083
:2004E00088000000000203006B00000000B003F00500000088000000000202000C000000C4
:2005000000A003F00300000088000000000202000200000000A203F0020000008800000098
:20052000000202002100000000D303F00B00000088000000000202003700000000C103F04E
:200540000400000088000000000202005300000000B403F003000000880000000003030080
:200560006900000000B003F00300000088000000000303006C00000000B003F006000000C9
:2005800088000000000302000D00000000A003F0040000008800000000030200030000009A
:2005A00000A203F00300000088000000000302003100000000C203F00200000088000000A6
:2005C000000302003800000000C103F00500000088000000000302005200000000B403F09F
:2005E0000200000088000000000402000E00000000A003F005000000880000000004020037
:200600000400000000A203F00400000088000000000402003200000000C203F003000000C5
:2006200088000000000402003900000000C103F00600000088000000000402003D0000006E
:2006400000C003F00300000088000000000402005100000000B403F00100000088000000D5
:20066000000502000F00000000A003F00600000088000000000502002800000000D203F04F
:200680000400000088000000000502003A00000000C103F007000000880000000005020043
:2006A0000500000000A203F00500000088000000000602001000000000A003F00700000061
:2006C00088000000000602002A00000000C303F00100000088000000000602003B000000DE
:2006E00000C003F00000000088000000000602000600000000A203F006000000880000008E
:20070000000702001100000000A003F00800000088000000000702004000000000C003F0A0
:200720000800000088000000000702000700000000A203F0070000008800000001000300F1
:200740000000000000A203F00000000088000000010003003000000000C203F00100000092
:2007600088000000010003003500000000C103F00200000088000000010002004400000033
:2007800000C003F00C00000088000000010002004C00000000B503F005000000880000008E
:2007A000010002004D00000000B503F00600000088000000010003000800000000A203F012
:2007C0000800000088000000010003000900000000A003F00000000088000000010102005D
:2007E0006700000000B003F00100000088000000010103000A00000000A003F001000000C3
:2008000088000000010103000B00000000A003F0020000008800000001010300010000001D
:2008200000A203F00100000088000000010103001F00000000D303F009000000880000001F
:20084000010103002F00000000C203F00000000088000000010103003600000000C103F038
:200860000300000088000000010102004500000000C003F00D000000880000000101020058
:200880004E00000000B503F00700000088000000010102004F00000000B503F008000000D0
:2008A00088000000010102005600000000B403F006000000880000000102020068000000B4
:2008C00000B003F00200000088000000010202006B00000000B003F005000000880000004B
:2008E000010203000C00000000A003F00300000088000000010203000200000000A203F02B
:200900000200000088000000010203002100000000D303F00B0000008800000001020300C7
:200920003700000000C103F00400000088000000010202004600000000C003F00E00000034
:2009400088000000010202005000000000B403F0000000008800000001030200690000001C
:2009600000B003F00300000088000000010302006C00000000B003F00600000088000000A6
:20098000010303000D00000000A003F00400000088000000010303000300000000A203F085
:2009A0000300000088000000010303003100000000C203F00200000088000000010303002E
:2009C0003800000000C103F00500000088000000010302004700000000B503F000000000A9
:2009E00088000000010403000E00000000A003F0050000008800000001040300040000002D
:200A000000A203F00400000088000000010403003200000000C203F003000000880000003B
:200A2000010403003900000000C103F00600000088000000010403003D00000000C003F03B
:200A40000300000088000000010402004800000000B503F001000000880000000105030082
:200A60000F00000000A003F00600000088000000010503002800000000D203F0040000004C
:200A800088000000010503003A00000000C103F0070000008800000001050300050000003A
:200AA00000A203F00500000088000000010502004100000000C003F0090000008800000087
:200AC000010502004900000000B503F00200000088000000010603001000000000A003F0E6
:200AE0000700000088000000010603002A00000000C303F0010000008800000001060300EA
:200B00003B00000000C003F00000000088000000010602004200000000C003F00A00000057
:200B200088000000010603000600000000A203F00600000088000000010602004A000000A7
:200B400000B503F00300000088000000010703001100000000A003F0080000008800000023
:200B6000010702004300000000C003F00B00000088000000010702004B00000000B503F0E5
:200B80000400000088000000010703000700000000A203F00700000088000000020002008F
:200BA0001200000000A003F00900000088000000020002001A00000000D303F00400000017
:200BC00088000000020002002000000000D303F00A000000880000000200030044000000C8
:200BE00000C003F00C00000088000000020002005E00000000B303F003000000880000001B
:200C0000020102001B00000000D303F00500000088000000020103004500000000C003F063
:200C20000D00000088000000020102005F00000000B103F002000000880000000202020087
:200C40001C00000000D303F00600000088000000020203004600000000C003F00E00000016
:200C600088000000020202006000000000B103F0030000008800000002030200150000003B
:200C800000A003F00C00000088000000020302001D00000000D303F00700000088000000B4
:200CA000020303004700000000B503F00000000088000000020302006100000000B103F0A9
:200CC0000600000088000000020402001E00000000D303F008000000880000000204020002
:200CE0002200000000D303F00C00000088000000020403004800000000B503F0010000007E
:200D000088000000020402006200000000B103F00900000088000000020502002300000080
:200D200000D303F00D00000088000000020503004100000000C003F00900000088000000C9
:200D4000020503004900000000B503F00200000088000000020502005B00000000B303F004
:200D60000000000088000000020502006300000000B103F00A00000088000000020602003F
:200D80006400000000B103F00B00000088000000020602002400000000D203F000000000C5
:200DA00088000000020602003E00000000C003F006000000880000000206030042000000D5
:200DC00000C003F00A00000088000000020603004A00000000B503F0030000008800000046
:200DE000020602005C00000000B303F00100000088000000020702006500000000B103F04A
:200E00000C00000088000000020702003F00000000C003F0070000008800000002070300A6
:200E20004000000000C003F00800000088000000020703004300000000C003F00B00000022
:200E400088000000020703004B00000000B503F00400000088000000020702005D00000017
:200E600000B303F00200000088000000030003001200000000A003F0090000008800000006
:200E8000030003001A00000000D303F00400000088000000030003002000000000D303F0F4
:200EA0000A00000088000000030003004C00000000B503F005000000880000000300030013
:200EC0004D00000000B503F00600000088000000030003005500000000B403F00500000088
:200EE00088000000030003005E00000000B303F00300000088000000030103001B000000B3
:200F000000D303F00500000088000000030103004E00000000B503F00700000088000000F2
:200F2000030103004F00000000B503F00800000088000000030103005400000000B403F021
:200F40000400000088000000030103005600000000B403F00600000088000000030103006C
:200F60005F00000000B103F00200000088000000030203001C00000000D303F006000000F4
:200F800088000000030203005000000000B403F000000000880000000302030053000000E7
:200FA00000B403F00300000088000000030203006000000000B103F0030000008800000068
:200FC000030303001500000000A003F00C00000088000000030303001D00000000D303F0E0
:200FE0000700000088000000030303005200000000B403F0020000008800000003030300CD
:201000006100000000B103F00600000088000000030403001E00000000D303F00800000047
:2010200088000000030403002200000000D303F00C00000088000000030403005100000047
:2010400000B403F00100000088000000030403006200000000B103F00900000088000000BF
:20106000030503002300000000D303F00D00000088000000030503005B00000000B303F0DB
:201080000000000088000000030503006300000000B103F00A000000880000000306030018
:2010A0006400000000B103F00B00000088000000030603002400000000D203F000000000A0
:2010C00088000000030603003E00000000C003F00600000088000000030603005C00000095
:2010E00000B303F00100000088000000030703006500000000B103F00C0000008800000017
:20110000030703003F00000000C003F00700000088000000030703005D00000000B303F031
:201120000200000088000000001C00F000C003F00C00000000000000001C00F000C003F09B
:201140000C000000A0000000001C00F000C003F00E00000098000000001C00F000C003F0BF
:201160000B00000098000000001C00F000C003F00D000000A8000000001C00F0000000004C
:2011800000C003F00800000098000000001C00F00D00000000B503F00000000098000000A3
:2011A000001C00F00100000000C003F00900000098000000001C00F00200000000C003F00D
:2011C0000D00000098000000001C00F00300000000B103F00A00000098000000001C00F009
:2011E0000400000000B103F00B00000098000000001C00F00500000000B103F002000000ED
:2012000098000000001C00F00600000000C003F00A00000098000000001C00F007000000BC
:2012200000D303F00500000090000000001C00F00800000000C003F00600000098000000EE
:20124000001C00F00900000000C003F00300000098000000001D00F000B003F0010000007A
:2012600000000000001D00F000B103F00300000001000000001D00F000B003F00100000008
:2012800090000000001D00F000B003F00300000098000000001D00F000B103F009000000B9
:2012A00098000000001D00F000B003F00200000098000000001D00F000B103F00600000095
:2012C00098000000001D00F00000000000C003F008000000A0000000001D00F00100000000
:2012E00000C003F009000000A0000000001D00F00200000000C003F00D000000A000000023
:20130000001D00F00300000000B103F00A000000A0000000001D00F00400000000B103F0BA
:201320000B000000A0000000001D00F00500000000B103F002000000A0000000001D00F09D
:201340000600000000D303F00A00000090000000001D00F00700000000D303F00500000048
:2013600098000000001D00F00800000000B003F00400000098000000001D00F0090000006B
:2013800000B003F005000000A0000000001E00F000B503F00400000000000000001E00F03D
:2013A00000B503F00700000001000000001E00F000C103F00200000002000000001E00F0A9
:2013C00000C103F00300000002000000001E00F000B503F00200000004000000001E00F08A
:2013E00000B303F00300000098000000001E00F000B503F00500000098000000001E00F04B
:2014000000B503F00600000098000000001E00F000B303F00000000098000000001E00F02C
:2014200000B303F00100000098000000001E00F000B503F00300000098000000001E00F00E
:2014400000B503F006000000A8000000001E00F000B503F00800000098000000001E00F0D2
:201460000000000000B503F00200000098000000001E00F00100000000B403F00200000072
:2014800098000000001E00F00200000000B403F00600000098000000001E00F0030000004E
:2014A00000B403F00300000098000000001E00F00500000000B503F0010000009800000096
:2014C000001E00F00600000000D303F00D000000A0000000001E00F00700000000C003F0BD
:2014E0000A000000A0000000001E00F00800000000C003F006000000A0000000001E00F0C5
:201500000900000000C003F003000000A0000000001F00F000A203F00500000000000000C3
:20152000001F00F000D303F00D00000003000000001F00F000C203F00100000004000000FD
:20154000001F00F000C103F00200000005000000001F00F000C103F00300000005000000F6
:20156000001F00F000C203F003000000A0000000001F00F000A203F00600000098000000C2
:20158000001F00F000B003F00600000098000000001F00F000C203F000000000980000009F
:2015A000001F00F000D303F00C00000098000000001F00F000C203F000000000A00000004E
:2015C000001F00F000C203F001000000A0000000001F00F000A203F0070000009800000063
:2015E000001F00F000C203F00300000098000000001F00F000D303F00B0000009800000014
:20160000001F00F00000000000A203F00400000098000000001F00F00B00000000D303F0AA
:201620000A00000098000000001F00F00C00000000C203F00200000098000000001F00F08F
:201640000D00000000C303F00100000098000000001F00F00100000000A203F00000000089
:2016600098000000001F00F00100000000D303F00900000098000000001F00F0020000004A
:2016800000A203F00100000098000000001F00F00200000000D303F00800000098000000A5
:2016A000001F00F00300000000A203F00200000098000000001F00F00400000000A203F041
:2016C0000300000098000000001F00F00500000000A203F00800000090000000001F00F01F
:2016E0000600000000A003F00800000090000000001F00F00700000000A003F00900000007
:2017000090000000001F00F00700000000D303F00700000098000000001F00F008000000A7
:2017200000B003F00500000098000000001C00F000000000001D00F001000000001E00F041
:2017400002000000001F00F003000000040017B7D138000000000000030017B7D1380000C0
:2017600000000000020017B7D138000000000000030000004C170080013B050017B7513911
:2017800012011202FF0F3F0312221402FFFFFF0F020000000F000000010000000F0000005B
:2017A000000000003F000000000000003F000000D5140000FF7F0000002D3101000000F0F5
:2017C00000000000000100F001000000E0D30080ECD30080F8D3008004D4008010D400809E
:2017E0001CD4008028D4008034D4008040D400804CD4008058D4008064D4008070D4008019
:201800007CD4008088D4008094D40080A0D40080ACD40080B8D40080C4D40080D0D40080F8
:20182000DCD40080E8D40080F4D4008000D500800CD5008018D5008024D5008030D50080D3
:201840003CD5008048D5008054D5008060D500806CD5008078D5008084D5008090D50080B0
:201860009CD50080A8D50080B4D50080C0D50080CCD50080D8D50080E4D50080F0D5008090
:20188000FCD5008008D6008014D6008020D600802CD6008038D6008044D6008050D6008069
:2018A0005CD6008068D6008074D6008080D600808CD6008098D60080A4D60080B0D6008048
:2018C000BCD60080C8D60080D4D60080E0D60080ECD60080F8D6008004D7008010D7008026
:2018E0001CD7008028D7008034D7008040D700804CD7008058D7008064D7008070D7008000
:201900007CD7008088D7008094D70080A0D70080ACD70080B8D70080C4D70080D0D70080DF
:20192000DCD70080E8D70080F4D7008000D800800CD8008018D8008024D8008030D80080BA
:201940003CD8008048D8008054D8008060D800806CD8008078D8008084D8008090D8008097
:201960009CD80080A8D80080B4D80080C0D80080CCD80080D8D80080E4D80080F0D8008077
:20198000FCD8008008D9008014D9008020D900802CD9008038D9008044D9008050D9008050
:2019A0005CD9008068D9008074D9008080D900808CD9008098D90080A4D90080B0D900802F
:2019C000BCD90080C8D90080D4D90080E0D90080ECD90080F8D9008004DA008010DA00800D
:2019E0001CDA008028DA008034DA008040DA00804CDA008058DA008064DA008070DA0080E7
:201A00007CDA008088DA008094DA0080A0DA0080ACDA0080B8DA0080C4DA0080D0DA0080C6
:201A2000DADA0080E4DA0080EEDA0080F8DA008002DB00800CDB008016DB008020DB0080EA
:201A40002ADB008034DB00803EDB008048DB008052DB00805CDB008066DB008070DB008046
:201A60007ADB008084DB00808EDB008098DB0080A2DB0080ACDB0080B6DB008000000000C1
:201A800000000000000000004E414E006E616E00494E4600696E6600000202020202020204
:201AA000020203010101010202020202020202020202020202020202020440404040404073
:201AC000404040404040404040202020202020202020204040404040404088888888888896
:201AE000080808080808080808080808080808080808080840404040404090909090909066
:201B0000101010101010101010101010101010101010101040404040020000000000000083
:201B20000000000000000000000000000000000000000000000000000000000000000000A5
:201B4000000000000000000000000000000000000000000000000000000000000000000085
:201B6000000000000000000000000000000000000000000000000000000000000000000065
:201B8000000000000000000000000000000000000000000000000000002F000D0A002028B7
:201BA000002C2000290D0A00202057505B002F32300D0A006465670D0A006D207961773D4D
:201BC000005D20646973743D005B57505D20436F6E65202300207265636F726465640D0AD1
:201BE000002020576179706F696E74733A200020205B54454143485D20506F696E74733A49
:201C000020005B57505D205061726B696E672073706F742023005B57505D204761726167CF
:201C20006520656E7472616E63652023005B4D4F44455D203E3E3E204155544F2052554E67
:201C40004E494E470D0A005B4552525D20576179706F696E742061727261792066756C6C13
:201C6000210D0A005B494E49545D20494D552063616C6962726174696F6E20646F6E652E99
:201C80000D0A005B4D4F44455D20454D455247454E43592053544F50202D3E2049444C4562
:201CA0000D0A005B4E41565D203D3D3D20414C4C20444F4E4521205375626A6563742031F8
:201CC00020636F6D706C657465642E203D3D3D0D0A005B494E49545D20494D552063616CC4
:201CE0006962726174696E672E2E2E204B6565702074686520636172207374696C6C210D38
:201D00000A005B4552525D204E6F20776179706F696E747321205072657373204B322F4BC8
:201D2000332F4B3420746F207265636F72642066697273742E0D0A005B4D4F44455D203E58
:201D40003E3E205445414348494E47206D6F64650D0A202044726976652F7075736820631C
:201D6000617220746F206561636820636F6E652C207072657373204B322F4B332F4B342086
:201D8000746F207265636F72642E0D0A003D3D3D3D3D3D3D3D3D3D3D3D3D3D3D3D3D3D3DF5
:201DA0003D3D3D3D3D3D3D3D3D3D3D3D3D3D3D3D3D3D3D3D3D0D0A20204B444B50205375B9
:201DC000626A6563742031202D204175746F6E6F6D6F75732044726976696E670D0A2020B9
:201DE00045534B4620467573696F6E202B20576179706F696E74204E617669676174696F9E
:201E00006E0D0A3D3D3D3D3D3D3D3D3D3D3D3D3D3D3D3D3D3D3D3D3D3D3D3D3D3D3D3D3D54
:201E20003D3D3D3D3D3D3D3D3D3D3D0D0A20204B313A2053776974636820546561636869F6
:201E40006E672F4175746F206D6F64650D0A20204B323A205265636F726420636F6E6520AE
:201E6000776179706F696E7420287465616368696E67290D0A20204B333A205265636F7209
:201E8000642067617261676520656E7472616E636520287465616368696E67290D0A2020DC
:201EA0004B343A205265636F7264207061726B696E672073706F7420287465616368696ED4
:201EC00067290D0A3D3D3D3D3D3D3D3D3D3D3D3D3D3D3D3D3D3D3D3D3D3D3D3D3D3D3D3DAF
:201EE0003D3D3D3D3D3D3D3D3D3D3D3D0D0A004E41563A20706F733D280029207961773D22
:201F000000646567207374643D006D0A003D3D3D20576179706F696E7473203D3D3D0A00EC
:201F2000202023003A2028006465670A0066696C653A2025730066696C653A206D646B2F8B
:201F40002573006C696E653A202564000D0A66696C65202573206C696E652025643A2025FF
:201F6000732E0D0A000D0A66696C65202573206C696E652025642E0D0A0041737365727412
:201F8000206572726F72004C6F67206D657373616765002E2E2F6C69627261726965732F59
:201FA0007A665F636F6D6D6F6E2F7A665F636F6D6D6F6E5F6669666F2E63002E2E2F6C696E
:201FC000627261726965732F7A665F636F6D6D6F6E2F7A665F636F6D6D6F6E5F66756E6320
:201FE00074696F6E2E63003078000000F1D906010300F00300FD15F1D906010300F004004D
:20200000FE17F1D906010300F00600001BF1D906010300F00700011DF1D906010300F00811
:2020200000021FF1D906010300F040003A8FF1D906010300F020001A4F524D4300474741B4
:202040000054485300F1D906421400000A05006400000060EA0000D0070000C8000000B857
:20206000EDF1D906010300F00001FB10F1D906010300F00501001AF1D906010300F00100FA
:20208000FB11F1D906010300F00200FC13494D5539363352412061636320616E64206779A5
:2020A000726F2073656C6620636865636B206572726F722E002E2E2F6C696272617269650A
:2020C000732F7A665F6465766963652F7A665F6465766963655F696D7539363372612E6321
:2020E00000494D5539363352415F4143435F53414D504C455F44454641554C5420736574A9
:20210000206572726F722E00494D5539363352415F4759524F5F53414D504C455F44454638
:2021200041554C5420736574206572726F722E00494D553936335241206D61672073656CAC
:202140006620636865636B206572726F722E00494D5539363352415F4D41475F53414D509F
:202160004C455F44454641554C5420736574206572726F722E002E2E2F6C69627261726916
:2021800065732F7A665F6472697665722F7A665F6472697665725F70776D2E63002E2E2FA4
:2021A0006C69627261726965732F7A665F6472697665722F7A665F6472697665725F73702C
:2021C000692E63002E2E2F6C69627261726965732F7A665F6472697665722F7A665F64727F
:0C21E000697665725F756172742E630091
:1221F00073646820737468A0036568CA0BC30030009067
:202208000F05D011174580010B00D0010F00B02142218B0101110F2010006B0500200090C8
:202228003256FF0626003B00FEFF3FF617000F6510308B0602601745802600903256FF0699
:2022480018003B00FEFF3FF60F000F6500308B060260174580260090A2F63705C13F0F6571
:2022680010200090A2F682030F6500200090DA207FF60700174580360F6400200090A2F612
:2022880082020F6400300090820C822D3C130757FFCF8755BFDFCE57460546048B14804034
:2022A8008B05A050CE77460746068B1680608B07A07082028203820082013A260B2700F203
:2022C8006E023C4F0B6430F10B7500F20B75A0F26E04024002513C453A640B7500F26E03DE
:2022E80082123C3F3B0004E00B6030F10B7100F20B71A0F2DE1087559FFF06116701801F1A
:202308008B1FE0060248025906156745805F0614C2FE3CEB0284029506F067101F0006F139
:20232800C21E82087AE86E1D87559FFF06116701801F8B1FE0060B60C0A00B71D0B007BB8D
:202348009FFF06156745805F061406136723803F8B1FE0266E0302A002B1C2183FE8E67FD9
:2023680076C7460346028B1280208B03A030DF2D0B00071DE0FF76F7460146008B108000BD
:202388008B01A01000903B00034040F440C5007074DF3B00034040C4007061000E00370A4D
:2023A8006800DA0A4BF011020070610006003BE0024040C4007054DFC21F74DF00706D008F
:2023C80064270090404F6D005324022F02F46D004F2314F0B700010034F002F46D00682492
:2023E8000090FF440B00538420F0910000F8D9FF1CB010FFD4F23C02A0023C010090094F09
:202408004C18161F3C0182003E0E82103E0E82203E0F8240BE003B800000BE003B0001000E
:20242800BE003C1282023C126D00FF1F3C0F6D00481F3C0C6D006C1F3C096D00D01E3C06EA
:202448006D00B91E3C0382023C013C01009082F282003C17538020F0910000F8D9FF1CB00A
:2024680010FFD4FF7D4F0D80538020F0910000F8D9FF1CB010FF481F370F48203C04C210D3
:20248800BF40EAFF3C010090404F40F46DFFB9FF09FFD408370F6CF0C21F4B0F41F14BF268
:2024A80051203C0100906DFFD4FF53C220F060FF9140003F30F3D93F002849F2080A3C0116
:2024C80000906DFFC6FF53C220F060FF9140003F30F3D9320028B0423C0100906DFFB9FF66
:2024E80053C220F060FF9140003F30F3D93200283C010090494F081A3C0554FF345FB01577
:20250800C2F4FF14FCFF02423C0100902010404F0B541088026A89A7080909FF4C18161FDA
:2025280078033C0140F46DFFB1FFC2188B4860F3370F68F074AF8B1A60F3370F68F07801BB
:2025480054AF4B0F61F14BF941503BF026F19B3FA8F34BF5413082044B5251004B007161F6
:2025680082108F461FF06E0D7B0018144B1941104B1251104B0171118F411FF06E023C01EE
:202588000269821882074B0061014B0241F04B0661014B0F51006B0031F582014B1F01F0AD
:2025A800AE046B0031B53C056B0031F567FFBFBF4B3B01F016038B0F20F26E028214822D69
:2025C8003C39DF2D05808210821E3C0773D70A004B8011028B1000E03C234B0D61A14BA225
:2025E80041A0036D0AC04B0C61F14BFA51C06B0C31F5820A4BAF01F0AE046B0C31A53C0565
:202608006B0C31F567FFBFAF4BAB01F0370F61F16E0602AB02D8036D0A900207C2107F0E55
:20262800DEFF4B3B01F016038B0F20F26E023C09C21DF647736D0AF03BF0FF007FF0C3FF73
:20264800820440F46D00360009FFE00837097000370F0CF089FFA00809FFE2083708700062
:20266800370F0CF089FFA20809F0560854AFC2FF370F68F037F004F089FF160809F057080C
:20268800580137F004F089FF170858026E03DA013C02DA0009F0570837F081F389FF1708BF
:2026A80040F409A40C096D00050082123C010090094F4C18374F05F0894F0C18F6493C019A
:2026C800094F4F18370FE1F33C01EEFB3C093C01094F4F18370FE1F33C01DF1FFBFF0090D3
:2026E800494F041A3C0A145F74FFB015C2F43C010C4E161FFF1FFE7FFF14F7FF02423C0184
:2027080000902008F4A4405DD4DFF44F40F46DFF5BFE820440F46DFFCDFFDA0009F05A08AE
:2027280037F002F089FF1A0809DFC80809F0D408C2FF370F70F037F00CF0ACFA09D46C08C0
:2027480040F46DFFB7FF09D4040909D54A0809D64D0809D74C0840F46DFFDAFE0228820471
:2027680040F46DFFA7FF09DF7C086E0382103C028200087F370F01F22CF709DF56086E0342
:20278800DA013C02DA0009F05B0837F001F389FF1B0809DF540809F05B0837F081F389FF59
:2027A8001B0809DF510809F0590837F083F089FF190809DF530809F05B0837F001F289FFCF
:2027C8001B0809DF550809F05C0837F004F089FF1C0809D0580808CF370F02F32CFC09DF0A
:2027E800590809F0500837F002F389FF100809DF500809F0D80837F003F3ACFC09D05A084A
:2028080008DF8BF0200337006800370F04F02CFD09DF5B0809F051088BFF20F3370F68F051
:2028280037F004F089FF110809DF520809F05A0837F002F089FF1A0809DCA809BD0C79009C
:20284800D4CEBD0E280009C0040809C95D084CE16E2109E4840909E44808370068506D0000
:20286800A70D09E4840909E4480802956D00D20DD4E2DA016E0382103C0282000C27370F35
:2028880081F22C27D4E20CEC0920460837F002F02C2609CE8809BD0E1E0009C00C0809C9DA
:2028A8005D084CE16E1709E4840909E44808370068506D007D0D09E4840909E4480802950E
:2028C8006D00A80DD4E20CEC0920440837F003F02C2409CE9009BD0E150009C5540809C9F5
:2028E8005D0809E4840909E448080CECA6F56D005F0D09E4840909E4480802956D008A0DF6
:2029080009CE9809BD0E150009C55C0809C95D0809E4840909E448080CECA6F56D00480DE2
:2029280009E4840909E4480802956D00730D09D46C0840F46DFFBEFEDA0089FF001982FFAB
:202948006CFFDA00D4A22C2E09DF6D082E0CDA016E03DA013C02DA0009F0421837F001F019
:2029680089FF021809DF6D082E1CDA016E03DA013C02DA0009F0421837F001F189FF0218B9
:2029880009DF6D082E2CDA016E03DA013C02DA0009F0431837F001F189FF031809DF6D08CC
:2029A8002E3CDA016E03DA013C02DA0009F0431837F081F189FF031809DF6D082E4CDA0124
:2029C8006E03DA013C02DA0009F0431837F001F389FF0318DA002C2DDA002C2C09DF7D08A7
:2029E8002C2FD20089205409DA006C240C2F82003E0482103E043C0682193C063BC00090B5
:202A08003C0382093C014CDC6E0C09D4B00909D4AE0802956D008522D4A4894284093C091C
:202A280009D4AE0802956D006822D4A4894284094CDE6E0C09D4B80909D4B40802956D00BE
:202A48007022D4A4894288093C0909D4B40802956D005322D4A48942880909D9660809DFA5
:202A6800E208EE03DF39228040F46DFF2CFD09DFE2081420370F68F037F008F0342F0C219D
:202A8800379F82F12C210C2396022C23DA016E03DA013C02DA0009F0431837F001F289FF4D
:202AA80003180C2196042C2109DFE008EE03DF39228040F46DFF14FD09DFE0081420370F69
:202AC80068F037F008F0342F0C21379F82F12C210C2396022C23DA016E03DA013C02DA00FC
:202AE80009F0431837F081F389FF03180C2196042C2109DFE4086E2140F46DFFD6FC09DF6B
:202B0800E4081420370F68F037F008F0342F0C21379F82F12C210C2396022C23DA016E0348
:202B2800DA013C02DA0009F0421837F001F089FF02180C2196042C21DA016E03DA013C0214
:202B4800DA0009F0500837F081F089FF1008DA016E0382103C02820008CF370F81F02CFCB6
:202B680009FF5008960189FF100808CF96012CFC02823C010090F445DA00894F3C08DA01C5
:202B8800894F2C08DA01AC447B107EF46C41DA032C4ADA002C4CDA032C4DDA00894F1008E7
:202BA800DA01894F1108DA01894F1208DA00894F1308DA00894F1608DA00894F1408DA0728
:202BC800894F1508DA01894F1808DA01894F1908DA00894F1A08DA00894F1B08DA00894FF6
:202BE8001C08DA00894FA208DA00894FA008DA00894FA408DA00894F2608DAFF894F2D08CF
:202C0800A00FEC4AA00FEC4EA00FEC4CDA00894FAE08DA00894FB408DA00894F3D0800909A
:202C2800D44F09FF760816013C016E0909FF7E08960189FF3E080C4E96012C4E09FF760834
:202C4800370F61F13C016E0909FF7E08960489FF3E080C4E96022C4E09FF7708370F61F19F
:202C68003C016E0909FF7F08960489FF3F080C4E96042C4E09FF7708370FE1F13C016E09DF
:202C880009FF7F08960889FF3F080C4E96082C4E09FF7708370F61F33C016E0909FF7F085A
:202CA800964089FF3F080C4E96102C4E0090404F6D00DE1F022F02F46D00DA1E821074F0E2
:202CC80002F46D00F51F3C0114FF370FE1F0BA0F3C01DF1FFB7F0090404F6D00C91F022FEB
:202CE80002F46D00C51E14F0B700010034F002F46D00DE1F3C0114FF370FE1F0BA0F3C01D9
:202D08006EFB0090FF240B00538420F0910000F8D9FF20D010FFD4F23C02A0023C010090CA
:202D280082F282003C17538020F0910000F8D9FF20D010FFD4FF7D4F0D80538020F091005F
:202D480000F8D9FF20D010FF481F370F48203C04C210BF20EAFF3C01009002486DFFE2FF49
:202D6800914000FFD9FF6008530221F010FF534820F010F23C0100907643DF140980094FBF
:202D88006C28375F02F0894F2C283C42DF240400DF340980094F6C28375F02F1894F2C2821
:202DA8003C37DF440400DF540980094F6C28375F02F2894F2C283C2CDA0C7E48094F6C2813
:202DC800375F02F3894F2C283C23DA0A3E43DA0D7E48094F6D28375F02F0894F2D283C18CD
:202DE800DF640400DF740980094F6D28375F02F1894F2D283C0DDA083E43DA097E48094F58
:202E08006D28375F02F2894F2D283C0200A00090404F0B451088026A6D00071B022B4B8B7B
:202E280051406D004E21022082033C0782224B200102F6023C05C213DA103FF3F9FFDA1015
:202E48007FF34B8076A682204B0911029AF03C029AF9370F700009F1E4083701100089F050
:202E6800A408DA018200820137F101133701011789F138198F7300F18200538020108270FD
:202E88000F10000009F2301982F4C64026020F1F00F0A6F289F230198F8300F18B0F20F2FA
:202EA8006E0DDA00538F20F0C23F82100FF0000009FF3019A60F89FF301909FF701837AFE4
:202EC80081F389FF3018DA010F3F00F04B0F61F14BFB51203C0282023C01009009405408F6
:202EE8000C5C8B4FA0F237F001F3894F1408094051080C5C37F002F3894F11080090404FB1
:202F0800024F02586D00911A02294BF951406D00D820022082033C0782224B200102F6028D
:202F28003C05C213DA103FF3F9FFDA107FF33F80C2F83708700009F1D4183701100089F034
:202F48009418820082118202370201233712012789F238198F7300F1821053802010827010
:202F68000F10000009F2301982F4C64026020F1F00F0A6F289F230198F8300F18B0F20F219
:202F88006E0DDA01538F20F0C23F82100FF0000009FF3019A60F89FF3019DA010F3F00F05F
:202FA8004B0F61F14BF951203C0282023C010090094054080C5C8B4FA0F237F081F3894F2D
:202FC8001408094054080C5C37F002F0894F14080090404D405FC86C89DC900914CF370F9C
:202FE800E1F0BA0F3C01EE0440C46DFF77FE09FF5C081E1409FF5D086E5CDA0182100FF0DA
:2030080000004CC1260F6E03DA013C02DA003C01EE08DA0182100FF000004CC1A60F6CC174
:2030280009FF69086E2248BF6E05C864C8B56DFFC1FFDA0109F07008532F2010C22182329B
:203048000F1200204CC582F3C632262F0F100000A60F6CC5483F370F70F009C0D41837F046
:2030680010F089CF94183C064824483540C46DFF48FF09FFF80809C0D01837F010F089CF2A
:20308800901809FF5D186E1409FF5D08EE1109FF7A0809C0741837F003F189CF341809FF6F
:2030A8007B0809C0741837F082F289CF34183C0109FF5C086E0709FF5D18EE0409FF5D08F7
:2030C8006E644818820182100F1000004CC126F07603DA013C02DA003C01EE0882008211AB
:2030E8000F0100104CC1A61F6CC109FF5D186E0B09FF5D08EE08484F6E0609FF7A085E520B
:2031080048483C0109FF60086E31489F6E05C864C8956DFFE5FEDA0009F06808532F20F0C4
:203128009221DA030F1F00204CC582F3C632262F0F100000A60F6CC509FF740809C07018FC
:2031480037F081F389CF301809FF74085E16DA024BF811028BF01F80370870F009C0E40894
:2031680037F010F089CFA4083C0854F409F6740840C402856DFF4EFE09FFF60809C0E0081B
:2031880037F010F089CFA00809FEA019BD0E2300D4ECBCCF09EF080809C4840909C4480888
:2031A800370F68506D000409D4C440C56DFF98FE09EC8409BCCF09EF080809C4840909C4B4
:2031C8004808370F68506D00F308D4C440C56DFFF1FE09FFFE086E2CC86209F07C08DA010F
:2031E8000F0F00F009203029A6F089203029C86409F47C0809F57D086DFFC0FDC86409F41D
:203208007D086DFFACFD09F0401809FFFE081421370F68F037F108F0342F0C21370F82F171
:203228002C210C2396022C230C2196042C2109FFC4186E2CC86209F04218DA010F0F00F02B
:2032480009203029A6F089203029C86409F4421809F543186DFF92FDC86409F443186DFF85
:203268007EFD09F0461809FFC4181421370F68F037F108F0342F0C21370F82F12C210C23D8
:2032880096022C230C2196042C2109FFCA186E2CC86209F04818DA010F0F00F009203029B9
:2032A800A6F089203029C86409F4481809F549186DFF64FDC86409F449186DFF50FD09F07D
:2032C8004C1809FFCA181421370F68F037F108F0342F0C21370F82F12C210C2396022C23F9
:2032E8000C2196042C2109FFD0186E2CC86209F04E18DA010F0F00F009203029A6F08920F5
:203308003029C86409F44E1809F54F186DFF36FDC86409F44F186DFF22FD09F0521809FF33
:20332800D0181421370F68F037F108F0342F0C21370F82F12C210C2396022C230C21960437
:203348002C2109FF5C0889DF140849FF141A49D2180AA02444FF642FFC4E009020689100E8
:2033680000F8D9FF3CB049FF000A49A2000AC506180044FF642FFC6E49AF000A4942000A88
:20338800C506180044FF642FFC6E894598090090404F09FF5408DF1F3780C842DA008210E5
:2033A800820137F10113370101178921381909FF6108EE28487F6E1BC842821009FF600818
:2033C800532020008B80001082300F1000000922341982F3C63026020F1F00F0A6F28922FA
:2033E8003419C844C8756DFFE5FD3C0BC842DA008210820137F18110370181148921381920
:203408003C013C0109FF54086E0409FF61086E32C842DA018200820137F1011337010117CD
:2034280089213819486F6E1BC842820009FF6008532020008B80001082300F1000000922A3
:20344800341982F3C63026020F1F00F0A6F289223419C844C8656DFF43FD3C0BC84FDA01B8
:203468008200820137F181103701811489F138193C010090404F40F46D002F0082504DC0E3
:20348800E1FF16073C013E289110003030F3D933C04F54313C034D00D01F3701E2F05E13FA
:2034A80082003C173701E2F0EE13534220F060FF9130003F30F3D93F1436081F16075E13E6
:2034C80082103C05081F16075E3282203C02825002023C010090822282003C17538020F05E
:2034E800910000F8D9FF30D010FFD4FF7D4F0D80538020F0910000F8D9FF30D010FF481F6E
:20350800370F68203C04C210BF20EAFF3C010090404F024F40F46DFFE0FF02286E031E32E4
:203528005E4382093C0282195E23821A3C02820ADF1949804DC0E1FF16073C015F8F280079
:203548006D00AA1B022802846D00BA1A913000CFD9CC143640F46DFFC0FF534220F010C2EB
:20356800142F37AF02F0342F02846D00C81B9110003030F3D933C04F543FB72F82F0911054
:20358800003030F3D933C04F743F3C1C6D00701B022B02B46D006C1A913000FFD9FF1436FA
:2035A800534820F010FF9130002FD9221436534820F01022142F37AF02F034FF02B46D00C6
:2035C800771B02923C01009082124DC0E1FF16073C01FF2F0B80538F20F0910000F8D9FF09
:2035E80030D010FFD4FF3C02A00F3C017DF4048082023C109110003030434933088A543F0D
:2036080006F4374F9FF09110003030434933088A743F3C010090404FDA0140F46DFFD6FFE2
:20362800262F40F46DFF28FFF626821440F46DFF71FF262F02F23C010090913000FFD9FFF6
:20364800004654FF370F6EF18FFF83813C01911000A7D9AA408F0D0080043B0098F0CD4F4B
:20366800E00F0D00C0044D00E0FFB70F14F0CD0FE00F0D00C00482117617DA009601CD4F43
:2036880020090D00C0044DC0E1FF8F7F00213C01913000FFD9FF004653C220F010FF54F079
:2036A80037006E018FF083313C01913000FFD9FF004653C220F010FF54FF2E1B8F2320F07C
:2036C800960154F0370070088F002100A6F074F08F2320F0960254F0370070088F002100B1
:2036E800A60F74FF3C0154FF1601DF1FFE7FDA00761382003C028210370F81F0CDCF200947
:203708000D00C004913000FFD9FF004653C220F010FF54FF2E1B8F2320F0960154F037004E
:2037280070088F002100A60F74FF86238F3340F154F0370070088F002100A60F74FF3C018D
:2037480054FF6F0FFF7F0D00C00482114DC0E1FF8F7F00213C01913000FFD9FF004653C262
:2037680020F010FF54F037006E018FF083313C01913000FFD9FF004653C220F010FF54FF63
:203788002E1B8F2320F0960154F0370070088F002100A6F074F08F2320F0960254F037000D
:2037A80070088F002100A60F74FF3C0154FF1601DF1FFE7FDA00761382003C028210370F94
:2037C80081F0CD0F04090D00C004913000FFD9FF004653C220F010FF54FF2E1B8F2320F046
:2037E800960154F0370070088F002100A60F74FF86238F3340F154F0370070088F00210020
:20380800A60F74FF3C0154FF6F0FFF7F0D00C004913000FFD9FF004654FF2E1B8F2820F0DA
:20382800960154F0370070088F002100A60F74FF8F2820F0960254F0370070088F0021001C
:20384800A60F74FF3C0154FF1601DF1FFE7F910000F8D9FF004080FFCD4FE20F0D00C00418
:2038680091F000F8D9FF000480FFCD0FE20F0D00C004911000F7D9FF80CF80FFCD8FE20F43
:203888000D00C004913000FFD9FF004654FF2E1B8F2820F0960154F0370070088F002100D4
:2038A800A60F74FF8F2820F0960354F0370070088F002100A60F74FF3C0154FF6F0FFF7F21
:2038C80091000000D900000091000010D911000091000080D988000091000090D9990000E6
:2038E800911000F7D9FFC00F91100027D922C001A004802080FFA2F0DA404BF0114282007E
:203908003C1E80FFB70F1CF08F4F1F1080FFBBF0FF2F0662262F06AFA6F1F606CD81E30F4A
:203928000D00C0043C0274419AD47E05CDC1E30F0D00C00440F449FF001AC2103F40E3FFB0
:20394800DA00744F6D00A819022F02846D00E71802F46D0028196DFF34F56D009D19913054
:2039680000FF19FF30366F1F12008F2220F09601913000FF19F03036370070088F0021003C
:20398800A60F913000FF59FF303686228F2240F1913000FF19F03036370070088F002100D4
:2039A800A60F913000FF59FF30363C01913000FF19FF30361601DF1FFB7FDA00913000FF28
:2039C80059FF181691000048D94470D16D00AB159130884F910000F8D9FFB67380F46DFFF3
:2039E8001CFE911000F8D9FFBC78DC0F0090913000FFD9FF0C4654FF370F6EF18FFF831181
:203A08003C01912000A6D9AA408B0D0080043B0098F0CD4FE00F0D00C0044D00E0FFB70F9A
:203A280014F0CD0FE00F0D00C00482127627DA009601CD4F20090D00C0044DC0E1FF8F7F2B
:203A480000313C01913000FFD9FF004653C320F010FF54F037006E018FF083413C019130B2
:203A680000FFD9FF004653C320F010FF54FF2E1B8F2420F0960154F0370070088F00210053
:203A8800A6F074F08F2420F0960254F0370070088F002100A60F74FF3C0154FF1601DF1F59
:203AA800FE7FDA00762382003C028210370F81F0CDCF20090D00C004913000FFD9FF004691
:203AC80053C320F010FF54FF2E1B8F2420F0960154F0370070088F002100A60F74FF86243E
:203AE8008F3440F154F0370070088F002100A60F74FF3C0154FF6F0FFF7F0D00C00482120E
:203B08004DC0E1FF8F7F00313C01913000FFD9FF004653C320F010FF54F037006E018FF0B8
:203B280083413C01913000FFD9FF004653C320F010FF54FF2E1B8F2420F0960154F03700F8
:203B480070088F002100A6F074F08F2420F0960254F0370070088F002100A60F74FF3C01D8
:203B680054FF1601DF1FFE7FDA00762382003C028210370F81F0CD0F04090D00C004913061
:203B880000FFD9FF004653C320F010FF54FF2E1B8F2420F0960154F0370070088F00210032
:203BA800A60F74FF86248F3440F154F0370070088F002100A60F74FF3C0154FF6F0FFF7FE0
:203BC8000D00C004913000FFD9FF0C4654FF2E1B8F2120F0960154F0370070088F0021008C
:203BE800A60F74FF8F2120F0960254F0370070088F002100A60F74FF3C0154FF1601DF1FCD
:203C0800FE7F91F000F8D9FF000680FFCD4FE20F0D00C00491F000F8D9FF000480FFCD0FBB
:203C2800E20F0D00C004912000F6D9FF80CB80FFCD8FE20F0D00C004913000FFD9FF0C4669
:203C480054FF2E1B8F2120F0960154F0370070088F002100A60F74FF86218F3140F154F0C2
:203C6800370070088F002100A60F74FF3C0154FF6F0FFF7F91000000D9000000910000101E
:203C8800D911000091000080D988000091000090D9990000912000F6D9FFC00B912000260C
:203CA800D922C00DA004802080FFA2F0DA404BF0114282003C1E80FFB70F1CF08F4F1F10FD
:203CC80080FFBBF0FF2F0662262F06AFA6F1F606CD81E30F0D00C0043C0274419AD47E058A
:203CE800CDC1E30F0D00C00440F449FF001AC2103F40E3FFDA00744F911000F8D9FFFCC8D0
:203D0800DC0F0090DA000950DA08370F0EF009505C08370F03F809505D08370F81F90950F2
:203D28005E08370F01FA09505F08370F83FA09506108370F01FE09506008370F03FC6C4593
:203D4800820109506408370103100950650837018111095066083701041409506B0837011D
:203D6800011A09506708370103120950680837018113095069083701041609506C08370155
:203D8800811A09506A083701041809506D083701011B09506E083701011C09506F08370113
:203DA800811C095F70086E0382203C028200095F71086E03DA013C02DA00A6F03701021D79
:203DC800095F720837F1041E095F730837F1811B89411009095F06096C42095F0A096C43D6
:203DE800095F16096C41095F1209744F095F6A086E0A095F6A081E17095F6A081E24095F5C
:203E08000E096C460090F4450090404F405CD4C2D42DF4FD09CF04082CF409CF0408530F7B
:203E280022F010D2D9220002E822C82440C56DFF6BFF820009CF63086E05DA0137F0010875
:203E48003C04DA0137F0810809FF0408534F20F010D25920C08109CFF4086E22D4F209FFFB
:203E68000408BC21534F20F060FF9140003F30F3D93F40483C0109C0760809CFF40814F110
:203E8800370F68F037F108F034FF081F370F82F12CF1083F96022CF3081F96042CF10090C0
:203EA8002038910000F8D9FF00E049FF000A49A2000AA0D644FF642FFC6E49AF000A4942D7
:203EC800000AA0D644FF642FFC6EF4450090404F6D00CE16022F02F46D00CA1591A000309D
:203EE80030F3D933C04F5430B700010091A0003030F3D933C04F743002F46D00D91600901B
:203F08006D007B12913000FF39FF3506370F64F24B0F41F14BF251203C013C010090370451
:203F28006800DA084BF00102DA0203F10AF6370F68F0DF15068082220FF210203C04821260
:203F48000FF210203C010090404F026F82066DFFE8FF6E04681268223C0268120090404F33
:203F6800026F82066DFFDDFF6E04684268523C0268420090404F3B0001606DFFD2FF74F2DC
:203F88000090404F024F0269820602F46DFFC9FF02283B0001600BF910486DFFC2FF8F02AC
:203FA80001F0A6F868680090DA01744F0090804F53042800420F60FF3C0148423C0100904A
:203FC800BC41DA024BF50102534020F053042100600F9140003F30F3D93FC06910F23C0180
:203FE8000090804F53042800420F60FF3C0168550090804F53042800420F60FF3C016835C9
:204008000090804F53042800420F60FF3C0168450090804F53042800420F60FF3C016825C8
:204028000090804F53042800420F60FF3C01481F375F02F06CF10090804F53042800420F32
:2040480060FF3C014890DA006CF948BF375F02F06CFB68907663DA013C02DA0037F001F0D3
:20406800767382103C028200370F81F06CF90090804F53042800420F60FF3C01DF1504809E
:2040880082103C028200481F370F81F56CF10090404C405F8218D4F2F4C2084F2CC4084FD7
:2040A8003B008000E20FD4F21022911000303023D93D000D89CD880909FF05082CC549DEF9
:2040C800001A89CE8C0909FF52085E1709F40508821540E46DFF50FF09F405088215821642
:2040E80040E46DFF50FF09F4050809F5500840D46DFFC0FF09F40508086540D46DFF93FFB1
:20410800487F6E08C87409F4600809F561086D00240109FF54081E1509FF5508DF1F27801F
:2041280009F4050809F5560809F6540809F7550840D46DFF83FFD4F4084409F505086DFFCC
:2041480041FF09F0570809FFD8081421370F68F037F108F0342F0C21370F82F12C210C231F
:2041680096022C230C2196042C2109FF52085E1E09F40508482540D46DFF4DFF09F4050811
:20418800483540D46DFF37FF3C0D09F40508482540D46DFF38FF09F40508483540D46DFF66
:2041A80022FF09F405088215820640E46DFFCEFE09F405088215820640E46DFFD2FE09FFC0
:2041C80053085E1509C48C096DFFF0FE02823C010090F445DA002C44DA002C45DA146C4292
:2041E800DA0A6C43DA01894F1008DA022C46DA00894F1108DA00894F1208DA01894F1308A6
:20420800DA00894F1408DA00894F1508DA02894F1608DA00894F1708DA00AC4CA00FEC47A2
:20422800DA80894F2008DA00894F21080090404F024FC83409F40508821502F66DFF86FE4C
:20424800C83409F40508821502F66DFF8AFEC8346DFFACFE0090404F024FC83409F4050845
:20426800820502F66DFF72FEC83409F40508820502F66DFF76FEC8346DFF98FE009059444B
:2042880000C00090194F08C0370F78F04B0F41F1194004C0370078004B0041014B0F51F068
:2042A8006D0006004BF241203C0100906DFF2AFE3C010090404F0B54108840F46DFFE4FFAE
:2042C8004B8251007B00F8136B0131004B0071814B0861116B0131007B00F0134B1001F02C
:2042E800370F61F16E02C2186D00C214022A02A46D00BE13DA00BE90DA013E9EDA023E9CEC
:20430800DA033E9ADA043E98DA053E96DA06BE91DA07BE963C1C534920F010F2534920F063
:2043280010FF19FF0CC0378F18F0592F0CC03C1019FF24C0378F18F059FF24C03C0919FFB1
:2043480028C0378F18F059FF28C03C023C0102A46D00AE140090404F0258481F8FCF1F00B2
:20436800481F160F532F2020082F0F2F001082330F23003091A0012FD922F04F534020F00D
:204388001022542F82F0C630260F2631A61F742FC82408CF09F55008A64502F46D00080095
:2043A800C82408C402856D0035000090404F0B4510A849FC100A82404B0A01828F3A00F13A
:2043C800538F20C09140002FD922000E7D2F15806D004E14022F02F46D004A1309F02019D7
:2043E80082110FA1101082F2C621261089F0201902F46D005D14534820F010CFDAFF0FCFFA
:2044080000F00FCB10B002F302B249F240080090404F0B4510886D002B14022A02A46D00EC
:20442800271349FF001ADA084BF801028F7800F1534F2040534020F010FFDA0F0F4F00F0CD
:204448000F49109002F3029249F2400802A46D002F1400902020404CDA084BF401826D008D
:20446800F20E534920F010A2534920F010CF488F742F09CF500816FFC21F4B0F41F14BF2E2
:204488005100534920F010AF14FF163FC21F4B0F41F14BF05100534920F010AF14FF370F33
:2044A80062F39211534920F010AF081F160342F1534920F010AF081F370F62F142F14B0174
:2044C80041F14BF051203C01009020080248405F3705E8FB8B0F20F26E01820949A6000A5A
:2044E800028440F56D003900DA0037F9019014AF37F983900CA137F903920CA237F983934C
:204508000CA337F903950CA437F983960CA537F90398081FAE63DA003C02DA0137F9819932
:20452800DA0037F9019A14FFAE53DA003C02DA0137F9819ADA0037F9019B09FFC008370FC0
:2045480066F3C2FF370F70F037F9859B3789049E02923C010090406C82088209DA084BF49E
:204568000122094F500816FF9210534320F0104F09FF6008163FC21FE2F0534320F0104F27
:2045880009FF6008370F62F39211534320F0104F09FF6108160342F1534320F0104F09FF96
:2045A8006108370F62F142F173100AA0B025405D820B3C4E534B20F010DF54FFE2AF4B0F2D
:2045C80061F17B0000044B0F51C0820D820E3C328210532E20F00FF010004B0041F14BFC14
:2045E80051F07B00F0036B00214F6D003C15FF922180532E20F00FF210F04B0F41F14BCF01
:2046080001F016068B0F20F26E09C2F28B0240F3370F689002E8821D3C0FFF820B809A1224
:20462800C2FF8B0F40F3370F689002E8821D3C04C21EBF8ECFFFF6D382798278532B20F096
:2046480010CF2819532B20F010CF34F8C21BBF3BB3FF0090404C405F7641820854CF6E0182
:204668006D00F10D3C0109CF500816FFC21F4B0F41F14BF251F03C017B00F8034BF05130EB
:2046880048103B800040821502463700E81BBA016E037B00F8037B00F8134B0151703B0036
:2046A80040929B499794024A3C4D4B0A41014B0341004B0751107B00F0236B0221114B01EA
:2046C80031B1DA407FBF05003B0004B03C0973AB0A10FF410400822B3C034EB2821B4B0B04
:2046E80041114B1041006B07311082024B2101F0AE046B0731003C056B0731F067FFBF0FD3
:204708004B9001F06F2F1E804B9001F0AE264B9001F0AE036F060580020902A602B56F0693
:204728001180DA004BF001F0AE27DA004BF001F0370F61F06E03DA003C02DA016E023C0454
:20474800C2FAFF2AB47F3F5409006F0607006F050580025F026502F6DA024BF601229AD2BC
:20476800370F4800C2F5370568F037F80680DA024BF601421A52C2FF370F68F037F80283C4
:204788008E03020F3C02DA0037F802858E0382323C01370268F037F80284088FAE43DA0176
:2047A8003C02DA0037F80186088FAE33DA003C02DA0137F88186089F370FE1F237F801870B
:2047C80002823C0100900248BC416D003C0DDA004BF801F0AE217B0008F44BF841F04BF27E
:2047E80051004B0031F14B0F41F16B0F31F07B00F0134B1F01F0AE244B0031F13C044B0029
:2048080031F1C21F8B1F40134B0161F14BF251F06B0F31F882004B0F01F0AE084B0161F1B0
:204828004BF251F06B0F31583C094B0161F14BF251F06B0F31F867FFBF5F82463C2C4B06E6
:2048480061F14BF841F04BF251F07B00F0036B0021FF4B0F710173600AF04B0F61F14BF291
:2048680051306B0331F882044B4F01F0AE046B0331383C056B0331F867FFBF3F4B5301F0B3
:20488800AE247603023502013705E8FB6E02F6023C06C2163B801FF07F6FD3FFC2F18B0121
:2048A80040233C010090FF440B00538420F0910000F8D9FF6CC110FFD4F23C02A0023C010B
:2048C800009082F282003C17538020F0910000F8D9FF6CC110FFD4FF7D4F0D80538020F068
:2048E800910000F8D9FF6CC110FF481F370F48203C04C210BF40EAFF3C010090494F102A65
:204908003C0554FFB45FB025C2F4FF14FC7F0090494F102A3C0554FF745FB045C2F4FF1448
:20492800FC7F0090494F102A3C0554FF345FB015C2F4FF14FC7F0090DA010F4F10F0370F53
:2049480070F009410819765737017008A6F0370110183C083701700882F2C6F22620370173
:204968001018766737017000A6F0370110103C083701700082F2C62F26F037011010894107
:2049880008190090DA084BF40102534120F0104F49FF241A3C06095FC00874FFB025C2F540
:2049A800FF15FB7F0090DA084BF40102534120F0104F49FF241A3C05545F74FFB045C2F511
:2049C800FF15FC7F0090DA084BF40102534120F0104F49FF241A3C05145F74FFB015C2F560
:2049E800FF15FC7F0090094F4518EE047B1000F03C02DA01CC4D094078080F0F10F06CF1F8
:204A08000090094288093C010090094F4518EE03DA013C037B1000F0CC4D094078080F0F1A
:204A280010F06CF10090404F405C406D0248D4FE40E46D008F050229DF093680ECE2084F7A
:204A480096012CF4E84CA8A8821089F00718E86DA8E848FF6E05C8F240F42D02000009FF25
:204A680049181E1409FF49185E3540F46D0047093C1A09FF4918DE4209E2A80909E4A80995
:204A8800094FD818C2F837087000370F10F0892F981840F46D0033093C06C8AF09E488099B
:204AA8002D0F000002923C01009082020C44AE04D44F481F6E0282123C0100902010404CB4
:204AC800405DD4D2D42FF802C8AFF801D4DFF4CF0CC4B70F01F02CC409DF640889CF081865
:204AE80009DF650889CF091809DF260989CF0C1909DF2A0989CF10190CD8370F61F1D8015B
:204B080009F0510837F0010389F0110849DF1C0AF4AF5E1754FFEE05DA0089CF04183C0741
:204B2800CCD7481F370F68F089CF041809C04418DA084BF00182534920F009A48409104F47
:204B4800029440D56DFF88FD022F6CF809C4441849D5080A4CD109A4840902F56DFFB7FC56
:204B6800022F6CCC821009CF44180FF000008F0001100CD9AE43DA003C02DA0109C444186D
:204B88000F4F10F0D80149FF081A8F000140A640A6F10203021249F2400809CF7308370FEA
:204BA80064F28F7F004109A484096DFF55FC4B0231F189CF0A09D4AF54FFEE07A00FECCF42
:204BC800A00F89CF80193C46D4FF09F2C80989C2F4090CD9370F61F289CF05180CD86F1F5F
:204BE8002280910000F8D9FFAE74ECCF910000F8D9FF928489CF801940C46DFF08FFD4AF6B
:204C0800D4FF09D5600809DA6108DA80C82408C4A6F56DFFCDFBC82408C402A56DFFFAFB86
:204C28003C19A00FECCFA00F89CF8019D4A2D42F09D5600809DA6108D422092F5008C82490
:204C480008C4A6F56DFFB4FBC82408C402A56DFFE1FB09DFC808370F66F389CF06189100C5
:204C680000F8D9FF5C85ECCA910000F8D9FF6A55ECCBD80209FF46186E119110002F09F066
:204C88000518534920F0D80110FF49FF241A530022F0102280FF592F0C0282023C010090D8
:204CA800404C40C46D006211A00FECC7DA8089CF2008DA0089CF2108A00FECC7DA0089CF51
:204CC8002008DA0089CF2408DA0289CF250882FF89CF2609DA0089CF2A0900902040404CFC
:204CE800405DCCD5F80F6D00C30F022802846D00BF0E14FFB70F01F034FF09DF58086E0388
:204D0800DA003C02DA0114F037F081F134FF02846D00CE0F820809D4100909A4BC096DFF9A
:204D280054FD370268F037F80880DA0F37F80485DA0037F8828C09DF59086E03DA013C0247
:204D4800DA0037F8818DDA0137F8048E68484CD489CF0819820009DFC6086E043BF01FF06B
:204D68003C02DA0037F00900820109DFC408EE0409DF66086E02821137108104820109DF2A
:204D8800C208EE0409DF66086E0282113710010509DF5B0837F0020809DF5C0837F00209AF
:204DA80009DF680837F0020D09DF690837F0020E685009DEA009BD0E3B00D4EFBCFF0CE411
:204DC80009E85508C814088408C5A6F56DFFF0FAC814088402856DFF1DFBCCE2BCFF0CEC83
:204DE80009E85508C814088408C5A6F56DFFE0FAC814088402856DFF0DFBCCE4BD0F180050
:204E080009EF140809E85508C8140884370F68506DFFCEFAC814088402856DFFFBFAD4F278
:204E2800D4F40C4408C0370F03F02C24D80FECCAF4CCDA006CC1A00FECC2910000F8D9FFDF
:204E4800AE84ECC5910000F8D9FFB2A4ECC609DF66086E0C910000F8D9FF1485ECC79100F0
:204E680000F8D9FF0865ECC83C0B910000F8D9FF7E45ECC7910000F8D9FF6445ECC89100CC
:204E880000F8D9FF4605ECC909DF6608DF0F8C00DA0189CF061849A4000A9110005F6DFFB6
:204EA800B4F749A4040A49A5000A6DFFFBF709DF250889CF051809CF05182CA8DA0089AF89
:204EC8002708DA0189AF3408DA0089AF0A09DA0089AF2A08DA0089AF2F08DA00ACAFDA008B
:204EE80089AF2308D80F49FF241A80FF89AF0E09DA0089AF2D08DA0189AF3008DA0089AF68
:204F08002108DA0089AF2208DA0089AF20080CD889AF3A0809DFC40889AFB80849C4380A91
:204F280049A5040A6DFF73F709DF240889CF041809CF04182CA8DA0089AF2708DA0189AFF3
:204F48003408D80F49FF102A80FF89AF0A09DA0089AF2A08DA0189AF2F08DA0089AF0E0923
:204F6800DA0089AF2D08DA0089AF3008DA00ACAFDA0089AF2108DA0089AF2208DA0089AFDA
:204F88002308DA0089AF20080CD889AF3A0809DFC20889AFB80849C42C0A49A5040A6DFFF1
:204FA80036F73C04DA0089CF0618BBF0FFFFD80F89FF141909CF46186E4509A4BC096DFF20
:204FC80082FC914000FFD9FF1068538221F010FF3C01823009DF2508370F70F014F1370F41
:204FE80068F037F108F034FF081F370F82F12CF1083F96022CF3081F96042CF109A4BC09B3
:205008006DFF61FC914000FFD9FF1068538221F010FFB04F3C01823009DF2408370F70F002
:2050280014F1370F68F037F108F034FF081F370F82F12CF1083F96022CF3081F96042CF199
:205048003C6D09DFC4086E2109A4BC096DFF3BFC914000FFD9FF1068538221F010FF3C01F5
:2050680009D0480809DFC40814F1370F68F037F108F034FF081F370F82F12CF1083F960279
:205088002CF3081F96042CF109DFC2086E2209A4BC096DFF18FC914000FFD9FF10685382E2
:2050A80021F010FFB04F3C0109D0480809DFC20814F1370F68F037F108F034FF081F370F4E
:2050C80082F12CF1083F96022CF3081F96042CF109DFC6086E2309A4BC096DFFF4FB914077
:2050E80000FFD9FF1068538221F010FF49FF080A3C0109D0480809DFC60814F1370F68F04B
:2051080037F108F034FF081F370F82F12CF1083F96022CF3081F96042CF1D80F09FF530811
:20512800960189FF13080090404F405C40F46D00690FE85CDA0089FF1808DA0089FF190810
:20514800DA0089FF1A08DA0089FF1B08DA0089FF1C08DA0089FF2808DA0089FF2908A002F1
:20516800E88282FF89FF240882FF89FF2508DA0089FF2608BB00C2FB9BEFC3F46CF4009019
:20518800911000CF094804186DFF3DFC402F530822F010C2392F1E02370F61F18B0F2002FB
:2051A800DF100D80530822F010C2530822F010C4394F1F029604E92F1F023C01DF00110042
:2051C80009FF00196E0609F2801940F42D020000084FB70F01F02CF4D4F46D001A02530861
:2051E80022F010CF39FF1E02370FE1F18B0F20F25E1C530822F010CF530822F010C2392F2D
:205208001F029604E9FF1F023C010090404C40C46DFFF9FB402F9110005F09C1051809C6E0
:20522800A80949F7100A530122F01052392F1E02370FE1F18B0F2002DF100D80530122F055
:205248001052530122F01054394F1F029604E92F1F023C01DF001A00530122F0105F39FF5B
:205268001E02370F61F18B0F20F25E1C530122F0105F530122F01052392F1F029604E9FFA0
:205288001F023C011D00BC0009FF49181E1509FF4918DF3F2580530122F0105F39FF1E02DA
:2052A800370F61F18B0F20F25E1C530122F0105F530122F01052392F1F029604E9FF1F025F
:2052C8003C01534120F0105F534120F01052392FC2819602E9FFC2811D00920009FF4918EA
:2052E800DF4F2480530122F0105F39FF1E02370F61F18B0F20F25E1C530122F0105F5301C0
:2053080022F01052392F1F029604E9FF1F023C01534120F0105F534120F01052392FC281E4
:205328009602E9FFC2813C6B530122F01052392F1E02370F61F18B0F2002DF100D80530187
:2053480022F01052530122F01054394F1F029604E92F1F023C01DF00530088AFBF2F5000A7
:20536800530122F01052530122F01054394F1F029604E92F1F02534120F01052534120F06D
:205388001054394FC2819602E92FC281547FEE0C48CF8210370F01F0896F201909FF0C19D8
:2053A800896F24193C2C48CF8210370F01F0896F201909FF4618FF9F0A80D47288AF102FED
:2053C80009FF7FF8896F24193C1A09F04618DA103F0F0D8088AFC2FF532F20F0D47F10FFB3
:2053E80009FFC008896F24193C0A88AFC2FF534F20F0D47F10FF54FF896F24190090404CAA
:2054080009C2A809092FC0188FFF1F813C01BBF0FF0F8920141940C46DFFF5FA402F91108F
:2054280000DF6F08070009FF4A18960189FF0A186F18070009FF4A18960289FF0A186F288B
:20544800070009FF4A18960489FF0A186F78070009FF4A18968089FF0A186F38070009FFC1
:205468004A18960889FF0A186F48070009FF4A18961089FF0A186F58070009FF4A18962014
:2054880089FF0A186F68070009FF4A18964089FF0A18DF08110009FF00196E0609F2801971
:2054A80040F42D020000084FB70F01F02CF4D4F46D00AF0009CF46186E3109C00418530062
:2054C80022F010DF39FF1E02370F61F18B0F20F25E1C530022F010DF530022F010D2392FAA
:2054E8001F029604E9FF1F023C0109C00518530022F010DF39FF1E02370F61F18B0F20F2CD
:205508005E1C530022F010DF530022F010D2392F1F029604E9FF1F023C010090404F40F4B2
:205528006DFF71FA0925AC0940242D050000484FC21F6CF40090404F40F46DFF64FA0925F0
:20554800A80940242D050000483FC21F6CF30090DA01494F0408EE0382023C0282123C01A2
:205568000090404FD4F2D4220924A80949FC180A094F4218370FE3013C0188EF0B0F80F1E8
:20558800370F508054CFEE0A82003C05094110293C01C2103F80FC7F3C2609F04618FF90FB
:2055A8000B80D4C502846DFFBFF9D4C201280026F4C23C1909F04618DA103F0F0C80D4C571
:2055C80002846DFF9DF9532820F0D4C21022F4C23C0AD4C502846DFF9DF9534820F0D4C28A
:2055E8001022F4C288EFA28FACFE88EFEE1009FF00196E0609F2801940F42D020000084F11
:20560800B70F01F02CF4D4F46D0003000090DA006C4100902008404F49FD100AD4F2D42CEF
:2056280009CF4618DF0F7E02911000EF09C4A809F4A46DFF48F9538221F03C0109C805185A
:2056480009C904184DC0E2FF370FE1F78B0F20A23C010D00400300003C0188AFBF2FE50018
:2056680088AF92F0530822F010E2530822F010E4B94F140237007000370F0EF0F92F140262
:2056880009FF4618FF9F10808200530822F010E2530822F010E4394F1602370F83F2E92FB9
:2056A80016023C2109F04618DA103F0F10808210530822F010E2530822F010E4394F16025C
:2056C800370F83F2E92F16023C0E8220530822F010E2530822F010E4394F1602370F83F2D0
:2056E800E92F160254DFEE4049F20C1A802FB70F1C007B0000FDFE014DC0E1FF16073C0161
:2057080049F20C1A8020B7000C0AB770030E7B000011E21FA2F03C0449F20C1A80205308C0
:2057280022F010E259200802820082118222530822F010E21923100237030330371381310B
:2057480037230434530822F010E259231002530822F010E2530822F010E4394F12029610C0
:20576800E92F12023C3A54DFB70F1C007B0000FD7E0F4DC0E1FF16073C0154D0B7000C0A2D
:20578800B770030E7B000011E21FA2F03C0254D0530822F010E259200802820082118202CD
:2057A800530822F010E219231002370303303713813137230434530822F010E2592310024C
:2057C800530822F010E2530822F010E4394F1202B70F01F2E92F1202D4A24922241A530806
:2057E80022F010E4802F594F0C02820082118202530822F010E21923100237030332371337
:20580800813337230436530822F010E259231002530822F010E2530822F010E4394F1F02E2
:205828009604E92F1F0288A0530922F010E2530922F010E4B94F140237007000370F0EF09A
:20584800F92F140209FF4618FF9F10808200530922F010E2530922F010E4394F1602370F44
:2058680083F2E92F16023C2109F04618DA103F0F10808210530922F010E2530922F010E4AB
:20588800394F1602370F83F2E92F16023C0E8220530922F010E2530922F010E4394F160227
:2058A800370F83F2E92F1602486FEE4049F2101A802FB70F1C007B0000FDFE014DC0E1FFB6
:2058C80016073C0149F2101A8020B7000C0AB770030E7B000011E21FA2F03C0449F2101A98
:2058E8008020530922F010E259200C02820082118222530922F010E2192310023703033243
:205908003713813337230436530922F010E259231002530922F010E2530922F010E4394FB5
:2059280012029620E92F12023C3B486FB70F1C007B0000FDFE004DC0E1FF8F7F00013C01AA
:20594800486FB70F0CFAB77F031E7B0000F1E2F0A2013C024861530922F010E259210C02B5
:20596800820082118202530922F010E219231002370303323713813337230436530922F069
:2059880010E259231002530922F010E2530922F010E4394F1202B70F81F2E92F1202530960
:2059A80022F010E2530922F010E4394F1F029604E92F1F02BBF0FFFFD4A4894F14196DFF6B
:2059C80082F79140002FD9221068538221F010223C010C2396022C23D4A46DFF74F7914048
:2059E800002FD9221068538221F01022B0423C010C2396022C23D4A46DFF65F79140002F60
:205A0800D9221068538221F010224922080A3C010C2396022C23530922F010E2530922F055
:205A280010E4394F1F029604E92F1F02534920F010E2534920F010E4394FC2819601E92F36
:205A4800C28188AFBF2F2B00530822F010E2530822F010E4394F1F029604E92F1F025348D4
:205A680020F010E2534820F010E4394FC2819601E92FC28109FF4818EE0948CF8200370F82
:205A880001F0D4AF89FF20193C0848CF8210370F01F0D4AF89FF20193C3F54DFEE0E48CFA0
:205AA8008210370F01F0D4A2892F201909FF0C19D4AF89FF24193C3048CF8210370F01F0ED
:205AC800D4A2892F201909FF4618FF9F0B80D4D288AF102F09FF7FF8D4AF89FF24193C1C8D
:205AE80009F04618DA103F0F0E8088AFC2FF532F20F0D4DF10FF09FFC008D4AF89FF24191D
:205B08003C0B88AFC2FF534F20F0D4DF10FF54FFD4AF89FF241976A30D0000031D00EE00FB
:205B280088AFBF1FEB00D4F2D422092CA80909FF7308370F644209CF421816073C018B4FE6
:205B4800000109FF47185E12C2F088AF7E02C2F088AF0B0F80F1370F5080BF18CF0088AF95
:205B68005280A8A088AFEE0382113C02820109FF4718DE11BF28100088AF6E0D4DC0E20F8A
:205B88003700E1078B0020923C010D00400300003C013C084DC0E20F3700E1078B00209239
:205BA8003C0109FF4718DE14820089F0071809FF4818EE0848CF8200370F01F089CF20196E
:205BC8003C0748CF8210370F01F089CF201954DFEE1E09F00C19DF01130082013C0489C0AD
:205BE8002419C2119AF83FF1FC7F48CF8211371F01F089CF201989C024193C08DA003C04EA
:205C080089C02419C21F3F8FFD7F3C7409FF4618FF9F2480DF011800BF280800D4D59AF851
:205C280040C402F56DFFD1F648CF8210370F01F089CF2019D4DF01F800F609FF7FF889CF44
:205C480024193C06D4D540C402856DFFBEF6D4DF01F800F6F4DF3C4E09F04618DA103F0FDB
:205C68002780DF011A00BF280800D4D59AF840C402F56DFF89F648CF8210370F01F089CF33
:205C88002019C2F8532820F0D4DF10FF09FFC00889CF24193C0BD4D540C402856DFF74F606
:205CA800532820F0D4DF10FFF4DF3C24DF011900BF280800D4D59AF840C402F56DFF75F667
:205CC80048CF8210370F01F089CF2019C2F8534820F0D4DF10FF54FF89CF24193C0BD4D54C
:205CE80040C402856DFF61F6534820F0D4DF10FFF4DF76930D00000300902008404D49DF88
:205D0800100AD4D2D42C8CDA82404B0F0102F6188CDA82404B0F0102370068F03C088CDA6A
:205D280082404B0F0102370068F0C21F370F688009DF49189E4B8CDA3B0001004B0F01026D
:205D4800F6198CDA3B0001004B0F0102370068F03C098CDA3B0001004B0F0102370068F0CB
:205D6800C21F42F8C2F83708688009CF4618DF0F2102911000EF09C4A809F4A46DFFA3F52E
:205D8800538221F03C0109C9051809CA04184DC0E2FF370FE1F78B0F20B23C010D004003F5
:205DA80000003C01530922F010E2530922F010E4B940140237800E00F920140282205309DB
:205DC80022F010E2530922F010E4394F1602370F83F2E92F160254FFB70F1C007B0000FD1D
:205DE8007E0F4DC0E1FF16073C0154F0B7000C0AB770030E7B000011E21FA2F03C0254F0DD
:205E0800530922F010EF59F00802820082118202530922F010EF19F31002370303303713DF
:205E2800813137230434530922F010EF59F31002530922F010EF530922F010E2392F120202
:205E4800B70F01F2E9FF120209DF49189E4DD4AF49FF1C1A530922F010E280FF592F0C02DB
:205E6800820082118202530922F010EF19F31002370303323713813337230436530922F087
:205E880010EF59F31002530922F010EF530922F010E2392F1F029604E9FF1F028CDA82407C
:205EA8004B0F0102F6188CDA82404B0F0102370068003C088CDA82404B0F010237006800E3
:205EC800C210530A22F010EF530A22F010E2B92F140237007000370F0EF0F9FF1402822080
:205EE800530A22F010EF530A22F010E2392F1602370F83F2E9FF16024CD6EE4049DF101AEE
:205F080080FFB70F1C007B0000FDFE014DC0E1FF16073C0149DF101A80F0B7000C0AB770A4
:205F2800030E7B000011E21FA2F03C0449DF101A80F0530A22F010EF59F00C02820082114D
:205F48008222530A22F010EF19F31002370303323713813337230436530A22F010EF59F34E
:205F68001002530A22F010EF530A22F010E2392F12029620E9FF12023C3C4CD6B70F1C008E
:205F88007B0000FDFE004DC0E1FF8F7F00013C014CD6B70F0CFAB77F031E7B0000F1E2F0C7
:205FA800A2013C0309D11809530A22F010EF59F10C02820082118202530A22F010EF19F323
:205FC8001002370303323713813337230436530A22F010EF59F31002530A22F010EF530A0F
:205FE80022F010E2392F1202B70F81F2E9FF1202530A22F010EF530A22F010E2392F1F028C
:206008009604E9FF1F02BBF0FFFFD4A4894F14196DFF59F4914000FFD9FF1068538221F0F0
:2060280010FF3C01083F96022CF3D4A46DFF4BF4914000FFD9FF1068538221F010FFB04FD7
:206048003C01083F96022CF3D4A46DFF3CF4914000FFD9FF1068538221F010FF49FF080A7A
:206068003C01083F96022CF3530A22F010EF530A22F010E2392F1F029604E9FF1F02534A45
:2060880020F010EF534A20F010E2392FC2819601E9FFC28109DF4918DF3F308009D0940851
:2060A800DA103FF00A0009D0F208DA0F37F085F389DFB2083C0B09D0F2088CDAC2FF370FB1
:2060C80070F037F085F389DFB20809D09408DA103FF0090009DF7008B70F01F089DF300849
:2060E8003C0609DF7008960189DF300809DF7208964089DF32083C3709DF4918DF1F248087
:2061080009D09408DA103FF00A0009D0F208DA0F37F085F389DFB2083C0B09D0F2088CDAE2
:20612800C2FF370F70F037F085F389DFB20809DF7008960189DF300809DF7208964089DFF8
:2061480032083C1109DF7008960189DF300809DF7208964089DF320809DFF208B70F85F31F
:2061680089DFB208530922F010EF530922F010E2392F1F029604E9FF1F02534920F010EF51
:20618800534920F010E2392FC2819601E9FFC28109DF49181E464CDCD4AF89FF1C193C0596
:2061A8004CDCD4AF89FF201976B30D0000033C010090913000FFD9FF300654F8370864F0B8
:2061C800EE0382023C096D003E00370864F04B0F41F14BF251203C010090913000FFD9FF20
:2061E800300654F8370864F2EE0382023C096D002A00370864F24B0F41F14BF251203C0123
:20620800009002486D0050018200DA003E84DA013E873C0B913000FF19F000263C089130E5
:2062280000FF19F004263C0382023C0176094B0061F17B0028044B0F51F04BF241203C01EB
:2062480000906D00DA00913000FF39FF3106370F6402DA003E0CDA01BE0BDA02BE0EDA0337
:206268005F0F2100DA045F0F23003C26913000FF39FF0C16160FEE023C0A913000FF39FF49
:206288000C16160F4B0F41F14BF251203C177B0017F44BF251203C127B001FF44BF2512064
:2062A8003C0D7B0027F44BF251203C087B002FF44BF251203C0382023C013C01009091005B
:2062C80000F6D9FF000054FF4B0F61213C010090913000FF39FF3706370F62F2EE06BB006E
:2062E800C22B9BE2CB243C11913000FF39FF3706370F62F25E19910000F6D9FF000054FFF8
:206308004B0F61213C0282023C010090913000FFD9FF00066DFFDEFF09FF640816015E1A20
:2063280009FF6E08167FC21F4B0F41F14BF251203C2409FF6408370FE1F15E1EBB00C20B37
:206348009BE0CB0409FF6C08167FC21F4B0F41F14BF051203C1209FF6908370FE5F0C21FFE
:206368004B0F41F14BF2410009FF6C08167FC21F4B0F41F14BF051203C010090913000FF54
:20638800D9FF00066DFFA6FF09FF540816015E1A09FF5E08167FC21F4B0F41F14BF25120F5
:2063A8003C2909FF5408370FE1F15E1EBB00C20B9BE0CB0409FF5C08167FC21F4B0F41F138
:2063C8004BF051203C1709FF5908370FE7F0C21F4B0F41F14BF2411009FF5C08167F921092
:2063E80009FF5B08160FC21FE2F04B0041F14BF151203C010090913000FF39FF3306370FE4
:2064080062F282003E0482103E083C0ABB00C22B9BE2CB243C013C066DFFB2FF3C038202CB
:206428003C013C0100906DFFE8FF913000FF39FF3106370F6402DA003E0CDA01BE0CDA0277
:20644800BE0FDA035F0F2200DA045F0F24003C27913000FF39FF3206160FEE0382023C0A17
:20646800913000FF39FF3206160F4B0F41F14BF251203C177B001FF44BF251203C127B002D
:2064880027F44BF251203C0D7B002FF44BF251203C087B0037F44BF251203C0382023C01FE
:2064A8003C0100906DFFA9FF913000FF39FF3106370F6402DA003E0CDA01BE0CDA02BE0FA6
:2064C800DA035F0F2200DA045F0F24003C27913000FF39FF3106160FEE0382023C0A9130A4
:2064E80000FF39FF3106160F4B0F41F14BF251203C177B001FF44BF251203C127B0027F454
:206508004BF251203C0D7B002FF44BF251203C087B0037F44BF251203C0382023C013C015B
:206528000090404F820891000026D922000009FF0819742F6D009C0302296D00AD03022AAC
:2065480002946D0095029130002F392F3046370FE1B19130002F392F304696089130002F97
:20656800E92F304602946D00A30302A46D00A8023C019130002F392F3306370FE1F3EEFA4F
:206588009130002F392F3306B70F02F29130002FE92F33069130002F392F3306964091303F
:2065A800002FE92F33069130002F392F180696109130002FE92F18063C019130002F392F7C
:2065C8003306370FE1F3EEFA9130002F392F3706B71F02F29130002FE92F37069130002FE4
:2065E800392F370696409130002FE92F37066D00B001A62802A46D008203DF087E8102A4C3
:206608006D005E023C019130002F392F1406370FE1F26EFA9130002F39201C0608AF37F02C
:2066280007F09130002FE92F1C069130002F39201B06088F37F004F09130002FE92F1B06EC
:206648009130002F39201906089F37F087F09130002FE92F19069130002F392F1806964012
:206668009130002FE92F18069130002F392F1A06B70F01F09130002FE92F1A069130002FA5
:20668800392F180696209130002FE92F18069130002F392F1A0696019130002FE92F1A0659
:2066A8009130002F392F1A0696049130002FE92F1A06BB70714B9B1485436D00A7013C01E8
:2066C8009130002F392F1406370F61F16EFA9130002F392F1806B70F01F09130002FE92F0B
:2066E80018063C019130002F392F3306370FE1F3EEFA9130002F392F3306B71F02F2913088
:20670800002FE92F33063C019130002F392F3306370FE1F3EEFA48346D0078019130002FCF
:2067280019203006485F82F1C61F26F0485F4841261FA6F0DA0137F0020EDA0137F0010F9E
:206748009130002FD922300674203C019130002F392F3706370FE1F3EEFA9130002F19207F
:206768003406487F82F1C61F26F0487F4861261FA6F0DA0137F0020EDA0137F0010F913072
:20678800002FD922340674203C019130002F392F0316370FE1F3EEFA9130002F192000160A
:2067A800489F82F1C61F26F0489F4881261FA6F0DA0137F0010F9130002FD922001674204A
:2067C8003C019130002F392F0F16370FE1F3EEFA9130002F19200C1648BF82F1C61F26F035
:2067E80048BF48A1261FA6F0DA0137F0010F9130002FD9220C1674209130002F19200026C4
:2068080048DF82F1C61F26F048DF48C1261FA6F09130002FD922002674209130002F192002
:20682800042648FF82F1C61F26F048FF48E1261FA6F09130002FD9220426742002A46D006A
:206848005E029100802F192F140209F0041982F1C610260F09F0041982F1C610260F09F011
:20686800041909F100192610A60F02946D0000019100802FD9221402742F02946D001802E0
:20688800820C3C3702A46D001B013C019130002F392F1406370FE1F26EFA9130002F392047
:2068A8001C0653CC20F0C8121022142F37F007F09130002FE92F1C0602A46D00200253CC94
:2068C80020F0C81210224C226E0953CC20F0C8121022092288092D02000053CC20F0C81280
:2068E8001022092402096D009100C21C370C68C014FF3FFCC9FF02A46D00E200913000FF14
:2069080039FF1806B70F01F3913000FFE9FF180602A46D00F40102946D00AA00913000FF24
:2069280039FF2C469608913000FFE9FF2C46913000FF39FF304637BF81F1913000FFE9FF6F
:20694800304602946D00B40102823C0100903B00288082096D008C01022A913000FF39F033
:206968001006B7008202913000FFE9F01006913000FF39F01206910000F6D9FF000054F16A
:206988003B005AF29B6F02F04BF111229AF2370F68F037F005F0913000FFE9FF1206913036
:2069A80000FF39FF10069604913000FFE9FF10063C05C2F8F68382193C0D913000FF39FFDA
:2069C80010066F1FF87F913000FF39FF11066F0FF27F02A46D004C00913000FF39FF2C46CD
:2069E8009608913000FFE9FF2C46913000FF39FF30469608913000FFE9FF304602A46D009A
:206A0800570102923C01009002486DFFF6FC913000FF39FF3506160F4B0F41F14BF251F0AB
:206A28003C014B8F41F04B0F71F185F110003C0185F01000A2103FF0FDFF0090DA018B042B
:206A480001000F0F10F0913000FF59FF24860090DA010F4F00F0913000FF19F0208626F00F
:206A6800760382123C0282023C0100904DC0E1FF16073C0153CF20F060FF9130003F30F377
:206A8800D93F004654FF2E1B8F2420F0960154F0370070088F002100A60F74FF86248F2472
:206AA80040F154F0370070088F002100A60F74FF3C0154FF1601DF1FFE7F0090913000FF60
:206AC80019FF30366F1F12008F2420F09601913000FF19F03036370070088F002100A60FF3
:206AE800913000FF59FF303686248F2440F1913000FF19F03036370070088F002100A60F3F
:206B0800913000FF59FF30363C01913000FF19FF30361601DF1FFB7F00904DC0E1FF16074B
:206B28003C01913000FFD9FF004653CF20F010FF54FF2E1B8F2420F0960154F03700700808
:206B48008F002100A60F74FF8F2420F0960254F0370070088F002100A60F74FF3C0154FF9F
:206B68001601DF1FFE7F084F96082CF454FF2E1B8F2420F0960154F0370070088F002100CD
:206B8800A60F74FF86248F3440F154F0370070088F002100A60F74FF3C0154FF6F0FFF7FD0
:206BA8000090913000FF19FF30366F1F12008F2420F09601913000FF19F030363700700827
:206BC8008F002100A60F913000FF59FF30368F2420F09602913000FF19F030363700700891
:206BE8008F002100A60F913000FF59FF30363C01913000FF19FF30361601DF1FFB7F9130DF
:206C080000FF39FF34369608913000FFE9FF3436913000FF19FF30366F1F12008F2420F07A
:206C28009601913000FF19F03036370070088F002100A60F913000FF59FF303686248F3487
:206C480040F1913000FF19F03036370070088F002100A60F913000FF59FF30363C0191303C
:206C680000FF19FF30366F0FFC7F00904DC0E1FF16073C0153CF20F060FF9130003F30F30B
:206C8800D93F004654FF370F6EF18FFF83213C013C010090913000FFD9FF303654FF370FC3
:206CA8006EF18FFF83213C013C0100904DC0E1FF16073C0153CF20F060FF9130003F30F336
:206CC800D93F004654FF2E1B8F2420F0960154F0370070088F002100A60F74FF86248F3420
:206CE80040F154F0370070088F002100A60F74FF3C0154FF6F0FFF7F0090913000FF19FF9C
:206D080030366F1F12008F2420F09601913000FF19F03036370070088F002100A60F913007
:206D280000FF59FF303686248F3440F1913000FF19F03036370070088F002100A60F9130EC
:206D480000FF59FF30363C01913000FF19FF30366F0FFC7F0090F647094F40189601894F0E
:206D680000183C08DF140780094F40189604894F00180090F647094F7C089601894F3C089F
:206D88003C08DF140780094F7C089610894F3C080090FF240B00538420F0910000F8D9FF89
:206DA8007CE110FFD4F23C02A0023C01009082F282003C17538020F0910000F8D9FF7CE102
:206DC80010FFD4FF7D4F0D80538020F0910000F8D9FF7CE110FF481F370F48203C04C21099
:206DE800BF20EAFF3C010090404C405F09C0380909C13C0914FFEE0C083F37F00500082FFB
:206E080037F00504081F37F1011182183C0F14FF5E1C083F37F00508082F37F0050C081F56
:206E280037F1011382183C02820889C13C0989C0380940C46DFFBDFF09FFC8086E26081FD4
:206E4800EE099140002FD9225028538220F010223C099140002FD9225028538220F01022DA
:206E6800B04208A009FFC8081421370F68F037F108F0342F0C21370F82F12C210C23960248
:206E88002C230C2196042C2108264CC4820102F009C32C0982020F20A0400F31A0503C01D3
:206EA8006DFFCED93C0114FF534F20F010C28922300914F440C46DFF50FF14F440C46DFFC0
:206EC8005BFF08264CC4820102F009C32C0982020F20A0400F31A0503C016DFFB1D93C0169
:206EE80014FF534F20F010C2481F42F28922300902823C010090025FC234B70402003700D8
:206F080050808BC801008B8000406D00DE1ABC2640240B8F10486D0004003C010090C23429
:206F2800B70402F0370F5000DA00894F1808DA01894F1908804F8BCF01F0C27FB70F03F04C
:206F4800744FDA00AC42DA00AC47DA00894F0A09894F0609DA00AC49AC488940940889452F
:206F6800960840423C010090F445DA006C410C4896012C480C4896022C480C48B70F01F191
:206F88002C480C48B70F81F12C480C48B70F01F22C480C4896202C480940C808DA0837F054
:206FA80006F3AC440C49B70F01F22C49DA00894F0E09DA00894F1209DA00894F0A090C49AD
:206FC800B70F81F22C490C49B70F01F32C49094F5808B70F01F0894F1808094F5808B70F92
:206FE80081F0894F1808094F5808B70F01F1894F1808094F5808B70F81F1894F1808009040
:20700800DA00344FDA00AC41DA00AC42DA00AC43DA002C48DA00AC45A00FEC43DA006C4432
:2070280000908F841EF08F0F0801B70408FC3704E81BB71F812BDA7F7FF104808202009010
:20704800DA967F1F048082023C068B6109F1325F0FF20020370248207604325237024820F8
:207068000090B70408FC3704E80BB71F811BDA7F3FF00580DA967F0F0480820200908B608B
:2070880009F1325F0FF10010370168200090B70408FC3704E80BB71F814BDA7F7FF0048022
:2070A800D2020090DA967FF0078082058B6009611DFFC6D882058BA016601DFFC2D8B704CF
:2070C80008FC3704E80BB71F811BDA7F3FF00580DA967F0F0480820200908B6009F1325FEB
:2070E8000FF100103701702000908B0420F28B0500F5EE0A7B0008008203B700892B8F738D
:2071080001F0A6F2009082029B02F02FBBF0FF3F9BF3FF3F0F2480000F358010BA008B018C
:2071280000F4EE4C3B7001800B451068BB00FF1F9BF1FF1F8F0400012651BA008B0100F45D
:20714800EE2182019BF1FF1F8F0400012651BA008B0100F4EE098F751E10774580430215E7
:207168003B0003803C0F8F351F107745804902153B4002803C078FF51F107745804F0215DA
:20718800C2180F2480000F3580108B0020F28B0100F5EEF202490B6710A8D2148B881E609C
:2071A8006DFF4FD80F2A80000F3B8010BA008B0100F4EE2B3B0008703C293B600930BB00A7
:2071C800000F9BF00F0026408F0500118B0020F28B0100F5EE073BA00830774500568FC468
:2071E800004082009B00080082013C05C2F37745805006140B0430F10B1500F20B15A0F20F
:20720800EEF602401DFF7BFF82078BF29F008BF3BF1026A026B1BA008B0100F4EE038F075A
:2072280044718BF80760820402951D00631E3BD03CF19B4FEDF34BF401F02E031D00391F14
:207248007B00F803BBA027F89BAF01F44BF401F02E2C3BB0FDF09B9FFCF34B4051406D00E3
:20726800281F6B02312F00906B0031F46B0021044B0F51406D001D1F3BB0FDF09B9FF4F3B5
:207288006B0F2122009091100048D944780F1D0002008208404F8209820A820BC81CC82D57
:2072A800483C09FF1001DF1F238080CF160180D08F100001FE046E04C2FC04DF24CF76CFE5
:2072C8008F3C00018FEC1FF06E0902F140D2C2F16014442164C1FC4E90DD020CDF0CE07F14
:2072E800C2FC60C204DF24CFFC2E3CD9DE2580CF2E03C2FC24C9DF0CD37F8F3C00F106EC78
:2073080076C5C2FC60C264CAFC2F6EC9C2FF60F224CBFC2F3CC48F0F1F00DF002E008F3FF5
:207328000001DF102B8080CF8F3F00D180DF1603FEDB76DB02D440C440D56D000F0701CDDA
:2073480000C601DD00D6A2DC76CF8F3C00018FEC1FF06E0902F140D2C2F16014442164C165
:20736800FC4E90DD020CDF0C9B7F02C440C440D56D00F4063C9400901603DF2F91FF80CF8F
:2073880016036E0702F440C46D00D10610CCA2FCDF0C867F8F3C004106EC76C5C2FC60C296
:2073A80064C8FC2FDF047C7F40C46D00C0061DFF77FF205089A4380989A62C0989A7340918
:2073C800DA01A00F820909AA1019780C89A9081989A9280902A089A90019B70089FBF80654
:2073E80078113700E8FB78080258404C029D405D8BFF0FC27B00F8B376C658116E04029C0A
:2074080009AD30095808BA0F7813F68A3B700600580B3E043B7004007E0382183C23580D5D
:207428006F5F21803B100600580B3E043B100400FE095811EE0382083C1582788F3F00008C
:2074480082013C06C2F88FC31F107723000E0B011028FBF0000026202631BA008B0100F476
:20746800EEF2DA00780F02A46D0035087625DA2D780F67AABFAFEE0E580D8F8F0101DA0868
:207488007E03DA2B3C068B000102580FAB0FA2F0780F09A00019AA1089A00019DF0D160094
:2074A800580B910000F8D9FF98A110FF081F2E37910000F8D9FF88A1F8063C1B910000F8C4
:2074C800D9FF8CA1F8063C15DF0C1D00580B910000F8D9FF98A110FF081F2E36910000F828
:2074E800D9FF90A13C05910000F8D9FF94A1F8065810BB90FF0F9239580D260F780D1D00DE
:207508008C013B100600580B3E053B1004005F0F27805808AB1F18FF780858109230F68317
:20752800580D2E22C210428058083BC0F91FC2207FF106003B4006103F1F0400DA033C0A19
:207548003B60FF1F7FF106003BA000103F1F0400DA02780C580C12091D005F01580849AFF3
:207568000A0A6E7549A4140A02A46D00041A09AC1409022A370CE8FB82006E55BBF028ECA8
:2075880049AE130A7B0012D49B5ECFE33C3F49A20A0A7D2E0C8049AF120A49AE130AA072D8
:2075A80009F03FF489E03FF4FC2CBBD0CC0C58059BC0DC0349A4140A4B0F41406D00DB1992
:2075C80089A20609DF0914806B0E21F24BDB41B04BDF41406DFF27FD762A4BBC514049A4EA
:2075E800140A82196D00C71989A2060909AF06096B0E21FF4BDF41406DFF15FD8B0203F03A
:2076080089EF3FF4580AC21F780A5805370FE8FBEEBF3C0304EF24FF49A2130A012E20F41F
:20762800EEFA3C154B0A01F06F2F12007B0012043C064B0A41A0580AC2FF780A4B0A41F0DF
:2076480089AF06094BBF01F06F0FF5FF3B600610580B028082093E143B6004107E13580A59
:2076680012803B500610580B3E143B5004107E12C210CE03DA003C038B7000F310A2492E18
:207688000A0A3C117B0012F449A4060A4BFA41406D007119022A09A406096DFFC4FC8B02A5
:2076A80003F024FF01FE20F4EE0649A2130A012F20F4EEE909EF000840EFC25F3C0A49AFF4
:2076C8000A0A01EF30F4EE0740EF09EF3FF4C21F34EF3C08DA3134EF49EF010A580AC21F2F
:2076E800780A09E00008DA393F0FEB7F89F93FF049A20A0A012F20F4EE0609F00008DA3051
:207708005F0FF67F3B500600580BBE013B5004003E0E3B6006005F0F3C003B6004005F0F98
:207728003800580A3FF80400FFDF330058103B50062049AF0A0A9210580B09A10A083E2413
:207748003B5004207E2C761349AF0B0A14FFEE04580DAE227682C21042803C17028276150A
:207768008BF81F2049AF0B0A14FFEE03580D2E22C21082013C0814FFEE03580D2E23C21054
:20778800B01FC2113F21F97F8B4000903C453B600600580B3E043B6004007E0F09A028093F
:2077A800FA10AB10A09F581042F9F684580D6F2F34001A8992193C300280580A49AF0A0ABF
:2077C8004EF4581092193C0D09A1280958101219021F14F17612B01FABF01F00C2FFEEFAB5
:2077E80014FF6E02F604580D6F2F1700580AC219325F3C04C2FFC219C2F07607FF1FFC7F78
:207808003C04C219B01FC2F0760314FFEEFB580D16042B09009F580F6E0D580D16036E0A25
:2078280061FFCBD509A43C0940C46D005304DA00780FD806BD0F1A803B100600580B3E04EB
:207848003B100400FE02580D16036E0F54DFC22F61FFA0D56D003E04580B40C48B7F01407C
:207868006D003804DA017812580D6F0F1680580EA29F3C0F61FFA1D5580D40C416028B0F96
:2078880020F2864F8B0F02406D002404580EC2FF780EFF1FF17F580F6E0861FF8ED509A400
:2078A8003C0940C46D001604D806BCFA40F440C56D001F0454DFC23F74DF1D008A013B1019
:2078C8000600580B3E053B1004005F0F9F808F28200058138B7001018B1F03A1BF1022009A
:2078E8008201DA177FF00800821258110F021020262F6E02821182F2C2F00F0200F0C6F220
:20790800F6145811262F6E045811A62F78115811C21F7811EF7F0600DA0078113B2003A0B6
:207928005812EE0D54DFC22F61FF34D56D00D203580B40C48B7F01406D00CC0361FF3DD5AB
:2079480002A440C46D00C603F683580D2E2561FF2ED56D00BF0358113B8001B054D08F1FD5
:2079680000A0428074D03C183B000340DF0B1100C2CB02B032500F0A00F0160F8B0F0340C0
:20798800DA397F4F0600580B8B6F1CF042F440C46D00A003C2F8FF18E97F580B40C48BFF1B
:2079A80000406D0097035808CEF63BD00240325F78083C033BB0024040C46D008B03580C27
:2079C80054D0C22F42F0580C820110AF34F13BA00010580CC2FF370F68F0780C10AF58083C
:2079E8004B1F01228B0303F034FF09A220094B12012289A26009DF02EEFF74D040A440C55B
:207A08006D0077031D00E5003B50060049AF0A0ABE013B5004003E0E3B6006005F0F7800B7
:207A28003B6004005F0F7400580A3FF80400FFDF6F0009A00A08580AAB1F20A076093B7002
:207A48000610580B3E143B7004107E12C2F861FFB4D476063700684049AF0B0A3C033B0080
:207A6800034040C46D00360314FFEE0B580DAE29768C3B500600580B3E043B5004007E057F
:207A880061FF95D46D002603820B3C1A09F00008F60A580DAE283B500610580B3E143B507F
:207AA80004107E1D61FF89D4760537006840B01F3C033B00034040C46D000C03C21B3F8B45
:207AC800E77F61FF7AD4580B40C48FDF0F416D000103C2FA54DFC21F0EA43BB002403C0405
:207AE800325A3BD0024074DF40C46D00F30261FF56D48B00034040C46D00EC0261FF4FD4B2
:207B08008B01034040C46D00E5023C6209AA28094EA854DFC21F61FF3DD46D00DB023C199A
:207B280054D0C21074D014F47643B01F3C033B00034040C46D00CE023B600600580B3E062D
:207B48003B6004003E03ABF81F88C2FAFF1AEA7F3B600600580B3E063B6004003E0314FF7A
:207B68006E02F684580D6F2F340061FF26D4580A3BE00240325F3C0854D03B000340C2107A
:207B880074D0C2FFC2F840C46D00A402768BFF1FF57F3C0861FF11D404F440C46D009A02E6
:207BA800C2F8768314FFEEF73B600600580B3E0E3B6004003E0B580D2E2B3C0854DFC21FC4
:207BC80061FFE8D36D008602C2F8DF08F9FF580EA29F3C0A54D03B00024040C4C21074D04C
:207BE8006D007802C2FFFF1FF77F00902010404C405D89A68C09DA00780209D40008DF0478
:207C08005002DA257E4409D001047E08B01D49A5080A40C46D0054023CF1820A0BAA10884B
:207C280009DF01003BD002007E048F1A40A13CF93BB002007E07BBF0FE0F26A08F8040A125
:207C48003CF03B0002007E066F3AECFF8F0A41A13CE83B0003007E048F2A40A13CE23B3019
:207C680002007E048F4A40A13CDC3BA00200FE03D803B04FF80309F83CF9CE848F1A40A1E1
:207C8800325809DF01003C0D13A820FF8B0F1D8009DF01008B0F1D0037006800BFA0F6FF7C
:207CA8003BE002005F0F23808F0A42A109DF01003BA00200FE05D803B04FF80309F93CF93D
:207CC800CE968F1A40F1BBF0FDAF26FA09DF01003C0D13A920FF8B0F1D9009DF01008B0F10
:207CE8001D0037006800BFA0F6FF3BC006007E048F0A48A13C1E3B8006007E048F0A44A14C
:207D08003C183BC004007E048F0A50A13C123BA006007E04B71A81A43C0C3BA007007E04A9
:207D2800B71A01A53C063B400700FE01B71A81A53BC006003E043B8006007E0709D00008A0
:207D48007E04B71A01A6B01D09DF01003B3006005F0F2F808F1A00F1EE0E3C093B00024085
:207D680049A5080A40C46D00AB01C2F87F890400FF28F67FD80340C449A5080AB04FF803A3
:207D880009F03CF9370048406D009A01DF0F377F3C093B00024049A5080A40C46D0090017E
:207DA800C2F87F892C7FFF28F67F1DFF28FF3B400600BE013B9006003E0E3BF006003E0B98
:207DC8003B8007003E083B8005003E053B5007005F0F598082023B4006003E043B9006009F
:207DE8007E0282123B0008010F0A80105F0104006F9A05003B8000003C0282403B80001082
:207E08005F100980D80349FF080AF80309F078F93C15D803B04FF80309F03CF90B00000861
:207E28000B0110483B0004010F0A80105F010D807628370448000B0000080B0110483C1319
:207E4800370468403C0F3B0004005F010B807626370450000B0000483C06370470403C02DD
:207E6800F62282056F5A0600BBD0FF0F260A3C0282190BFA106889A440090B8910481D00EE
:207E8800CB003B300700FE066F5A0680BBF0FF9F9BF9FF97D8030BA8104840C5029649A665
:207EA800080AB04FF80309F4BCF96D00CC021DFFA6FE3B600600BE063B600400BE033B50B1
:207EC8000600BE003B5004003E0D3B7006003E0A3B7004003E073B1006003E043B1004002D
:207EE8007E0DD8038F0A0211AB698091B04FF80302F609F03CF974A03C2C3B200700FE083F
:207F08006F6A0800D803B04FF80309F03CFA3C06D803B04FF80309F03CF98F0A02F1EA6950
:207F2800DA004BF051F174AF3B6006603C123B200500FE09D8038F0A02F1EA6949FF080AF5
:207F4800F80309F478F96DFF5DD13B60066074A20B89104849A5080A02A740C46DFF2BFAD5
:207F68001DFF4DFE3B0007005F0F5D806F8A45006F0A0E80DA113C093B00024049A5080A13
:207F880040C46D009D00C2F83F8FF8FFD803A03E49FF080A09FF3FF449A5080A370F684010
:207FA80040C46D002101FCE73BA0034049A5080A40C46D008500D803A03E49FF040A09FF18
:207FC8003FF449A5080A370F684040C46D000C01FCE7DA113C093B00024049A5080A40C466
:207FE8006D006E00C2F83F8FF8FFD80349FF080AF8031DFF04FED8033B8000400245B04FB5
:20800800F8038F2A407109F03CF9820189A040093B80076049A5080A40C46D0000011DFF20
:20802800EEFD3BE006005F0F37803B0008010F0A80F03E036F9A0E00D803B04FF80309FF05
:20804800BCF909A00809820189F040091DFFD7FD3B000401260ADA407EAAD803B04FF803ED
:2080680009FFBCF95802B4FF1DFFC9FD5F0A0B80D803B04FF80309FFBCF9580234FF1DFF1D
:20808800BEFDD803B04FF80309FFBCF9580274FF1DFFB5FD910000F6DA1959FF1C3009A227
:2080A80008090090910000F6DA1759FF1C303B0004406D000C007B00FC27009037046840F2
:2080C800545FC21F745F1D000500BA0492F20090D44FBCF440F41D000117CC414C4280F0F6
:2080E8007FF0068034F4CC41B01FEC410090404F405C3C06370F684040C46DFFEBFF09FF05
:208108000100EEF900903704E82BB704894B8BF20F228B04002400903704E82BB704894B34
:208128008BF20F228B04202400903BF00F00804F1603063F0FF0100082FFC6F0C2F4604F14
:20814800804FB70F02F060F2B014542F260F742F77000004FCF60090804F16033BF00F0000
:208168008F3F00100F10100082F1C610C2F4604F8041B7010220095101008F3F0030B01484
:208188000F3110106022C21F542216032602A612742277000004FDF0ED7F0090404F0B45CC
:2081A80010A849FD160A026840FCDA0034DF820702860BAB10486DFF69D023820A0A0B235B
:2081C80010A88BA060F2CA708B0003F089DF3FF48B0220F28B0300F5EEEB04DF24FFEEFE22
:2081E80040C200900248404F8FC83F40405CDA090B4F2001DA37AB0F83F042F46DFF60FFFD
:208208008FF8000140F4DA0940C50B0F2011DA37AB0F834142041DFF53FF026E2020DA5842
:20822800404F0B4510A8405C027909AC600982085FEF7300DA643EEDDA693EEBDA6F5FEFB3
:208248006C00DA75BEE4DA785FEF67001D00ED00D2000B0C50F10B1D00F20BD190F2EE0711
:208268003BD002800BC0C0C00BD1D0D00BCD104840A43BA000606DFF93FFF6B6BA0C8B0D4B
:2082880000F4DF0FDF8040A46D009116370268C0DF081180DA753EE88F890101DA087E04D1
:2082A8003BB002803C078F8901F18B0F01F2AB08A28F768CABFA1FAA8F3900F16E0740F4B9
:2082C800028440C56DFFFCFE82086F0914808F2900F18B0F20F2864F8B0F02F03C0740F4E2
:2082E80002F440C56DFFECFEC2FA7FAB04003FACF87F768E40F4028440C56DFFE1FE3C0887
:20830800C2FB61FF42D06DFFDBFEABFA1FAA3FBCF97F1D008A008BFE268240A48F3820F06D
:208328008B8F00600BCD10486DFF3AFFDA78FEE314AF40A26E10092000088BF01BF0370F93
:208348006810DA193F1F05808B0002F0342F092F0104EEF240A46D002A16370268F078062A
:208368008B0C20F28B0D00F5EE0AF6B6DF086A806F296800821BBBB0FFFF26F96F291B0072
:208388006F191300768E61FF00D06DFF99FEABFA1FAA40F402E440C56DFF92FEABFA1FAA0C
:2083A800BBB0FFFF26F9DA6F7EE558063FBF0300921B6F29090076875806C22BC22F370F55
:2083C80068F078066F0915808F2900F18B0F20F2864F8B0F02C03C0740F402C440C56DFF7E
:2083E8006FFEC2FA7FAB050058063FAFF77F6F291900DF08170061FFC8CF6DFF61FEABFA45
:208408001FAA40F402E440C56DFF5AFEABFA1FAA3C08C2FB61FFB9CF6DFF52FEABFA1FAA27
:2084280058063FBFF87FBBF0F74F40A4BBF0FF6F40F5269440C602A59BF6FF671D000300C0
:2084480000900248404F025F405C0269406D6D00AE15022A6F0819803C083B00024040C465
:2084680040D56DFF2DFEC2FF3FFAF97F3FF9F77F3C0BC2F909F40100DF04110040C440D51B
:208488006DFF1EFE8AFFDF09F6FF3C083B00024040C4C2FF40D56DFF13FEEEF900909100C6
:2084A80000F6D9FF0400D4F291200056D955408A01240046015420F4EE0891200056D9551E
:2084C800C08A014530F4EE0482FF60F20090F4F400908F141E2000900B4510882008DAFFB9
:2084E8003708E80B7E086DFF19FE7623028200901DFFDAFDDA004BF801F02E046788BF8F1C
:20850800C229BB3098FF9B2FF2F34BF84140BB0080FF9BFF6FF44BF401F0AE2B4B0431F1C2
:208528004B0F410142F96B0031848F3900F13C1840A46D0020124B09410154AF022840A405
:208548006B0021FF7B00E8034B0F41406D00131254A07B0008146B1071FF4B0F31F12E0590
:208568007B00F8036B083180BF2F04006788BF8F4B8841F0BB104B0CBBD0511E9B601204F9
:208588009BD1321C6B0F61013BC034159B4140146BF06101BB10D11E9BE11D146B88611140
:2085A8003BE0B5279B823A246BF161F24B8041004BF05120009002483708E8FB8209EE0362
:2085C800028200904B9801F02E046788BF8F82197B00F8F36B88714F6D00B1143B3033F3C5
:2085E8009B3FF3F34BF801F0AE264B2851406D0096003C0B3BB0FDF09B9FFCF34B825140FE
:208608006D008D006B02312F76936722BF2F00900B4510886DFF82FDF62502946DFF7EFD10
:2086280076246B092128009002846DFF6EFDDF021B007B00F8F74BF901F02E163BB0FD40E7
:208648009B94F4433C4D7B00F8FF4BF901F01602BB40BE4C9B6401443BB0FD009B90FC0309
:208668006A043C3E3709E8FB8200BA0F6E193708E8FBEE098F191EF03BB0FD209B920424E9
:208688006A8200904B0801F016043BB0FD209B92FC233BB0FD009B90FC0B6A0200904B093A
:2086A80001F06F0F2C003708E8FB6E164B0801F02E2E3BB0FDF09B9F04F46788BF0F4B902F
:2086C80051406DFFB6F56B02312F00907B00F8FF4BF901F02E183BB0FD409B94044402857A
:2086E8001D002A004B9851406DFFA3F53BB0FDF09B9F04FC6B0F212200904B0801F02E25BD
:208708004B9851401DFF95F56788BFFF4B9F51406DFF8FF56722BF2F0090DA004BF401F00E
:208728002E231DFF86F56744BF4F6DFF82F56722BF2F0090B704812F8F151EF08FFF01F00A
:20874800A6F20090B704814F82151DFFC7FE824482056D00252B00903BB000403B20035073
:208768003BE02E606D00712A82443B00715282066D006B2A3BB000403BE02E506D00102B86
:20878800824482056D000C2B0090910000F6D9FF18507B00F0F374FF910000F6D9FF1850F1
:2087A8007B0000F46CF191000046D944205091000056D955185082047B802C546D007F0E09
:2087C800009091000046D944204091000056D9550450DA006744BF5FBBD0CC6C9BC6E46336
:2087E80002F46D00CE127B001FF44BF201F0370F61F16E037B001F247B001FFC4BF201F0E7
:20880800370F61F06E037B001F2C3C010090DA004BF401F016038B0F20F26E068244820525
:208828006D00BE2A3C1E7B0002F44BF451F07BA05F044B0F41007BA05FF44BF001F0370F97
:2088480061F16E037BA05F04DA004BF001F0370F61F06E02820082444B0071516D00A02A36
:2088680000907B001FF44BF401F0370F61F16E037B001F447B001FFC4BF401F0370F61F05E
:208888006E037B001F4C7B001FF44BF451F07BA03704BB0000189BB143146B0F61F14B0F79
:2088A80071513B803EF03C017F5F038002F53BB000406D00752A009076547B00F0233C0312
:2088C8007B0002247B0000F44BF401F0370F61F16E023C1DBBA099F99B9FE9F34BF401F0BC
:2088E800AE26BBA099299B92E9233C11BBA099F99B9FE9F36B0F31F27B0000044B0451003A
:20890800BBA099199B91E9136B0F6121910000F6D9FF0801489F7B0004044B0F01F0370FBB
:2089280061F16E0382023C11910000F6D9FF0801489F7B00F8034B0F01F0370F61F16E0580
:208948007B00F0F34BF241203C0100902010DA0074AF7B0002F47801DA002CA891000046AA
:20896800D94428307B00F843BBD0CC5C9BC5D453BBD0CC6C9BC6DC63BBA0707D9B37C273D8
:208988006D007F1291000046D9442830BBD0CC4C9BC4DC436D009E1291000046D9440C4007
:2089A8006D008D127B001FFC74AF7B001FF47801DA002CA891000046D94420407B0017440B
:2089C80082057B000064BBA0707D9B37C2736D00581291000046D9442040BBA0704D9B34C8
:2089E800CA436D00771291000046D94404506D006612009020086D0075136D002B143B604B
:208A080028408205821682176D00CB233B7028408205821682176D00C4233B20164082057C
:208A2800821682176D00BD233B3016408205821682176D00B62382146D00E51A82043B50DE
:208A4800C35006556D00FF2382143B0071526D00FA236D00D9046DFF81FE6DFF79FF6DFF6E
:208A680096FE820491000048D944D2316D0083343B800C406D00F904820491000048D944CA
:208A8800E4116D0078346D003913820491000048D944CD616D006F3482081D004A029100C9
:208AA80000F6D9FF0C0014FF6E46910000F6D9FF0C00DA0034FF6D00D7056D00F503910056
:208AC80000F6D9FF082014FFDF2F368049A4000A49A5040A6D000C106D00860F910000F6BC
:208AE800D9FF082014FF5E3E6DFF33FE82046DFFBAFE820491000048D944E3216D003B341C
:208B08003C1A6D00A810BC29092F50081E14092F50085E2382153C02820554A46DFFCEFE8E
:208B280002246DFF76FE09A404096DFF4CFE02246DFF99FE910000F6D9FF1C2014FF6E036F
:208B48006D0065023B6028406D001B23DF029D803B4001406D006A223B6028406D00112334
:208B6800DF029380910000F6D9FF082014FF6E07910000F6D9FF082014FFDE366D009C0F24
:208B8800910000F6D9FF0820DA0134FF6DFFE1FD82046DFF68FE820491000048D944F841E1
:208BA8006D00E9333C66910000F6D9FF082014FFDF1F4880910000F6D9FF0C2014FF6E39DD
:208BC800910000F6D9FF0420DA0034FF910000F6D9FF0820DA0234FF91000046D9440C4027
:208BE8006D006D1191000046D94404506D006711820491000048D944ED016D00BC33820409
:208C080091000048D944A1F16D00B5338204910000F6D9FF0C2014F56D001E1282049100A1
:208C28000048D9449BE16D00A6336D00AE0F3C08820491000048D944C2416D009C333C1987
:208C4800910000F6D9FF082014FFDE23910000F6D9FF0820DA0034FF6DFF7BFD82046DFF07
:208C680002FE820491000048D944C3216D0083333C053BA000406D00D9213B6028406D0036
:208C88008022DF02F87F910000F6D9FF082014FFDF1F5A803B7028406D007322DF02548096
:208CA8003B4001406D00C2213B7028406D006922DF024A8082046D00EA0F022F6E328204A7
:208CC80091000048D94489F16D005533820402F56D00C211820491000048D9449EE16D0002
:208CE8004A338204910000F6D9FF080154F56D008211820491000048D944A1E16D003B33DF
:208D08008204910000F6D9FF080148156D007311820491000048D944A4E16D002C333C08FE
:208D2800820491000048D944C7116D0024333C053BA000406D007A213B7028406D002122EC
:208D4800DF02F87F910000F6D9FF082014FFDF1F34803B2016406D001422DF022E803B4009
:208D680001406D0063213B2016406D000A22DF02248082146D008B0F022F6E138204910084
:208D88000048D944D6016D00F632820402F56D006311820491000048D94495F16D00EB3210
:208DA8003C053BA000406D0041213B2016406D00E821DF02F87F910000F6D9FF082014FF67
:208DC800DF1F34803B3016406D00DB21DF022E803B4001406D002A213B3016406D00D1218C
:208DE800DF02248082246D00520F022F6E13820491000048D944C2016D00BD32820402F5A8
:208E08006D002A11820491000048D94495F16D00B2323C053BA000406D0008213B3016409C
:208E28006D00AF21DF02F87F910000F6D9FF080014FF6E7B910000F6D9FF0800DA0034FFBE
:208E4800C218BFA8738082086D008400910000F6D9FF082014FFDF2F4D8049A4000A49A501
:208E6800040A6D00450E820491000048D944A8E16D0081328204910000F6D9FF042014F5E5
:208E88006D00EA10820491000048D94499E16D0072328204910000F6D9FF0C2014F56D00D5
:208EA800DB10820491000048D94481F16D006332820454A56D009F10820491000048D944B8
:208EC800BAE16D005832820458017B4033044B0F41F03B00FD009B9004044B0F51506D00C9
:208EE8008A10820491000048D944B4E16D004332910000F6D9FF082014FFDE178204910037
:208F08000048D944AFF16D0036328204910000F6D9FF0C2014F56D009F10820491000048DA
:208F2800D944AEE16D00273282146D007F201DFFB8FD00906D000E1182046D0002176D00AF
:208F4800DD103C053BA000406D0070203CFC0090820491000048D944EFB16D000C328204AE
:208F6800910000F6D9FF080154F56D004410820491000048D944A1E16D00FD3182049100C7
:208F880000F6D9FF080148156D003510820491000048D944A1E16D00EE318204910000F64C
:208FA800D9FF080148256D002610820491000048D944FAB16D00DF318204910000F6D9FF2F
:208FC8000801488F7B4033044B0F41F03BB0FD009B9004044B0F51506D000D108204910075
:208FE8000048D944C1C16D00C6318204910000F6D9FF080148956D00FE0F8204910000487A
:20900800D944CAC16D00B7310090910000F6D9FF1C2014FFEE031D004601910000F6D9FF59
:209028001C20DA0034FF6D00EC16762A910000F6D9FF0801DA0089FF28081D0034019100F3
:2090480000F6D9FF3091088FEE0A910000F6D9FF0801DA0089FF28081D002501910000F626
:20906800D9FF309109FF16097B0017044B0F01F06F0F2680910000F6D9FF309109FF1609DC
:209088007BC025044B0F01F06F2F1A80910000F6D9FF309109FF1A097BC028044B0F01F0E4
:2090A800AE0E910000F6D9FF309109FF1A097BC030044B0F01F0370F61F16E0A910000F650
:2090C800D9FF0801DA0089FF28081D00EC00910000F6D9FF281014FFEE27910000F6D9FFEE
:2090E800201091000026D9223091092F160974FF910000F6D9FF241091000026D9223091F5
:20910800092F1A0974FF91000026D9221810910000F6D9FF309148CF742F910000F6D9FF66
:209128002810DA0134FF910000F6D9FF309109FF1609910000F6D9FF201054F06B0031FF2C
:20914800910000F6D9FF309109F01A09910000F6D9FF241054F16B0131003B00C0169B9119
:209168007D144B1F41803B00C0F69B9F7DF44BF041F0910000F6D9FF201054F03BB0FD1058
:209188009B9104144B1041007B4033144B1051406DFFDAFA4B2F4190910000F6D9FF30914E
:2091A80048CF910000F6D9FF181054F06B0031FF67FFBFFF02846DFFB1F7DF02178002945E
:2091C8006DFFACF7DF02128002F46DFFA7F7F62D02846DFF9AF7F62902946DFF96F7F62596
:2091E80002F46DFF92F77629910000F6D9FF0801DA0089FF28083C56910000F6D9FF0801E9
:20920800821089F0280891000046D9442C500B89104802F66D000D0691000046D9442C50C7
:2092280091000056D955080191000066D9660801B046910000F6D9FF080149F7080A6D00AC
:20924800DF0391000046D9442C50910000F6D9FF080149F50C0A910000F6D9FF080149F651
:20926800100A910000F6D9FF080149F7140A6D00CE0391000046D9442C50910000F6D9FFF9
:20928800080149F5180A910000F6D9FF080149F61C0A910000F6D9FF080149F7200A6D0051
:2092A8006F0300902010910000F6D9FF340109FF6408EE031D00A700910000F6D9FF340123
:2092C800DA0089FF2408910000F6D9FF1C1091000026D9221C10542FC21F74FF910000F631
:2092E800D9FF3401484F74AF910000F6D9FF3401485F7801BBA070FD9B3FC2F37802910089
:209308000046D9442C50910000F6D9FF340154F4910000F6D9FF34014815910000F6D9FF3A
:2093280034014826910000F6D9FF340148376D00750391000046D9442C5091000056D95505
:20934800080191000066D9660801B046910000F6D9FF080149F7080A6D0052039100004674
:20936800D9442C50910000F6D9FF080149F50C0A910000F6D9FF080149F6100A910000F648
:20938800D9FF080149F7140A6D00410391000046D9442C50910000F6D9FF080149F5180A9D
:2093A800910000F6D9FF080149F61C0A910000F6D9FF080149F7200A6D00E202910000F62E
:2093C800D9FF2C5009FF3C19910000F6D9FF2C5009F03C296B0021FF910000F6D9FF2C5035
:2093E80009F03C396B00214FDA004BF401F0AE2382023C036D00A30D910000F6D9FF0801F9
:20940800689200906D001F01762191000046D9442C5091000056D955100091000066D966CB
:209428000C106D00870491000046D944080182043BC002506D00740A910000F6D9FF1C10CA
:20944800DA0074FF910000F6D9FF2810DA0034FF91000046D9442C50820482058206820785
:209468006D004604009020180248F6833B800C80910000F8D9FFBC9149FF000A49A2000A66
:20948800A02444F06420FC4E910000F8D9FFBC9149FF000A49A20C0AA02444F06420FC4E37
:2094A80082091D0091006D00C2196D00E719910000F6D9FF302094F04B004101910000F66F
:2094C800D9FF083054F14B105100BBA0801E9BC1111454AF6B1061FF74AF910000F6D9FFA9
:2094E800342094FF4B0F41F1910000F6D9FF083054F04B0F5100BBA0801E9BC11114580198
:209508006B1061FF7801910000F6D9FF382094FF4B0F41F1910000F6D9FF083054F04B0FE4
:209528005100BBA0801E9BC1111458026B1061FF7802910000F6D9FF3C2094FF4B0F4101BF
:20954800910000F6D9FF0830481F4BF05100BB50A31F9BE1C81358036B1061FF7803910013
:2095680000F6D9FF003094FF4B0F4101910000F6D9FF0830481F4BF05100BB50A31F9BE1E3
:20958800C81358046B1061FF7804910000F6D9FF043094FF4B0F4101910000F6D9FF0830DC
:2095A800481F4BF05100BB50A31F9BE1C81358056B1061FF78053BA000406D00371DC21920
:2095C800370970903F8971FF7B00F8F34B0861014B0F5100910000F6D9FF2C1054AF4B0F4D
:2095E80041F074FF910000F6D9FF2C1058014B0F41F06CF1910000F6D9FF2C1058024B0F94
:2096080041F0BBA0801E9BC111146B0131FF6CF2910000F6D9FF381058034B0F41F074FF9D
:20962800910000F6D9FF381058044B0F41F06CF1910000F6D9FF381058054B0F41F06CF24A
:20964800009091000046D944340182043B8002506D0066096D003919762382123C0382022B
:209668003C0100906D00E3186D000819910000F6D9FF340191000026D9223020942F4B0F6C
:2096880041F191000026D922083054204B0F51F0BBA0800E9BC011044B0F41F091000026FC
:2096A800D9222C1054206B0031FF74FF91000026D9223401910000F6D9FF342094FF4B0F62
:2096C80041F1910000F6D9FF083054F04B0F51F0BBA0800E9BC011044B0F4100910000F65F
:2096E800D9FF2C10481F6B0F31F06C2191000026D9223401910000F6D9FF382094FF4B0F34
:2097080041F1910000F6D9FF083054F04B0F51F0BBA0800E9BC011044B0F4100910000F61E
:20972800D9FF2C10482F6B0F31F06C2291000026D9223401910000F6D9FF3C2094FF4B0FDE
:209748004101910000F6D9FF0830481F4BF051F0BB50A30F9BE0C8034B0F41F0910000F630
:20976800D9FF381054F06B0031FF6C2391000026D9223401910000F6D9FF003094FF4B0FF0
:209788004101910000F6D9FF0830481F4BF051F0BB50A30F9BE0C8034B0F4100910000F6E0
:2097A800D9FF3810481F6B0F31F06C2491000026D9223401910000F6D9FF043094FF4B0F88
:2097C8004101910000F6D9FF0830481F4BF051F0BB50A30F9BE0C8034B0F4100910000F6A0
:2097E800D9FF3810482F6B0F31F06C25910000F6D9FF3401DA006CF6910000F6D9FF34013A
:20980800DA006CF7910000F6D9FF3401DA006CF8910000F6D9FF3401DA0189FF240800907E
:209828002038404C405F82043B40385040C46D007708BBA0700D9B30C20382013C0B9A3127
:20984800534F202053C123F010C2012200267420C211BF31F67F486F74AF487F7801488F1F
:209868007802489F780349A4100A49A5000A6D00810782003C0D9A30534F201053C023F083
:2098880010CF01F100F67B00F8F374FFC210BF30F47F82003C0E9A30534F20109A3053CF98
:2098A80023F010CF01F100F67B00F8F374FFC210BF30F37F82003C1C82013C178B9100F0FE
:2098C800534F20209A3053CF23F010CF01F200265341202053C020F010AF01F200F6484F71
:2098E80067FFBFFF742FC211BF31EA7FC210BF30E57F82003C0E9A60534F20109A6053CF94
:2099080023F010CF01F100F67B00F8F374FFC210BF30F37F82003C0F8BC000F0534F20107F
:209928009A6053CF23F010CF01F100F67B00F8FB74FFC210BF30F27F82003C1E8B9000F02F
:20994800534F20108B9000F053CF23F010CF01F100F67B00F8F374FF8BC000F0534F201040
:209968008BC000F053CF23F010CF01F100F67B00F8F374FFC210BF30E37F0090405F406CD1
:20998800407D4C4609481C0909492009094A24094B9F41006B8A71007B0000144B10414003
:2099A8006DFF0BF674F24BA941006B8F61007B0000144B1041407B00F8034B9941106B8833
:2099C80061117B0000246B2171506DFF23F674C24B9841006BAF61F07B0000044B0F41407D
:2099E8007B00F8F34BAA41006B9961007B0000146B10715F6DFF0EF674D20090544F745FC8
:209A08004C41746F4C42747F00904C43745F4C44746F4C45747F0090D9AA584F404F19A062
:209A2800A8B019A1ACB019A8B0B039FFD8A0EE031D005D0148AF6B0F319448BF6B0F31A5E6
:209A480048CF6B0F31B648DF6B0F31C748EF6B0F31D048FF6B0F31E1486F74AF487F78014E
:209A6800488F7802489F780349A4100A49A5000A6D00800649A4340A0B9A104802B66D00EC
:209A8800170749A4001A49A5100A49A6340A6D00B60554F0483158107B00F0234B2F41F0DE
:209AA8004B8F41F04B8F41F06B8161FF6B0F21F074FF4810484158117B00F0234B2F41F0BB
:209AC8004B8F41F04B8F41F06B8161FF6B0F21F06CF1482048515812BBD0CC2C9BC21124B4
:209AE8006B0221FF7B00F0234B2F41F04B8F41F04B8F41F06B8161FF6B0F21F06CF209A0A4
:209B08000019483F6B8061FF6CF309A00419484F6B8061FF6CF45812BBD0CC0C9BC01104AE
:209B28006B00210F485F6B8061FF6CF549A40C1A0BCD104802E66D00BB0649A4000A49A5F1
:209B48000C1A02846D00730654AF6CF658016CF758026CF858036CF949A4181A40F56DFF0C
:209B680061FE82003C165340201053C023F010F2012100265340201053C023F010F4014148
:209B88000046194F40004B8F41F0592F94C0C210DA0F3FF0EA7F82053C2E82003C2882013B
:209BA80082023C165342203053C523F010A201230026092318195340204053C223F010F241
:209BC80001240026092F3C196BF36111C212DA0F3FF2EA7F5340202053C523F010A20122AB
:209BE80000264B8141F0592F1CF0C210DA0F3FF0D87FC215DA0F3FF5D27F82053C2E8200AD
:209C08003C28820182023C165342203053C523F010F20123002609233C195342204053C09A
:209C280023F010A201240026092F18196BF36111C212DA0F3FF2EA7F5340202053C523F07E
:209C480010A2012200264B8141F0592F60D0C210DA0F3FF0D87FC215DA0F3FF5D27F820341
:209C68003C3B82043C35534420F053C3230001F000261022534420F053C3230001F000462E
:209C8800104409403C19534420F053C3231001A10046104419411CF0534420F053C3232038
:209CA80001A200461044194F60D06B0F2111534420F053C3232001F200461044194F94C0D2
:209CC8006B0F21F16B0F21F0892F3C19C214DA0F3FF4CB7FC213DA0F3FF3C57F49F4001A91
:209CE80082043BC003506D001B060090404F74F4681568263BB0FDF09B9F04F44BF741F0EB
:209D08007B4033044B0F51F07B00F0034B0F418002846DFF19F56862DA006CF7DA006CF8E0
:209D280002846D00E4086892DA01E9FFD8A00090404F405C406D82043BC0E95040F46D0044
:209D4800EF05DA0074FFDA006CF1DA006CF2DA006CF3DA006CF4DA006CF57B00F8F36CF6D5
:209D6800DA006CF7DA006CF8DA006CF949F43C1A7B00F8436D002C04BD0C160082003C0F8F
:209D8800534020F053C0231001F100261022534020F010C4544F592F4000C210DA0F3FF0BC
:209DA800F17F3C2ABBA070FD9B3FC2F359FF402059FF401059FF4000DA0059FF405059FF5C
:209DC800404059FF4030BBA070FD9B3FC2F359FF408059FF407059FF4060DA0059FF40B0A2
:209DE80059FF40A059FF4090DA0059FF40E059FF40D059FF40C0BCDB54DF59FF44E04CD186
:209E080059FF48E04CD259FF4CE03C0BBBA070FD9B3FC2F359FF4CE059FF48E059FF44E0FA
:209E2800DA01E9FFD8A0DA00E9FFD9A00090D9AA60FF404F39FFD8A0EE031D00590254FF37
:209E48006B0F31F478E1481F6B0F31F578E2482F6B0F31F678E382003C3282013C145341D7
:209E680020F053C0202001A200261022534120F053C0232001F200461044094F3C19592FC0
:209E880010E0C211BF31ED7F534020F053C0201001A100261022534020F053C0201001A133
:209EA80000461044194110E0534020F010F4194F44E06B0F21F1592F10E0C210BF30CF7F70
:209EC80019A318E019A01CE058EB4BF0410019A120E058EA6BF1715019A010E019A120E0D6
:209EE80058EC4BF1411019A224E058EB6BF271114B10410019A114E019A21CE058EC4BF226
:209F0800412019A424E058EA6BF471F26BF171F06B53610FB70081FFBB80501E9BC1E311F8
:209F28004B1F01F0370F61F06E031D00E1017B00F8F34B0F512058E819A030E04B0F4100E2
:209F480058E919A12CE06B1F71F04B2F41F078ED58E519A030E04B0F410058E619A12CE052
:209F68006B1F71F067FFBFFF4B2F41F078EE58E519A024E04B0F410058E619A120E06B1FA2
:209F880071F04B2F41F078EF58EE78F058E419A030E04B0F410058E619A128E06B1F71F00D
:209FA8004B2F41F078F158E419A024E04B0F410058E619A11CE06B1F71F067FFBFFF4B2F74
:209FC80041F078F258EF78F358F278F458E419A020E04B0F410058E519A11CE06B1F71F008
:209FE8004B2F41F078F582003C2A82013C25820282033C16534320F053C0234001F40026E3
:20A00800102209243C19534120F053C3205001A500261022192F34E06BF46122C213BF3357
:20A02800EB7F534120F053C0203001A300261022592218F0C211BF31DC7FC210DA0F3FF020
:20A04800D67F82003C27534020F010F2DA00892F001982013C1C534020F010F2534120F04A
:20A0680053C0202001A200461044194218F0534120F010A4194304E0534020F010F4094F4E
:20A0880000196B3261FF892F0019C211BF31E57FC210DA0F3FF0D97F54FF09F000196B0098
:20A0A80021FF74FF481F09F004196B0021FF6CF1482F09F008196B0021FF6CF2483F09F0A6
:20A0C8000C196B0021FF6CF3484F09F010196B0021FF6CF4485F09F014196B0021FF6CF50C
:20A0E80009FF181959AF4C2009FF1C1959AF502009FF201959AF542019AF542019A05420D0
:20A1080019A14C2019A24C2019A3502019A450204B4341306B2161136B0F61416D000F07F3
:20A128000228BBF06FFE9BBFEDF24BF801F0370F61F16E457B00F0F34BF841F002F46D00E8
:20A14800D6064B82518002F46DFFFEF259A2582019AF4C204B8F41F059AF5C2019AF5020BD
:20A168004B8F41F059AF602019AF54204B8F41F059AF6420486F59AF6820487F59AF6C20CF
:20A18800488F59AF7020489F59AF7420D9A47820D9A56820D9A658206D005802D9A47820D7
:20A1A8006D00AF0219AF78206CF619AF7C206CF719AF40306CF819AF44306CF948AF09F0C3
:20A1C80024196B0021FF6CFA48BF09F028196B0021FF6CFB48CF09F02C196B0021FF6CFCCE
:20A1E80048DF09F030196B0021FF6CFD48EF09F034196B0021FF6CFE48FF09F038196B008C
:20A2080021FF6CFF82003C2F82013C29820282033C135F1305807B00F8433C028204534377
:20A22800205053C020F010A201250026192F18F06B4F6122C213BF33EE7F5F1005807B0055
:20A24800F8333C0282035341204053C023F010A2012400266B0231F3742FC211DA0F3FF1D1
:20A26800D77FC210DA0F3FF0D17F82003C2B82013C25820282033C15534320F053C0234003
:20A2880001A4002610225424534120F053C3235001F500261022092F3C196BF46122C21382
:20A2A800DA0F3FF3EB7F534120F053C0233001A30026102259225820C211DA0F3FF1DB7FD2
:20A2C800C210DA0F3FF0D57F49F43C1AD9A558203B4038406D00F20249F4001A82043BC083
:20A2E80003506D001D03DA01E9FFD9A000900D00000282046D00250D82046DFF05C58278C0
:20A30800DA010F8F00F0892F2829910000F6D9FF0800DA0134FF0D00400200800D00000270
:20A3280082046D000E0D82046DFFEEC4DA0982180FF8008089282829910000F6D9FF0C00F2
:20A34800DA0134FF0D00400200800D00000282046D00F70C82146DFFD7C48278DA010F8F03
:20A3680000F0892F28290D00400200800D00000282046D00E60C82146DFFC6C4DA09821810
:20A388000FF80080892828290D00400200800D00000282046D00D50C0D00400200800D009E
:20A3A800000282046D00CD0C82046DFF53E3762482046DFF45E382446DFF4CE3762482442A
:20A3C8006DFF3EE30D00400200800D00000282046D00B70C82146DFF3DE3762482146DFF96
:20A3E8002FE382546DFF36E3762482546DFF28E30D00400200800D00000282046D00A10C83
:20A4080082346DFF27E3762482346DFF19E382746DFF20E3762482746DFF12E30D004002AB
:20A4280000800D00000282046D008B0C91000046D94450316DFFF6C30D00400200800D0085
:20A44800000282046D007D0C6D002D070D00400200800D00000282046D00730C91000046AE
:20A46800D9447C416DFFDEC30D00400200800D00000282046D00650C91000046D9446861EE
:20A488006DFFD0C30D00400200800D00000282046D00570C91000046D94454816DFFC2C3C7
:20A4A8000D00400200800D00000282046D00490C6D000F0F0D004002008074448945040981
:20A4C800DA006C420090C234B70402F06E659249DF096300910000F6D9FF243054FFEE15B7
:20A4E80082046DFFDEEF802F325F160392446DFFD8EF8020DFF051001022F4F29100004684
:20A50800B542203082007420D4FC820A3C0310CCB0FC54CF6E036F0FFCFFF4FC3C1DB7089E
:20A5280001F010CF6F08188054FFEE1182046DFFB8EF49F4040A7D420F80325802846DFF34
:20A54800B0EF802F1EF874CA82083C0CAE0442F874C840CF40FC54C876856F08E2FF3F98C6
:20A56800E0FFDF082680BF19180002946DFF99EF802F9EF249CF040A01F220F4EE0D012F56
:20A5880030F4EE12802F325F1603102F92446DFF88EF802F5EF3A002009001CF2020802F4D
:20A5A800960174CF40FC01C900F674FA3C0A9A493FF8078001C900F6A29874F83C02028939
:20A5C8008F1940F174CF49C2040A0090404F024882043B40385040F46D00A20182003C0A40
:20A5E800534020F053C0231001F1002610227428C210DA0F3FF0F67F0090201082003C1C8B
:20A60800534020F010A253C020F0105F48210962080953C020F0105F54F3546453C020F0B2
:20A62800105F48154C614BF541F06B4361FF6B2161FF742FC210BF30E57F49A5000A3BC073
:20A6480000406D003B0100902010545F54604B0F41004C51096104096B1F71004C52096130
:20A6680008096B1F71004C5309610C096B1F71F074AF0950080909610C0954520963040992
:20A688004C5154644B4F41F06B3261FF6B10610F4C53096108096B1F71F0780109500C09BE
:20A6A8000961040909520809546354544C624BF44140095504094C636BF571F46B3261FF06
:20A6C8006B1061FF780209500C095461545209630C09095404094C624BF441F06B32612F1E
:20A6E800095308094C616BF371F26B1061FF780349A5000A3B0001406D00E0000090404F41
:20A70800483048314822482354F454F54816481F4BF641F06B5461FF6B3261FF6B10614F5C
:20A728006D000D04BBF06FFE9BBFEDF24BF201F0AE2B7B00F8F374FFDA006CF1DA006CF2F3
:20A74800DA006CF33C157B00F8F34B2F510054FF4B0F41F074FF481F4B0F41F06CF1482F1F
:20A768004B0F41F06CF2483F4B0F41F06CF300905454095504090956080909570C094B663E
:20A7880041804B7741904B6541004B7541A04B7641B04B5441C04B6441D04B7441E07B005E
:20A7A800F8136B6661297B0000346B32711174416B7471F07B0000044B0F41F06C416B75D1
:20A7C80061FD7B0000044B0F41F06C426B6561FE7B0000044B0F41F06C437B00F8F36B554D
:20A7E80061097B0000146B1071FF6C446B5471FB7B0000044B0F41F06C456B6471FA7B0022
:20A8080000044B0F41F06C466B7661FC7B0000044B0F41F06C477B00F8F36B5561087B00EA
:20A8280000146B1071FF6C4800902010404F7B00F0F34BF44100545F4B0F41904C514B0F5B
:20A8480041A04C524B0F41B04BAA41F06B9961FF6BBB614F6D0073030228BBF06FFE9BBF47
:20A86800EDF24BF801F0AE267B00F8F37B00F8033C0A02846DFF68EF022F02846D00370320
:20A888004B82510074AF4B0941F078014B0A41F078024B0B41F0780349A6000A40F440F50D
:20A8A8006DFFD4FE40F46DFF2CFF0090744489450409894608090090DF043000404FBF840F
:20A8C8002780804F8F3F000180518F3100115F101F802E06C2F4045F344F494F010A80FF89
:20A8E8002E16045F24FFC2E4045F24FF8F7400018FD41FF06E0B02F14052C2F16016092292
:20A90800480189F24801FC6CD05502047646C2F46042045F24FFFC2E40420090404FBF85E6
:20A928002380804F2E05C2F53444494F010A80FF2E1424F4C2E524F48F7500F106D5DF054C
:20A948001200D200764A370468008F802010A6108F002110A6100201C2F5605289F048010F
:20A96800FC2E02F57655C2F5605224F4FC2F40420090024F370FE81B8F1F1E00DAFF7E1751
:20A98800024F7444B70F89FB6E123C0B8FF00150DA7F7FF10900DA00B70F81FFA65F744F0B
:20A9A80002420090DA963FF10A007444DA00B70F81FF8FF00120A6F20090B704890B8F7122
:20A9C800012082F38B6109110F1300302630B700890BA652A60274426B0231F4B70F812F82
:20A9E800A6520090910000F6D9FF042014FF910000F6D9FF0C2014F03F0F0A80910000F643
:20AA0800D9FF0820DA0334FF82223C54910000F6D9FF042014FF534F21F0910000F6D9FF42
:20AA28001C1110FF54FF91000026D922080154206B00310F481F91000026D9220801092159
:20AA480004096B0131FF4BFF41F06B00614F6D007602483F4BF201F0370F61F06E2091005F
:20AA680000F6D9FF042091000026D9220420142FC21F34FF910000F6D9FF042014FF910088
:20AA880000F6D9FF0C2014F03F0F0880910000F6D9FF0820DA0334FF82223C0C7B0000F4E8
:20AAA8004BF201F0370F61F06E0382123C0382023C01009091000046D9441C1182043B0052
:20AAC80019506DFF2DFF910000F6D9FF0C20DA0034FF910000F6D9FF0420DA0034FF9100B4
:20AAE80000F6D9FF0820DA0034FF0090404C405D910000F6D9FF042014FF910000F6D9FF9D
:20AB08000C2014F03F0F0780DA0074CFDA0074DF3C3A910000F6D9FF042014FF534F21F01F
:20AB2800910000F6D9FF1C1110FF54FF91000026D922080154206B00318F481F91000026A7
:20AB4800D9220801092004096B0031FF4BFF41006B8861406D00F30174C20BF810486DFF9B
:20AB680059ED09FF50081E1409FF50085E224822910000F6D9FF0801488F6B0F31426D0012
:20AB8800DF0074D20090820491000048D944CDC16D00F12382083C56820491000048D944D5
:20ABA800E0C16D00E823820402856D005502820491000048D944E4C16D00DD2382045348F4
:20ABC80021F0910000F6D9FF1C1110FF54F56D001202820491000048D944A1E16D00CB239E
:20ABE8008204534821F0910000F6D9FF1C1110FF48156D000002820491000048D944FAB18D
:20AC08006D00B9238204534821F0910000F6D9FF1C1110FF482F7B4033044B0F41F03BB037
:20AC2800FD009B9004044B0F51506D00E401820491000048D944E8C16D009D23C218370824
:20AC48006880910000F6D9FF0C2014FF3FF8A6FF0090910000F6D9FF042014FF910000F6DD
:20AC6800D9FF0C2014F07F0F0F80910000F6D9FF042014FF534F21F0910000F6D9FF1C11D2
:20AC880010F23C03A0023C010090910000F6D9FF0C2014F0DA143FF0048082023C4F91002C
:20ACA80000F6D9FF0C2014FF534F21F0910000F6D9FF1C1110FF91000026D9220801542FF3
:20ACC80074FF91000026D92208014C216CF191000026D92208014C286CF289F41008DA0078
:20ACE8003E46DA013E4ADA023E4C3C11BBD0CCFC9BCFF4F36CF33C117B00F0F36CF33C0D5C
:20AD0800BBA099F99B9FE9F36CF33C07BBD0CCFC9BCFF4F36CF33C01910000F6D9FF0C20BB
:20AD280091000026D9220C20142FC21F34FF910000F6D9FF0C2014F23C0100903C073BB04A
:20AD4800FDF09B9F0CF46B0F31443BB0FDF09B9F04F44BF401F06F2FF4FF3C073BB0FDF0EF
:20AD68009B9F0CF46B0F21443BB0FDF09B9F04FC4BF401F06F0FF4FF02423C0100906B057E
:20AD88003124B702810F4C474BF00100370061F06E0282024C516B0F31024C434BF051005D
:20ADA8007B00F8136B0631114C544BF141106B0661F16C54094F6008EE2D4C4354506BF237
:20ADC80061F0745F54504C4667FFBF1F094318094B1001F0370F61F06E023C0A4B3001F05B
:20ADE800370F61F16E0302313C0302013C017451544F4B2F41004C414B1F411009430809C8
:20AE08004C544BF341F06B0121006B0F21F06C533C1C4C516B0F3102094108094C544BF16B
:20AE2800411009430C0954444C414B2F41504C434BF541F06B0461FF6B31610F4C536B0043
:20AE480021FF6C534C516C528952040909500C0909421009094114094B2001F0370F61F09C
:20AE68006E023C0A4B1001F0370F61F16E0302123C0302023C0189520C093C01009054A07A
:20AE8800580109A148087444894504098946080989470C09894010096C456B0031FFB70F0B
:20AEA80081FFBBD0CC0C9BC0EC034B0F41F06C46DA006C47894120080090DA00744FDA009A
:20AEC8006C41DA006C42DA006C43DA006C440090B70481FF6C470090024F8204370F68503F
:20AEE8006D003E2202F23C01009082051DFFF6EA6F770C006F0505808FF707F16E06C21585
:20AF0800EF850400C21606F5B70589FB8F7601008F840120A60FA6F20090201049A6100A4E
:20AF2800A00FF4AF89A4840982FF780240A46DFF5FE6D801DA0034FF009002483708E8FB8B
:20AF4800EE05820402851DFFF7EB6DFFDEE8DF022280DA004BF801008F3000F16E056F0086
:20AF68001A001DFFA1E84B0891F17B00F0034B0841007B00FC134BF041206BF271214B2FA4
:20AF880041F04BF041006BF071014B0F41F04BF841800282009037046800044F7E04B0F470
:20AFA80040420090EEF9A0020090404F044FEEFF01F420F080F2C2F200903C08C2F4044F87
:20AFC80004506E023E0352020090DF04F9FF82020090404F3C04C2F4045F24FF7647145F56
:20AFE800EEFB3C04DA0024FFC2F4DF04FDFF404200900B541088DA004BF801F0370F61F0E0
:20B008006E083BD0025002946D00AA216788BF8F4B0871514B0561F16B0F31F802946D00ED
:20B028001B003BE0025002946D009A217B802C047B00F0136B0F61F14B0F71F1FFAF07805C
:20B048003B00035002946D008B210B9F10486D0003000090201802508202F605DA3034AFB3
:20B06800C2123C1D82033C0D01A300F6DA0A4BF011628B0703F02CFCC213DA0A4BF01102ED
:20B08800FF10F4FF3C0AC2F301A200F601A30026092F0C0834FFC212FF13F77F01A200F6D4
:20B0A800DA0034FF49A4000A6D00652100903B00D0269B9212246B4461224B4441F0BBE0E0
:20B0C800F408BB50061D9BA014049BB10C146B1F61106BF261F04BF151F04B4F41200090CE
:20B0E8006D001F066D0036006D003F006D005B0F82046D00260600904DC0E1FF16073C019A
:20B108006E083C01910000F6D9FF2C7114FF6EFB4DC0E1FF16073C01910000F6D9FF2C71B9
:20B1280010FFDA0134FF8218DA003C0B910000F6D9FF2C7110FF14F0E20837086880C21F2E
:20B14800BF2FF6FF82146D00710FDF08EE7F00906DFF8EDD02246DFFE2DC6DFF9DDD02246A
:20B168006DFF21DD0090910000F6D9FF30716DFF07D974F24DC0E1FF8F7F00413C01910011
:20B1880000F6D9FF30716DFF3ED86812910000F6D9FF30716DFF49D96822910000FFBCF1E7
:20B1A8006DFF2BD9913000FF39FF3506160F4B0F41F14BF251F03C013C01910000F6D9FFDC
:20B1C80030716CF30090404F0258F64791000026D9221420142FEE023C1F91000026D9228B
:20B1E8001020142F6E033C013C0091000026D9221020DA00C21F342F6D0087053C0C910018
:20B208000048D944FAD1A00640F502846D0075006D0004003CF500902008DA0074AFDA0082
:20B228007801DA0074AF3C0FDA0078013C045801C21F780158013BF0FF017FF0FAFF54AF10
:20B24800C21F74AF54AF3BF0FF007FF0EFFF0090201849A4000A6D003102911000F8D9FF88
:20B2680066BBF80249A4000A6D00EC018204BB00205C9B150050820682076D00DF1C910093
:20B288000046D9441891820491000056D95514813B0004506D008002820482156D00E61E5E
:20B2A8000090910000F6D9FF182014FF6E13820491000046D94414916D00C51E9100004685
:20B2C800D944189191000056D955149182146D0059030090404676423C0E910000F6D9FF10
:20B2E800182014FF6E0891000048D944C7E102546D0003000090D9AAE86F404C405D024844
:20B30800406E820089A08C08DA00ACA7DA007804DA00ACAADA00ACAB40D46DFF48FE89A263
:20B32800100991000026D9220081092FC0086E08910000F6D9FF0081C84F2D0F000091007F
:20B3480000F6D9FF182014F0DF007B01910000F6D9FF008109FFC008DF0F3F0109A096085B
:20B368008CABC21FACAB910000F6D9FF0081C83F82043700705040C42D0F000040D46DFF32
:20B3880016FE89A21009910000F6D9FF008109F0C208910000F6D9FF0081086F4BF0010215
:20B3A80089A094083C0109DF0008B01DEEFDDA00ACA73C11B0FD09D00008DA2F3E0509D0AE
:20B3C8000008DA5C7E0509AFCE08C21FACA75804C2FF780409AFCE08FF2F05805804FF0F9E
:20B3E800EB7F58040EFCB01DF4AD49A4180A91000058D955EDC16DFF92FD3C1709AFCE0857
:20B40800EE0BF4AD49A4180A91000058D955F6C16DFF85FD3C0AF4AD49A4180A91000058E0
:20B42800D955EDC16DFF7BFDDA00ACA63C4CDA00ACA73C2349A4180A6DFFB9FD09A0CC0856
:20B448008CAA09A1CE0803F00AF17FF203803C1A09AFCE0810AF49FF184A09A0CC088CAA4C
:20B4680009A1CE0803F00AF110A2092F180834FF09AFCE08C21FACA709A0CE088CAA3FF073
:20B48800DB7F09AFCE0810AF49FF184ADA0034FF910000F6D9FF008108708CABE2F08CABAE
:20B4A800C21FACAB910000F6D9FF0081C83F82043700705049A4184A2D0F000009AFCC08D1
:20B4C800C21FACA609A9CC0849A4180A6DFF6FFD8CAA4BF211029A103FF9ABFF74A849A4A9
:20B4E800180A91000058D955C3D16DFF18FD910000F6D9FF0081087F09A09608E2F08CAB3F
:20B50800C21FACAB910000F6D9FF0081C83F82043700705049A4180A2D0F0000A00F7DEF21
:20B528005B00DA00ACA63C4CDA00ACA73C2240E46DFF3DFD09A0CC088CAA09A1CE0803F079
:20B548000AF17FF203803C1A09AFCE0810AF49FF184A09A0CC088CAA09A1CE0803F00AF186
:20B5680010E2092F000834FF09AFCE08C21FACA709A0CE088CAA3FF0DC7F09AFCE0810AF10
:20B5880049FF184ADA0034FF910000F6D9FF0081087F09A09608E2F08CABC21FACAB91006C
:20B5A80000F6D9FF0081C83F82043700705049A4184A2D0F000009AFCC08C21FACA609A8B5
:20B5C800CC0840E46DFFF3FC8CAA4BF211029A103FF8ACFF3C3549A4185A82043B0010500D
:20B5E8006DFF9EF9910000F6D9FF0081C82F40C42D0F0000A00F7DEF1000F4AD89A804091F
:20B6080089AE880949A4185A91000058D955CCD16DFF85FC3C0CF4AD89A8040949A4185AD4
:20B6280091000058D955E5D16DFF79FC910000F6D9FF0081C82F49A4185A2D0F0000009052
:20B64800910000F6D9FF0081094FC008B4FF910000F6D9FF0081094FC208ACF1910000F609
:20B66800D9FF0081094FC408ACF2910000F6D9FF00810C462CF6910000F6D9FF00810C4720
:20B688002CF7910000F6D9FF008109428809E822910000F6D9FF008109428C09E83291004E
:20B6A8000026D9220081CC44EC24910000F6D9FF1820DA0134FF0090DA00B44FBBF0FFFF05
:20B6C800AC41BBF0FFFFAC42DAFF2C46DAFF2C47A00FEC42A00FEC43A00FEC440090820497
:20B6E8006D00491E0090404FA00201F2104491000048D944D3E13B5005506DFF66FD820883
:20B7080014FF960134FFDA006CF2DA006CF3485F6CF4081F82003E0682103E0A8220BE00A5
:20B728003C17C814820448556DFFFAF83C11C8148204485F532F20506DFFF2F83C09C81492
:20B748008204485F534F20506DFFEAF83C01DA0034FF02823C0100904C43424F6C433C06A8
:20B768004C4309401409A20F6C434C4509400C097FF0F8FF00904C42424F6C423C064C42EA
:20B7880009401409A20F6C424C45094008097FF0F8FF0090404F024F405C0258A00201F290
:20B7A800104491000048D944D3E13B2022506DFF0CFD8202E81C820034F02CF1DA006CF2BE
:20B7C800DA006CF3684868583C010090404F405C406D0249A00201F2104491000048D944E9
:20B7E800D3E13B1016506DFFF0FCA00201D2104491000048D944D3E13B2016506DFFE5FC03
:20B8080082088200A0027DC2058082381D00900014FF16036E0574D082681D009F0040F48A
:20B828006D009F0054D07F020B8074D28278F62714FFB70F81F134FF1D00900014FF96088B
:20B8480034FF485F4830520A54D03F0A2B80081F82003E0682103E0C8220BE063C21C812B4
:20B86800483F102554D440C46DFF28F83C19C812483F532F20F0102554DF532F204040C4B6
:20B888006DFF1CF83C0DC812483F534F20F0102554DF534F204040C46DFF10F83C013C4326
:20B8A800081F82003E078210BE0482205F0F27003C3AC812483F102540C402A46DFFFEF7F0
:20B8C80001CA0046C81554D4A2A46DFFF7F73C2BC812483F532F20F01025532A204040C43A
:20B8E8006DFFECF7532A20F010C4C81554DFA2AF532F20406DFFE2F73C16C812483F534FB3
:20B9080020F01025534A204040C46DFFD7F7534A20F010C4C81554DFA2AF534F20406DFF4F
:20B92800CDF73C0114FFB70F81F134FFDF09168014F0DA0B7E0382283C1014FF960234FFC4
:20B9480054D440F46DFF0AFF484F54D0420F6CF414FFB70F81F034FF02823C010090404F45
:20B96800A002012F104491000048D944D3E13B6007506DFF2AFC485F484052023C0100901B
:20B98800404F405C0248A00201F2104491000048D944D3E13B000B506DFF17FC8209A00255
:20B9A8007DC2058082391D00B50014FF16056E0482491D00AF0014FF960434FF484F3F8FB2
:20B9C800A480485F4820520A7F8A69800810DA003E0882115F012000DA025F0F3E003C5D72
:20B9E800C812482F102440C502A46DFF67F740F402A46DFFC2FEC812482F102401CA005699
:20BA08000BA880406DFF5AF70BA8804040F46DFFB4FE3C43C812482F532F20F01024532A16
:20BA2800204040C56DFF4AF740F402A46DFFA5FEC812482F532F20F01024532A20F010C58A
:20BA48005AA8532F20406DFF39F70BA8804040F46DFF93FE3C22C812482F534F20F0102425
:20BA6800534A204040C56DFF29F740F402A46DFF84FEC812482F534F20F01024534A20F084
:20BA880010C55AA8534F20406DFF18F70BA8804040F46DFF72FE3C013C33081F82003E062E
:20BAA8008210BE008220BE0D3C2BC812482F102440C502846DFF02F740F402846DFF5DFE64
:20BAC8003C1FC812482F532F20F010245328204040C56DFFF3F640F402846DFF4EFE3C10F9
:20BAE800C812482F534F20F010245348204040C56DFFE4F640F402846DFF3FFE3C01484F8A
:20BB0800A28F6CF43C02825914FFB70F01F134FF02923C010090404FA002012F10449100CE
:20BB28000048D944FBE13B5018506DFF4EFB8202820382047B00F853A0027DF203803C529D
:20BB480009F00008DA2D7E048212B01F3C0609F00008DA2B7E02B01F3C0C7B00120409F186
:20BB680000088B011D104B0141116B036131B01F09F00008DA303FF0070009F00008DA393A
:20BB88007F0FED7F09F00008DA2E5F0F2780B01F3C107B0012F409F000088B001D004B00F5
:20BBA80041016BF461407B0012F44BF54150B01F09F00008DA303FF00F0009F00008DA39BD
:20BBC8003F0F0A003B80B2F69BEFE6F44BF501F06F0FE1FF4B5451406B0421337623673389
:20BBE800BF3F02323C010090404FA002012F104491000048D944FBE13B6021506DFFE5FA60
:20BC080040F46DFFD4F982018203A0027DF203803C43DF03340009F00008DA613FF00C0007
:20BC280009F00008DA663F0F070009F000088B901AF03C2009F00008DA413FF00C0009F094
:20BC48000008DA463F0F070009F000088B901CF03C1109F00008DA303FF00C0009F00008A3
:20BC6800DA393F0F070009FF00088B0F1DF03C023C130641160FA6F13C0B09F00008DA30BB
:20BC88007E0709F00108DA787E03B01F8213B01F022FC2F2EEBB02123C010090404FA0026F
:20BCA800012F104491000048D944FBE13B4005506DFF8BFA82008202A0027DF203803C226D
:20BCC80009F10008DA2D7E148210B01F3C0609F10008DA2B7E12B01F3C09DA0A09F100088D
:20BCE8008B011D1003F20A21B01F09F10008DA303FF1070009F10008DA397F1FF07F7602B7
:20BD080032523C0100906D000C006D008D0A6D00610F6D00AC0982046D00130000904DC0AB
:20BD2800E2FF370FE1F78B0F20F23C010D00400300003C013C018B0F00223C010090F64387
:20BD48000D00000300902010404F821440F46D002C00C2F2370268F049A4000A40F502F4B2
:20BD68006DFF39F910AFDA0034FF49A4000A6DFFD4FE3C0100902010404F821440F46D0059
:20BD88001400C2F2370268F049A4000A40F502F46DFF21F910AFDA0034FF49A4000A6DFF6B
:20BDA8007FFF3C0100900248404F82093BA0004040F46DFFF2F882008202A0047D240800D4
:20BDC800802080F1A210C21037006800DA003C1410F2092100083BC002305F310580C219AC
:20BDE800370968905F890680C21F370F68203C06C21F370F68F03F0FEDFF3C0100902008F6
:20BE08008208910000F8D9FFE7F149FF000A49A2000AA04404FF242FFC4E910000F6D9FF2D
:20BE2800242014FFDF1F4680910000F6D9FF2420DA0234FF91000046D9443CE13BA00240FF
:20BE48006DFFABF8B01249A4020A822440256DFFC2F849A4000A6DFFC9FE37026800910083
:20BE680000F6D9FF3CE1081182223C0A910000F6D9FF3CE101F200F614FFC6F1C212910038
:20BE880000F6D9FF3CE101F200F614F3DA2A5F3FEFFF5F01050082181D00B200910000468A
:20BEA800D9443CE191000056D95530916D000903910000F6D9FF2420DA0034FF910000F6BA
:20BEC800D9FF202014FFDF1F4580910000F6D9FF2020DA0234FF91000046D9443CC13BA0F2
:20BEE80002406DFF5AF8B01249A4020A822440256DFF71F849A4000A6DFF78FE3702680025
:20BF0800910000F6D9FF3CC1081182223C0A910000F6D9FF3CC101F200F614FFC6F1C212D7
:20BF2800910000F6D9FF3CC101F200F614F3DA2A5F3FEFFF5F01040082183C6191000046AB
:20BF4800D9443CC191000056D95530916D008302910000F6D9FF2020DA0034FF910000F6C4
:20BF6800D9FF2C2014FFDF1F4580910000F6D9FF2C20DA0234FF91000046D9447C013BA0B9
:20BF880002406DFF0AF8B01249A4020A822440256DFF21F849A4000A6DFF28FE3702680074
:20BFA800910000F6D9FF7C01081182223C0A910000F6D9FF7C0101F200F614FFC6F1C21237
:20BFC800910000F6D9FF7C0101F200F614F3DA2A5F3FEFFF5F01040082183C1191000046DB
:20BFE800D9447C0191000056D95530916D007803910000F6D9FF2C20DA0034FF02823C0168
:20C0080000902098910000F8D9FF051249FF000A49A2000AC5041B0004FF242FFC4E9100FC
:20C0280000F8D9FF211249FF000A49A21C0AA0A404FF242FFC4E910000F8D9FF2C1249FFC7
:20C04800000A49A2270AA0A404FF242FFC4E910000F8D9FF371249FF000A49A2320AA0A467
:20C0680004FF242FFC4E910000F8D9FF022249FF000A49A23D0AA0A404FF242FFC4E91009A
:20C0880000F8D9FFECF149FF000A49A2081AA0A404FF242FFC4E910000F8D9FFF7F149FF17
:20C0A800000A49A2131AA0A404FF242FFC4E910000F8D9FF020249FF000A49A21E1AA0A454
:20C0C80004FF242FFC4E910000F8D9FF0D0249FF000A49A2291AA0A404FF242FFC4E910053
:20C0E80000F8D9FF180249FF000A49A2341AA0A404FF242FFC4E910000F8D9FF230249FF11
:20C10800000A49A23F1AA0A404FF242FFC4E910000F8D9FF2E0249FF000A49A20A2AA0A49F
:20C1280004FF242FFC4EDF140400DF14AD8091000046D94424C1820491000056D95524A107
:20C148003B0008506DFF28FB3B401F406D006E078234BB00205C9B1500503B5001603BE005
:20C1680000706D006B15823449A4000A3BC001506D00EC183B800C406D005807823449A47A
:20C18800270A3BB000506D00E1183B2003406D004D07823449A41C0A3BB000506D00D61807
:20C1A8003B2003406D004207823449A4320A3BB000506D00CB183B2003406D0037078234BA
:20C1C80049A43D0A3BB000506D00C0183B2003406D002C07823449A4081A3BB000506D00F8
:20C1E800B5183B2003406D002107823449A4131A3BB000506D00AA183B2003406D001607D5
:20C20800823449A41E1A3BB000506D009F183B2003406D000B07823449A4291A3BB000509E
:20C228006D0094183B2003406D000007823449A4341A3BB000506D0089183B2003406D0086
:20C24800F506823449A43F1A3BB000506D007E183B2003406D00EA06823449A40A2A3BB0E4
:20C2680000506D0073183B2003406D00DF06910000F6D9FF2820DA0134FF823482156D000F
:20C28800F5163C25DF24248091000046D94424C1820491000056D95524A13B0008506DFF4B
:20C2A8007BFA8234BB00205C9B1500503B5001603BE000706D00C214910000F6D9FF2820B3
:20C2C800DA0134FF823482156D00D01600902010DA0089AF0609910000F6D9FF282014FF0D
:20C2E800DF0FB8003C0A91000046D94424C149A50A0A82146DFF46FB823449A40A0A6D0008
:20C30800A216DF02F2FF0CAA3BA000005F0FA280DA0689AF060991000046D94424C149A57C
:20C32800000A49A6060A82146DFF52FA49A4030A91000058D955390282346DFF40F6DF0219
:20C348002480910000F6D9FF242014FF9E2C910000F6D9FF2420DA0134FF91000046D9440C
:20C3680024C16DFFFEFA89A2060991000046D94424C191000056D9553CE149A6060A8204A2
:20C388006DFF26FA3C5A49A4030A91000058D9553D0282346DFF13F6DF022480910000F6EC
:20C3A800D9FF202014FF9E2C910000F6D9FF2020DA0134FF91000046D94424C16DFFD1FAC3
:20C3C80089A2060991000046D94424C191000056D9553CC149A6060A82046DFFF9F93C2DE4
:20C3E80049A4030A91000058D955011282346DFFE6F5DF022380910000F6D9FF2C2014FFD2
:20C408009E2C910000F6D9FF2C20DA0134FF91000046D94424C16DFFA4FA89A206099100E3
:20C428000046D94424C191000056D9557C0149A6060A82046DFFCCF991000046D94424C18B
:20C448006DFF53F9910000F6D9FF1C20DA0134FF0090404C405F8208822440C46DFFA5FC77
:20C4680001C20026092F0008370F6800DA2C5F0F2500827440C46DFF98FC01C200466DFFD5
:20C488007CFC89F22E083B90004040C46DFF8DFC01C200D63BB0004040C46DFF86FC01C2EE
:20C4A80000C640D46DFF51FC022F40C46DFF4DFC6B0221FF6CFC821802823C010090404C8B
:20C4C800405F8208822440C46DFF6FFC01C20026092F0008370F6800DA413E04DA445F0FEA
:20C4E8009C808218DA012CF8824440C46DFF5DFC01C20026092F000889FF1E08826440C42F
:20C508006DFF53FC01C20026092F000889FF1F08823440C46DFF49FC01C200466DFF15FC8F
:20C528000229825440C46DFF40FC01C200466DFF0CFC4B093101DA644BF00102A85009FFC7
:20C54800CA08534F26F04B0F41F16B0F31394B0331F1ACF609FFCC084B0F61F16B0F31F3A1
:20C56800BB0000089BB05B044B0F41F04B0F31F1ACF74B023101DA644BF00102A88009FF71
:20C58800D008534F26F04B0F41F16B0F31124B0131F1ACF909FFD2084B0F61F16B0F31F17D
:20C5A800BB0000089BB05B044B0F41F04B0F31F1ACFA09FFCA084B0F61F17B0027044B03DF
:20C5C80051006B0021FF89FF160909FFD0084B0F61F17B0027044B0151006B0021FF89FFEE
:20C5E8001A09827440C46DFFE0FB01C200466DFFACFBBBD0CCFC9BCFFEF34BF241F06CF833
:20C608003B80004040C46DFFD0FB01C200466DFF9CFB68923C03DA002CF809CF07088B0F18
:20C628001D00DA0A09C108088B011D1003F00AF12CF409CF09088B0F1D00DA0A09C10A08F0
:20C648008B011D1003F00AF12CF509CF0B088B0F1D00DA0A09C10C088B011D1003F00AF1FF
:20C668002CF63B90004040C46DFF9FFB01C20026092F00088B0F1D00DA0A01C200260921A4
:20C6880001088B011D1003F00AF12CF301C20026092F02088B0F1D00DA0A01C200260921EA
:20C6A80003088B011D1003F00AF12CF201C20026092F04088B0F1D00DA0A01C200260921C7
:20C6C80005088B011D1003F00AF11B0F7DF0B4FF40F46D00290002823C010090404F405C0E
:20C6E8008208822440F46DFF60FB01F20026092F0008370F6800DA41FE00DA0189CF280884
:20C70800821440F46DFF51FB01F200466DFF1DFB89C22A0982183C04DA0089CF2808028294
:20C728003C0100900C448B8F00F02C440C443B7001007FF045800C448B8F1EF02C440C43F3
:20C74800C21F2C430C42DE283BC001200940C00882414B100102F6170940C008DA644BF048
:20C768000102F6180940C0083B0019104B100102F612C2123C113BF001200C421E4B0C4253
:20C788001E6909404208DA093E0509404208DA0B7E033BE001200C437FF21280DA012C4380
:20C7A8000C42C21F2C420C42BFDF0A800C428B4F1FF02C42094FC008C21FB44F009082089B
:20C7C800820A82093C130290C21937097090DAFF7F0F048082183C0D3BF000406D00710225
:20C7E800022A3BA000406D002104DA6B5FAFEDFF02823C01009002588F1420F03B500140EF
:20C808008F1F40516D00EF023B60014002856D00EA023B70014082656D00E5023B400140D4
:20C828003BC006506D00DF02009020083B80024049A4000A82656D007402910000F6D9FF7C
:20C8480030200CA18F8F20F014A0A60FB4FF910000F6D9FF34200CA38F8F20000CA2A6F0A5
:20C86800B4F0910000F6D9FF38200CA58F8F20000CA4A6F0B4F0009020083B20024049A43A
:20C88800000A82656D004D02910000F6D9FF3C200CA18F8F20F014A0A60FB4FF910000F6AA
:20C8A800D9FF00300CA38F8F20000CA2A6F0B4F0910000F6D9FF04300CA58F8F20000CA461
:20C8C800A6F0B4F00090201082083BA000406D00AD038270B4A0DA0CACA23B3019F0ACA456
:20C8E80082048205BB0068699B86096082076D00D70A3BD028408215820682376D00510429
:20C90800821482056D006F023B20014082156D006A0282246D008A03821482056D00630279
:20C928006DFF4FFFDF021200820491000048D9440D2291000058D95535223B8017506DFF9B
:20C94800CBF482181D009C013BD0004082356D004A028220DA00BE0A82115F0128008221FF
:20C968005F013500DA035F0F42003C01820491000048D944213291000058D95535223B8058
:20C9880018506DFFA9F482183C413B0001403B0003506D002802910000F6D9FF08303B0094
:20C9A80020F19B0F68F474FF3C313B0001403B8003506D001802910000F6D9FF08303B0095
:20C9C80040F19B0F60F474FF3C213B0001403BC003506D000802910000F6D9FF08303B003D
:20C9E80000F19B0F58F474FF3C113B0001403B4003506D00F801910000F6D9FF08303B0006
:20CA080000F19B0F50F474FF3C01DF1804801D003701DA0482005F0F210082105F0F2E0092
:20CA280082205F0F3B0082305F0F480082405F0F550082505F0F62003C0182049100004878
:20CA4800D944084291000058D95535223B001B506DFF42F482183C613B1001403B2005503E
:20CA68006D00C101910000F6D9FF0830BBA099F99B4F36F46CF13C513B1001403B000550E1
:20CA88006D00B101910000F6D9FF0830BBA099F99B4F2EF46CF13C413B1001403B400550A9
:20CAA8006D00A101910000F6D9FF08303B6066F69B4F26F46CF13C313B1001403B80055067
:20CAC8006D009101910000F6D9FF0830BBD0CCFC9B4F1EF46CF13C213B1001403BC00550D3
:20CAE8006D008101910000F6D9FF0830BBD0CCFC9B4F16F46CF13C113B1001403B1005508B
:20CB08006D007101910000F6D9FF08303B3033F39B3F0EF46CF13C01DF1804801D00B00048
:20CB28003B2001403B4004506D005D013B30014082256D0058013B40014082056D0053019A
:20CB48003B50014082056D004E013B60014082056D0049013B80014082156D0044018214C9
:20CB68003B0004506D003F013B4001403B0008506D00390182246D0059023B4001408205CA
:20CB88006D00310182246D0051023BD000403BA000503B0008606D00540182246D00460252
:20CBA8003BD000403BA0005082066D004A0182246D003C026D006700DF0211008204910089
:20CBC8000048D944304291000058D95535223BB01E506DFF81F382183C528210DA00BE0479
:20CBE800DA015F0F24003C01820491000048D9440F5291000058D95535223B701F506DFFB2
:20CC08006BF382183C253BD000403B9000503B9000606D001601910000F6D9FF0830BB004C
:20CC280000F89BBF63F46CF23C133BD000403B9000503B9001606D000401910000F6D9FF33
:20CC48000830BB0000F89BBF53F46CF23C01DF1803803C153BD000403BB0005082166D004F
:20CC6800F0003BD0004082056DFFC7FD821482056D00B9003B4001406D00D80102823C01B4
:20CC880000908208820A82093C150290C21937097090DAFF7F0F048082183C0F3BD0004042
:20CCA8003BD000506D006E00022A3BA000406D00BD01DAFF5FAFEBFF02823C010090024858
:20CCC800DA006E0A3BD028406D00E101B0423B0000F2742F3C093BD028406D00D801B04286
:20CCE8007B0000F2742F82048F0848516D00B30E0228DA016E0A3BD028406D00C801B04220
:20CD08003B0000F2742F3C093BD028406D00BF01B0427B0000F2742F02823C0100900248B9
:20CD2800404F0259DA006E0A3BD028406D00AF01B0423B0000F2742F3C093BD028406D0038
:20CD4800A601B0427B0000F2742F82048F08485140F402966D00C70EDA016E0A3BD0284098
:20CD68006D009501B0423B0000F2742F3C093BD028406D008C01B0427B0000F2742F0090A2
:20CD8800025982088F1420F03B5001408F1F40516D0029003B60014002956D0024003B70A3
:20CDA800014082156D001F003B4001403BC004506D0019003C0C0280C21837087080DAFFCA
:20CDC8007F0F03803C0A82246D0030013B2002406DFF77FF6F02F17F82246DFF72FF3C0190
:20CDE80000900B451088DA006E0A3BD028406D004E01B0423B0000F2742F3C093BD02840B8
:20CE08006D004501B0427B0000F2742F8204028502966D00B60EDA016E0A3BD028406D004C
:20CE28003601B0423B0000F2742F3C093BD028406D002D01B0427B0000F2742F0090025FAB
:20CE48000268820A82098F1420B03B70014082056DFFC9FF3B50014002B56DFFC4FF3B60E2
:20CE6800014002F56DFFBFFF3B10024002856DFFBAFF3B4001403BC004506DFFB4FF3C0D9C
:20CE88000290C21937097090DAFF7F0F0480821A3C0A82246D00CA003B2002406DFF11FF1A
:20CEA8006F72F07F02A23C0100900D00000282046DFF47F79100004F82046DFF4ECF9100EA
:20CEC80000F6D9FF1430DA0034FF0D00400200800D00000282046DFF34F7C5F400408204B1
:20CEE8006DFF3BCF910000F6D9FF1830DA0034FF0D004002008002484DC0E1FF16073C01A0
:20CF0800370F48404DC0E20F3700E1078B0020F23C013C01EE0D6DFF3ECF092010093C0114
:20CF28003C014C243C01A20F3F8FFDFF3C3A82FF5F4F3700DA003E44DA01BE4A3C3291006A
:20CF480000F6D9FF1430DA0134FF6DFFEAF685FF100042F8A5F8300002246DFFF2F63C010B
:20CF6800910000F6D9FF143014FFEEFB3C1A910000F6D9FF1830DA0134FF6DFFD2F685FF47
:20CF88001040428FA5FF304002246DFFDAF63C01910000F6D9FF183014FFEEFB3C023C0197
:20CFA800009020104DC0E2FF370FE1F78B0F20823C010D00400300003C013C01820034A004
:20CFC800DA002CA2DA1F2CA3DA002CA1DA017801DADCACA4DA002CAA9100004F49A5000A50
:20CFE8006DFF04CF9100004F82046DFFB6CEDA0034AFDA002CA2DA1F2CA3DA002CA1DA01E5
:20D008007801DADDACA4DA012CAAC5F4004049A5000A6DFFEBCEC5F4004082046DFF9DCE6B
:20D0280076830D0000030090024FBB00C4097FF017803C0A3B0080429BB4E64E6DFF5DFFE2
:20D04800BB00C409A20FBB00C4093FF0F5FF3B50C3400654E2F46DFF50FF3C073B50C3409A
:20D068000654E2F46DFF49FF0090DA003C0C534F2000600F9140003F30F3D93FD438820008
:20D0880074F0C21FBF4FF57F0090BB00FEFF26F4DA005F4F3200DA405F4F34003B0014F06A
:20D0A8005F4F35003B0016F05F4F36003B001AF05F4F37003B001CF05F4F38003B001EF0C0
:20D0C8005F4F39003B0028F05F4F3A003B002AF05F4F3B003B002CF05F4F3C003B002EF04E
:20D0E8005F4F3D003B0040F05F4F3E003B0042F05F4F3F003C429140002FD922000A3C3E8F
:20D108009140002FD922008A3C399140002FD922000B3C349140002FD922004B3C2F914015
:20D12800002FD92200CB3C2A9140002FD922400B3C259140002FD922404B3C209140002F03
:20D14800D922000C3C1B9140002FD922004C3C169140002FD922008C3C119140002FD92201
:20D1680000CC3C0C9140002FD922008D3C079140002FD92200CD3C023C013C010090024F67
:20D1880002F46DFF84FF161F09202409570061FF6E0382123C0282023C013C0100900B453F
:20D1A8001088026AF69DDA003E74DA023E743C05DA003C05DA083C03DA103C013C08DA04F0
:20D1C8003E723C03DAC03C03DA803C0102846DFF5EFF8FF80141402402F56DFFE9B80284E2
:20D1E8006DFF55FF8FF80141820540246DFF12B9DF19198076AC02846DFF49FF8FF801F116
:20D2080082100FF01000892004093C0C02846DFF3EFF8FF801F17B1000000FF0100089207C
:20D2280004090090910000F8D9FF20D0D4F46DFF40AD910000F8D9FF20D0C8246DFF39AD48
:20D24800009020880249025A4DC0E2FF370FE1F78B0F20B23C010D00400300003C013C0168
:20D26800DA024BF901426DFF4FAD402F49A4240A40F56DFF75B06DFFD8C802246DFF09CF15
:20D288000B2310C882083C1C820702A60BCD10486DFFACA70B231048BB0024649BF60060C4
:20D2A80082076DFFF3A7BBF0FFFF7FF203803C0B8FFD1F1077CD800F0B0110C8C218DA10BD
:20D2C8003FF8E4FFDA103FF80280DA003E98DA013E9DDA02BE92DA03BE973C1DDA0089AF5A
:20D2E8002418DA3289AFA2183C16DA0089AF2A18DA9689AFA8183C0FDA0089AF2418DA1E4D
:20D3080089AFA2183C08DA0089AF2A18DA1E89AFA8183C01DA024BF90102DF011780DA00DA
:20D3280089AF0018DA0789AF2018DA0189AF211889A228090BCD10486DFFD9CE89A2240901
:20D34800DA0089AF0C183C15DA0189AF0018DA0989AF2618DA0289AF271889A230090BCD2B
:20D3680010486DFFC4CE89A22C09DA0089AF1418DA0089AF9A18DA0089AF9C18DA0089AF15
:20D38800012849A4000A49A5240A6DFF24AE02BF6E030D0000034D00D0FF16015E19DA0144
:20D3A80082103700010E37F0040C89F0283949A4000A6DFFEFAF0090DAAB3F4F0D00DA00F1
:20D3C8003FF40A005AF4910000F8D9FF4CF190FFD4FFDC0F1D00F20391000028D9225C00AD
:20D3E8001D00F60391000028D92238E01D00F00391000028D92248001D00EA039100002874
:20D40800D92234F01D00E40391000028D92220F01D00DE0391000028D9220CF01D00D80377
:20D4280091000028D92244101D00D20391000028D92258101D00CC0391000028D9226C10B2
:20D448001D00C60391000028D92270001D00C00391000028D9227C201D00BA0391000028F7
:20D46800D92268201D00B40391000028D92254201D00AE0391000028D92240201D00A8037B
:20D4880091000028D92278301D00A20391000028D9224C401D009C0391000028D922503036
:20D4A8001D00960391000028D92264301D00900391000028D92248501D008A039100002807
:20D4C800D92274401D00840391000028D92260401D007E0391000028D92244601D0078030F
:20D4E80091000028D92258601D00720391000028D9225C501D006C0391000028D9227050C6
:20D508001D00660391000028D92254701D00600391000028D92240701D005A0391000028EE
:20D52800D9226C601D00540391000028D92268701D004E0391000028D9227C701D004803A6
:20D5480091000028D9224C901D00420391000028D92278801D003C0391000028D922648031
:20D568001D00360391000028D92250801D00300391000028D92260901D002A0391000028D2
:20D58800D9225CA01D00240391000028D92248A01D001E0391000028D92274901D0018037E
:20D5A80091000028D92270A01D00120391000028D9226CB01D000C0391000028D92258B0B5
:20D5C8001D00060391000028D92244B01D00000391000028D92240C01D00FA0291000028CF
:20D5E800D92268C01D00F40291000028D92254C01D00EE0291000028D92248F01D00E80225
:20D6080091000028D9227CC01D00E20291000028D92274E01D00DC0291000028D9224CE02E
:20D628001D00D60291000028D92260E01D00D00291000028D92278D01D00CA02910000286C
:20D64800D92264D01D00C40291000028D92250D01D00BE0291000028D92270F01D00B80214
:20D6680091000028D92284001D00B20291000028D92298001D00AC0291000028D9225CF082
:20D688001D00A60291000028D922A4201D00A00291000028D922BC101D009A029100002894
:20D6A800D92290201D00940291000028D922A8101D008E0291000028D92294101D008802EC
:20D6C80091000028D92280101D00820291000028D922AC001D007C0291000028D922A030DE
:20D6E8001D00760291000028D922B4301D00700291000028D922B8201D006A029100002898
:20D70800D9228C301D00640291000028D92284501D005E0291000028D922B0401D005802A7
:20D7280091000028D9229C401D00520291000028D92288401D004C0291000028D922806065
:20D748001D00460291000028D92294601D00400291000028D92298501D003A0291000028A7
:20D76800D922AC501D00340291000028D92290701D002E0291000028D922BC601D0028023F
:20D7880091000028D922A8601D00220291000028D922A4701D001C0291000028D922B870A5
:20D7A8001D00160291000028D92288901D00100291000028D922B4801D000A029100002867
:20D7C800D922A0801D00040291000028D9228C801D00FE0191000028D9229C901D00F80131
:20D7E80091000028D92298A01D00F20191000028D92280B01D00EC0191000028D922ACA037
:20D808001D00E60191000028D92284A01D00E00191000028D922B0901D00DA019100002881
:20D82800D92294B01D00D40191000028D922A4C01D00CE0191000028D922B8C01D00C80199
:20D8480091000028D922BCB01D00C20191000028D92290C01D00BC0191000028D922A8B0D6
:20D868001D00B60191000028D9228CD01D00B00191000028D92288E01D00AA019100002851
:20D88800D922B4D01D00A40191000028D922A0D01D009E0191000028D9229CE01D00980179
:20D8A80091000028D922ACF01D00920191000028D92298F01D008C0191000028D922B0E036
:20D8C8001D00860191000028D92284F01D00800191000028D922E8001D007A0191000028E9
:20D8E800D922D4001D00740191000028D922C0001D006E0191000028D922E4101D00680191
:20D9080091000028D922D0101D00620191000028D922FC001D005C0191000028D922F81005
:20D928001D00560191000028D922F4201D00500191000028D922E0201D004A019100002860
:20D94800D922CC201D00440191000028D922C4401D003E0191000028D922F0301D00380138
:20D9680091000028D922C8301D00320191000028D922DC301D002C0191000028D922E850AD
:20D988001D00260191000028D922D4501D00200191000028D922C0501D001A019100002870
:20D9A800D922EC401D00140191000028D922D8401D000E0191000028D922FC501D000801E8
:20D9C80091000028D922E0701D00020191000028D922CC701D00FC0091000028D922E4601A
:20D9E8001D00F60091000028D922F8601D00F00091000028D922D0601D00EA00910000284F
:20DA0800D922F4701D00E40091000028D922D8901D00DE0091000028D922C4901D00D8008A
:20DA280091000028D922C8801D00D20091000028D922DC801D00CC0091000028D922F080D6
:20DA48001D00C60091000028D922EC901D00C00091000028D922E4B01D00BA0091000028F6
:20DA6800D922D0B01D00B40091000028D922E8A01D00AE0091000028D922FCA01D00A80036
:20DA880091000028D922C0A01D00A20091000028D922D4A01D009C0091000028D922DCD06A
:20DAA8001D00960091000028D922F4C01D00900091000028D922C8D01D008A0091000028EA
:20DAC800D922CCC01D00840091000028D922E0C03C7E91000028D922F8B03C79910000283E
:20DAE800D922ECE03C7491000028D922C4E03C6F91000028D922D8E03C6A91000028D922DE
:20DB0800F0D03C6591000028D922C0F03C6091000028D922FCF03C5B91000028D922E8F0D9
:20DB28003C5691000028D922D4F03C5191000028D9220C113C4C91000028D92238013C477D
:20DB480091000028D92210013C4291000028D92224013C3D91000028D92208213C38910046
:20DB68000028D92234113C3391000028D92220113C2E91000028D9221C213C299100002868
:20DB8800D92218313C2491000028D92204313C1F91000028D92230213C1A91000028D92286
:20DBA8002C313C1591000028D92214413C1091000028D92200413C0B820491000048D944A2
:20DBC80036523B3010506DFF00EBA0023C01009020389100014F6DFF7CB1910001FF19FFA9
:20DBE80000C0AE1F9100014F8204BB0068599B85B9546DFF61B39100014F82246DFF41B319
:20DC080049A4000A9100015F6DFFE5B282083C1982093C13370868F02CA4370948F02CA5A8
:20DC280049A4240A49A5000A6DFF34B249A4240A82146DFF12B3C219DA083FF9ED7FC2185A
:20DC4800BF48E87F00902038024F0B5610883B0071020B90504191000048D94436523B8009
:20DC680015506DFFB2EA02F46DFFA8FB402F14FF82003E0882103E0782203E0682303E052E
:20DC88003C053C043C033C023C019100014F6DFF20B19100012F192F00C0AE1F9100014FAC
:20DCA8008204BB0068599B85B9546DFF05B39100014F82246DFFE5B249A4000A9100015F97
:20DCC8006DFF89B214FF2CA409FF01082CA5BB0068F99B8FB9F44B0861014B0F51F04B0F33
:20DCE80071F17802F807DA0189AF120814FF82003E0A8210BE0882205F0F260082305F0F89
:20DD080033003C418205029409A6080982076DFF6DA2FB0071620B2310486DFFB7A289A226
:20DD28000C093C318205029409A6080982076DFF5DA2FB0071620B2310486DFFA7A289A254
:20DD48000C093C218205029409A6080982076DFF4DA2FB0071620B2310486DFF97A289A264
:20DD68000C093C118205029409A6080982076DFF3DA2FB0071620B2310486DFF87A289A274
:20DD88000C093C0149A4240A49A5000A6DFF82B149A4240A82146DFF4CB20090024F025821
:20DDA8003B0071020B80504191000048D94436523B7013506DFF09EA02F46DFFFFFA402FDC
:20DDC80014FF3B008000E20F60F29110013F3023D934000D09F401086DFFEBB014FF82003A
:20DDE8003E0A8210BE0682205F0F220082305F0F2D003C3982050284820702266DFFF6A1C8
:20DE0800FB0071620B2310486DFF40A202283C2B82050284820702266DFFE8A1FB00716246
:20DE28000B2310486DFF32A202283C1D82050284820702266DFFDAA1FB0071620B23104898
:20DE48006DFF24A202283C0F82050284820702266DFFCCA1FB0071620B2310486DFF16A204
:20DE680002283C0114FF3B008000E20F60F29110013F3023D934000D09F4010802856DFFDB
:20DE8800BAB00090094F4218370FE3013C04094F10293C01020FC2F0EEFB009049AA20BA8D
:20DEA8000B4510880B6710A809ACA04809ADA44809AEA848DA644BFB01020B0800419100F6
:20DEC8000048D9441D623BB03D506DFF7EE9DA644BFC01020B08004191000048D9441D62BA
:20DEE8003BC03D506DFF71E9DA644BFD01020B08004191000048D9441D623BD03D506DFF76
:20DF080064E93B3019F03EEEDA644BFE01020B08004191000048D9441D623B003E506DFF84
:20DF280054E9910000F6D9FF4C31B4FE370848406DFFBBB4402CB4AE49A4103A49A5283A17
:20DF48000B8B10480BCD10686D00900149A4040A40C56DFFEBB8DA002CA4BB00C2FB9BEFC2
:20DF6800C3F47805DA002CAC49AF103AF80949A4300A49A5040A6DFFB3B649A4303A49A533
:20DF8800300A6DFF8FB64B0A61F1783DDA003E99DA01BE93DA02BE9EDA035F9F27003C31AE
:20DFA80009AF7838B70F81F189AF383809AF7838961089AF38383C2509AF7838B70F81F15A
:20DFC80089AF383809AF7838B70F01F289AF38383C1809AF7838960889AF383809AF78385E
:20DFE800961089AF38383C0D09AF7838960889AF383809AF7838B70F01F289AF38383C01CE
:20E0080009AF7838962089AF383809A0F838DA0837F006F389AFB83809AF7938B70F01F20D
:20E0280089AF393809A2E83989A2CC493B3019F07EE609AF7838960489AF383849A43C1A5E
:20E0480049A5303A6DFF3CB53B3019F05FEF2D80D83CD4FFC8AF09FF5108B70F01F389FF93
:20E06800110882048205820640C46DFF67B4910000F6D9FF4C313B3019F0B4FFDA003E88BC
:20E08800DA013E89DA023E8ADA033E8B3C0D3B2001E03C0A3B8007E03C073BE00DE03C0494
:20E0A8003B4014E03C01DA0509C0560837F003F289CF1608534820F0910000F6D9FF7C216D
:20E0C80010FF4CC674FF534820F0910000F6D9FF7C2110FF534820F091000026D9227C21F4
:20E0E8001022092FC208B77F85F3ACF1534820F0910000F6D9FF7C2110FF534820F09100A7
:20E108000026D9227C211022142FB71F03F234FF534820F0910000F6D9FF7C2110FF534875
:20E1280020F091000026D9227C211022142FB71F83F034FF534820F0910000F6D9FF7C21E0
:20E1480010F2534820F0910000F6D9FF7C2110FF081FB71F03F12C21534820F0910000F68F
:20E16800D9FF7C2110FF534820F091000026D9227C211022092FC008B71F83F3B4FF53484D
:20E1880020F0910000F6D9FF7C2110F2534820F0910000F6D9FF7C2110FF082F96202C2278
:20E1A800534820F0910000F6D9FF7C2110F2534820F0910000F6D9FF7C2110FF082FB70FFB
:20E1C80081F12C22534820F0910000F6D9FF7C2110F2534820F0910000F6D9FF7C2110FF18
:20E1E800082FB70F01F32C22534820F0910000F6D9FF7C2110F2534820F0910000F6D9FF25
:20E208007C2110FF082FB71F03F02C22534820F0910000F6D9FF7C2110F2534820F0910017
:20E2280000F6D9FF7C2110FF081FB71F83F22C21534820F0910000F6D9FF7C2110F2534859
:20E2480020F0910000F6D9FF7C2110FF0830DA664BFE0122DA064BF301229AD2370F68F06C
:20E2680037F004F22C2300900B67108894AF404F405C3B80000089F014083B00080028C0A7
:20E288003B0008002840820089F01508820089C005083B00080089C0040882005F400D0015
:20E2A80082105F40C20082205F408B0182305F4087021D00CF03F65791000028D922185163
:20E2C800F4F23C12DF15088091000028D9222851F4F23C0A820491000048D9441D623B20D7
:20E2E80004506DFF72E7DF68088091000028D9223841E8223C12DF78088091000028D92216
:20E308000851E8223C0A820491000048D9441D623B6004506DFF59E73BC000005F090880CB
:20E3280091000028D9222841E8423C0A820491000048D9441D623B9004506DFF46E73B203A
:20E3480001007E07910000F8D9FF3851F4CF3C6A3B8001007E07910000F8D9FF2061F4CFF6
:20E368003C613BE001007E07910000F8D9FF3461F4CF3C583B4002007E07910000F8D9FFA7
:20E388000871F4CF3C4F3BA002007E07910000F8D9FF1C71F4CF3C463B0003007E079100C5
:20E3A80000F8D9FF3071F4CF3C3D3B6003007E07910000F8D9FF0481F4CF3C343BC003006E
:20E3C8007E07910000F8D9FF1881F4CF3C2B3B2004007E07910000F8D9FF2C81F4CF3C2279
:20E3E8003B8004007E07910000F8D9FF0091F4CF3C193B0006007E07910000F8D9FF0C6133
:20E40800F4CF3C103B3019007E04A00FF4CF3C0A820491000048D9441D623B7005506DFFC0
:20E42800D4E61D0017033B6006005F05088091000028D92224A1F4F23C143B7006005F0592
:20E44800088091000028D92234A1F4F23C0A820491000048D9441D623BF005506DFFB5E6F5
:20E468003BC006005F08088091000028D9223491E8223C1E3BD006005F080880910000280E
:20E48800D92204A1E8223C143BE006005F08088091000028D92214A1E8223C0A820491009A
:20E4A8000048D9441D623B4006506DFF8EE63B2007005F09088091000028D9221491E842EA
:20E4C8003C143B3007005F09088091000028D9222491E8423C0A820491000048D9441D62AE
:20E4E8003B8006506DFF71E63B8007007E07910000F8D9FF04B1F4CF3C613BE007007E07DC
:20E50800910000F8D9FF18B1F4CF3C583B4008007E07910000F8D9FF2CB1F4CF3C4F3BA003
:20E5280008007E07910000F8D9FF00C1F4CF3C463B0009007E07910000F8D9FF14C1F4CF1D
:20E548003C3D3B6009007E07910000F8D9FF28C1F4CF3C343BC009007E07910000F8D9FFAA
:20E568003CC1F4CF3C2B3B200A007E07910000F8D9FF10D1F4CF3C223B800A007E07910044
:20E5880000F8D9FF24D1F4CF3C193BE00A007E07910000F8D9FF38D1F4CF3C103B301900EF
:20E5A8007E04A00FF4CF3C0A820491000048D9441D623B5007506DFF08E61D004B023BC07D
:20E5C8000C005F05088091000028D9224C01F4F23C323BD00C005F05088091000028D9222F
:20E5E8005C01F4F23C283BE00C005F05088091000028D9226C01F4F23C1E3BF00C005F055D
:20E60800088091000028D9227C01F4F23C143B000D005F05088091000028D9224C11F4F2D8
:20E628003C0A820491000048D9441D623BF007506DFFCBE53B200D005F08088091000028E3
:20E64800D9221CF1E8223C1E3B300D005F08088091000028D9222CF1E8223C143B400D002C
:20E668005F08088091000028D9223CF1E8223C0A820491000048D9441D623B4008506DFF38
:20E68800A4E53B800D005F09088091000028D9220CF1E8423C323B900D005F09088091008F
:20E6A8000028D9220CE1E8423C283BA00D005F09088091000028D9221CE1E8423C1E3BB0BC
:20E6C8000D005F09088091000028D9222CE1E8423C143BC00D005F09088091000028D9224E
:20E6E8003CE1E8423C0A820491000048D9441D623BB008506DFF69E53BE00D007E0791004F
:20E7080000F8D9FF5C11F4CF3C583B400E007E07910000F8D9FF7011F4CF3C4F3BA00E0036
:20E728007E07910000F8D9FF4421F4CF3C463B000F007E07910000F8D9FF5821F4CF3C3D5C
:20E748003BC00F007E07910000F8D9FF6C21F4CF3C343B2010007E07910000F8D9FF40313F
:20E76800F4CF3C2B3B8010007E07910000F8D9FF5431F4CF3C223BE010007E07910000F8D7
:20E78800D9FF6831F4CF3C193B4011007E07910000F8D9FF7C31F4CF3C103B3019007E04B4
:20E7A800A00FF4CF3C0A820491000048D9441D623B7009506DFF09E51D004C013B20130068
:20E7C8005F05088091000028D9225071F4F23C323B3013005F05088091000028D92270618D
:20E7E800F4F23C283B4013005F05088091000028D9224071F4F23C1E3B5013005F0508801E
:20E8080091000028D9226071F4F23C143B6013005F05088091000028D9227071F4F23C0ADA
:20E82800820491000048D9441D623B100A506DFFCCE43B8013005F08088091000028D922A3
:20E848007051E8223C323B9013005F08088091000028D9224061E8223C283BA013005F0892
:20E86800088091000028D9225061E8223C1E3BB013005F08088091000028D9226051E822E3
:20E888003C143BC013005F08088091000028D9226061E8223C0A820491000048D9441D6263
:20E8A8003B800A506DFF91E43BE013005F09088091000028D9225041E8423C323BF0130021
:20E8C8005F09088091000028D9227041E8423C283B0014005F09088091000028D9224051C9
:20E8E800E8423C1E3B1014005F09088091000028D9225051E8423C143B2014005F0908800F
:20E9080091000028D9226041E8423C0A820491000048D9441D623BF00A506DFF56E43B4089
:20E9280014007E08910000F8D9FF4081F4CF1D0090003BA014007E08910000F8D9FF5091EC
:20E94800F4CF1D0086003BB014007E07910000F8D9FF6491F4CF3C7C3B0015007E0791008E
:20E9680000F8D9FF7891F4CF3C733B1015007E07910000F8D9FF4CA1F4CF3C6A3B601500F8
:20E988007E07910000F8D9FF60A1F4CF3C613BC015007E07910000F8D9FF74A1F4CF3C58C6
:20E9A8003B2016007E07910000F8D9FF48B1F4CF3C4F3B8016007E07910000F8D9FF5CB1ED
:20E9C800F4CF3C463BE016007E07910000F8D9FF70B1F4CF3C3D3BF016007E07910000F827
:20E9E800D9FF44C1F4CF3C343B4017007E07910000F8D9FF58C1F4CF3C2B3B6018007E070C
:20EA0800910000F8D9FF5481F4CF3C223BC018007E07910000F8D9FF6881F4CF3C193B2042
:20EA280019007E07910000F8D9FF7C81F4CF3C103B3019007E04A00FF4CF3C0A82049100EE
:20EA48000048D9441D623B100C506DFFBEE33C0100900B451088370848406DFF26AF402CED
:20EA680040C46DFF11FA534820F0910000F6D9FF7C2110FF54FF8200370F01F089CF2019C0
:20EA880089C924193C0109CF4218370FE3F16EFC40C46DFFF9F9534820F0910000F6D9FF80
:20EAA8007C2110FF54FF8210370F01F089CF2019DA0089CF24193C0109CF4218370FE3F1FD
:20EAC8006EFC3C0109CF41186F3FFE7FBBF0FFFF89CF141909CF10293C01370F68203C01A4
:20EAE80000900B541088404C026A370948406DFFDCAE402D40D46DFFC7F9534920F09100E7
:20EB080000F6D9FF7C2110FF54F082013710010089D0201989D824193C0109D0421837008D
:20EB2800E3F16EFC40D46DFFAFF9DF1A0F80534920F0910000F6D9FF7C2110FF54FF821043
:20EB4800370F01F089DF2019DA0089DF24193C0109DF4218370FE3F16EFC09DF10293C01F5
:20EB680034CFB01CC2FADF0AE2FF3C0109DF41186F3FFE7FBBF0FFFF89DF141900900B4571
:20EB88001088026A370848406DFF8FAE402C534820F0910000F6D9FF7C2110FF54FF820002
:20EBA800370F01F089CF201940C46DFF6DF989C924193C0109CF42181607EEFD534820F0FE
:20EBC800910000F6D9FF7C2110FF54FF8210370F01F089CF201989CA24193C0109CF421876
:20EBE8001607EEFD3C0109CF41186F3FFE7FBBF0FFFF89CF14190090A002DA003E48DA01D1
:20EC08003E4BDA023E4EDA03BE413C1591000026D92250313C1091000026D9227C413C0B99
:20EC280091000026D92268613C0691000026D92254813C013C01009020200B4510A80B76B5
:20EC480010884DC0E2FF370FE1F78B0F20C23C010D00400300003C013C01370A48406DFF50
:20EC6800C29B91000046D94440A140256DFF859F02A46D00250202A46D00B402910000F6DB
:20EC8800D9FF40A1DA0889FF2C08910000F6D9FF40A1DA04ACF4910000F6D9FF40A14B0BC1
:20ECA80061F16CF1910000F6D9FF40A1DA072CFAA00FF4AFA00FF80449A4180A49A5080A4A
:20ECC8000BA9104802866D002800DA102CACDA8089AF1C08DA0089AF1D08910000F6D9FFF5
:20ECE80040A149A2000AE8A202A46DFF87FF91000056D95540A140246DFF059D820502A47F
:20ED08006D00B401820502A46D00F60202CF6E030D0000030090DA003E4CDA015F4F400028
:20ED2800DA025F4FC600DA035F4F27011D008901F658910000F8D9FF0C1080FF744F3C1CBC
:20ED4800DF150980910000F8D9FF1C1080FF744F3C13DF250980910000F8D9FF2C1080FF67
:20ED6800744F3C0ADF350980910000F8D9FF3C1080FF744F3C01F668910000F8D9FF2C00CE
:20ED880080FF745F3C0ADF160980910000F8D9FF3C0080FF745F3C011D005401DF4509800A
:20EDA800910000F8D9FF2C3080FF744F3C49DF550980910000F8D9FF3C3080FF744F3C407F
:20EDC800DF650980910000F8D9FF0C4080FF744F3C37DF750980910000F8D9FF1C4080FFE3
:20EDE800744F3C2EDA087E58910000F8D9FF2C4080FF744F3C25DA097E58910000F8D9FF9C
:20EE08003C4080FF744F3C1CDA0A7E58910000F8D9FF0C5080FF744F3C13DA0B7E58910080
:20EE280000F8D9FF1C5080FF744F3C0ADA0C7E58910000F8D9FF2C5080FF744F3C01DF46C9
:20EE48000980910000F8D9FF0C2080FF745F3C2EDF560980910000F8D9FF1C2080FF745F2B
:20EE68003C25DF660980910000F8D9FF2C2080FF745F3C1CDF360980910000F8D9FF3C20A9
:20EE880080FF745F3C13DF760980910000F8D9FF0C3080FF745F3C0ADF260980910000F89F
:20EEA800D9FF1C3080FF745F3C011D00CB00DA0D7E58910000F8D9FF0C7080FF744F3C2E69
:20EEC800DA0E7E58910000F8D9FF1C7080FF744F3C25DA0F7E58910000F8D9FF2C7080FFA1
:20EEE800744F3C1CDA107E58910000F8D9FF3C7080FF744F3C13DA117E58910000F8D9FF6F
:20EF08000C8080FF744F3C0ADA127E58910000F8D9FF1C8080FF744F3C01DA0B7E6891003B
:20EF280000F8D9FF3C5080FF745F3C25DA097E68910000F8D9FF0C6080FF745F3C1CDA0A96
:20EF48007E68910000F8D9FF1C6080FF745F3C13DA0C7E68910000F8D9FF2C6080FF745F3A
:20EF68003C0ADA087E68910000F8D9FF3C6080FF745F3C013C66DA137E58910000F8D9FF29
:20EF88002C9080FF744F3C37DA147E58910000F8D9FF3C9080FF744F3C2EDA157E58910005
:20EFA80000F8D9FF0CA080FF744F3C25DA167E58910000F8D9FF1CA080FF744F3C1CDA17BC
:20EFC8007E58910000F8D9FF2CA080FF744F3C13DA187E58910000F8D9FF3CA080FF744F4E
:20EFE8003C0ADA197E58910000F8D9FF0CB080FF744F3C01DA0E7E68910000F8D9FF2C8083
:20F0080080FF745F3C1CDA0F7E68910000F8D9FF3C8080FF745F3C13DA0D7E68910000F85B
:20F02800D9FF0C9080FF745F3C0ADA107E68910000F8D9FF1C9080FF745F3C013C023C01D5
:20F048000090404F82086DFFD9FDD424094F5208161F3C016E07D424821440F56DFF4C9A17
:20F06800821802823C0100900258910000F6D9FF40A1D4FF370448406DFFB59991000046DC
:20F08800D94440A140256DFF789D40F46DFF1B9A370868F06E03DA013C02DA0009F04318E0
:20F0A80037F001F289FF031876850C2196042C213C050C21B70F01F12C210090DA003E4C15
:20F0C800DA015F4F2B00DA025F4F4900DA035F4F67001D008600910000F6D9FF40A191003B
:20F0E8000026D9225441E8C2910000F6D9FF40A191000026D9226C31E8E2910000F6D9FFF0
:20F1080040A1DA0189FFAE08910000F6D9FF40A1DA0189FFB4083C64910000F6D9FF40A1AE
:20F1280091000026D9224061E8C2910000F6D9FF40A191000026D9225851E8E2910000F6DE
:20F14800D9FF40A1DA0189FFAE08910000F6D9FF40A1DA0189FFB4083C43910000F6D9FF98
:20F1680040A191000026D9226C71E8C2910000F6D9FF40A191000026D9224471E8E291006B
:20F1880000F6D9FF40A1DA0189FFAE08910000F6D9FF40A1DA0189FFB4083C22910000F65B
:20F1A800D9FF40A191000026D9225891E8C2910000F6D9FF40A191000026D9227081E8E29C
:20F1C800910000F6D9FF40A1DA0189FFAE08910000F6D9FF40A1DA0189FFB4083C010090A2
:20F1E800DA003E4BDA015F4F2600DA025F4F4000DA035F4F5A003C75910000F6D9FF40A155
:20F20800DA3C89FFA008910000F6D9FF40A1DA5089FFA208910000F6D9FF40A1DA2889FF3A
:20F22800A408910000F6D9FF40A1DA0089FF26083C61910000F6D9FF40A1DA3C89FFA00827
:20F24800910000F6D9FF40A1DA5089FFA208910000F6D9FF40A1DA2889FFA408910000F60D
:20F26800D9FF40A1DA0089FF26083C44910000F6D9FF40A1DA3C89FFA008910000F6D9FFD8
:20F2880040A1DA5089FFA208910000F6D9FF40A1DA2889FFA408910000F6D9FF40A1DA0099
:20F2A80089FF26083C27910000F6D9FF40A1DA3C89FFA008910000F6D9FF40A1DAC889FF3D
:20F2C800A208910000F6D9FF40A1DA2889FFA408910000F6D9FF40A1DA0089FF26083C0AF0
:20F2E800820491000048D94404723BC006506DFF6CDF00900258910000F6D9FF40A1D4FF0F
:20F30800370448406DFF6F9891000046D94440A140256DFF329C40F46DFFE298370868F08A
:20F328006E03DA013C02DA0009F0431837F081F389FF031876850C2196042C213C050C2152
:20F34800B70F01F12C210090404F025F6DFF56FCD42440F502F46DFFC5990090200834A5E4
:20F368006DFF4CFCD42449A5000A82146DFFBA9900900248404F3C0909FF0008B01F370FB9
:20F38800685002846DFFECFF09FF0008EEF6009000A60160002D31016F12833A6F12833A6A
:20F3A8006F12833A0000000000000000000000000AD7233C0AD7233C0AD7233C17B7D13870
:20F3C80017B7D13817B7D13817B7D13817B7D13817B7D1380000803F0000803F0000004034
:20F3E800000000000000000000000000000000000000000000000000000000000000000005
:20F40800000000000000000000000000000000000000000000108045CDCC644100803B45D1
:20F428000000000000000001000000000000010101000000000000609CF30080040000004D
:20F44800010000000400006098F3008004000000010000000800006028F40080010000002A
:20F46800010000000C00006029F40080010000000100000010000060A0F30080580000009D
:20F4880001000000680000602AF4008001000000010000006C000060F8F3008018000000AC
:20F4A80001000000840000602BF400800100000001000000880000602CF400800100000035
:20F4C800010000008C0000602DF400800100000001000000900000602EF400800100000001
:20F4E80001000000940000602FF4008001000000010000009800006030F4008001000000CD
:20F50800010000009C00006031F400800100000001000000A000006032F400800100000098
:20F5280001000000A400006033F400800100000001000000A800006034F400800100000064
:20F5480001000000AC00006035F400800100000001000000B000006010F400800200000055
:20F5680001000000B400006012F400800200000001000000B800006014F400800200000043
:20F5880001000000BC00006016F400800200000001000000C000006018F40080020000000B
:20F5A80001000000C40000601AF400800200000001000000C80000601CF400800C000000C9
:20F5C80001000000D400006036F400800100000001000000D800006037F40080010000005E
:20F5E80002000000DC000060000000001211000002000000F01100600000000065000000DA
:20F608000200000058120060000000007602000002000000D0140060000000004100000017
:20F6280002000000141500600000000025000000020000003C15006000000000410000001E
:20F648000200000080150060000000002500000002000000A8150060000000004100000026
:20F6680002000000EC1500600000000025000000020000001416006000000000410000002D
:20F68800020000005816006000000000250000000200000080160060000000004000000035
:10F6A8000000000000000000000000000000000052
:02000004800278
:2000000000000000700059B30000000000000000000000000000000064B81E799B47E18668
:02000004800F6B
:1443C000911000E8D9EE12DADC0E911000E8D9EE34DADC0E7B
:20450000911000E8D9EE6A0ADC0E911000E8D9EE5A1ADC0E911000E8D9EE761ADC0E9110D4
:0845200000E8D9EE522ADC0E7E
:0A464000911000E8D9EE36BADC0E46
:20478000911000E8D9EE16EADC0E911000E8D9EE16EADC0E911000E8D9EE16EADC0E9110CA
:0847A00000E8D9EE16EADC0E78
:1E4A0000911000E8D9EE461ADC0E911000E8D9EE16EADC0E911000E8D9EE16EADC0E8A
:0A4C8000911000E8D9EE12FADC0EE4
:144F0000911000E8D9EE3EFADC0E911000E8D9EE16EADC0EF1
:0A518000911000E8D9EE26EADC0EDB
:0A52C000911000E8D9EE24CADC0EBC
:0A590000911000E8D9EE6E2ADC0ECB
:0A5B8000911000E8D9EEF2ACDC0E43
:0A5BA000911000E8D9EED8BCDC0E2D
:040000058000002057
:00000001FF
