:0200000480007A
:2000000000000000700059B30000000000000000000000000000000064B81E799B47E18668
:20002000910000F8D9FFAC93DC0F0090000600F000B403F00100000000000000000600F011
:2000400000B503F00300000001000000000600F000B403F00000000090000000000600F0D1
:2000600000B403F00100000090000000000600F000B503F00200000090000000000600F022
:2000800000B503F00300000090000000000700F000B503F00100000000000000000700F08E
:2000A00000B503F00500000001000000000700F000C003F00900000002000000000700F0E6
:2000C00000B103F00A00000004000000000700F000D303F00D00000005000000000700F0A8
:2000E00000A203F00300000006000000000700F000A203F00200000090000000000700F04D
:2001000000B103F00C00000090000000000700F000B503F00000000090000000000700F079
:2001200000B503F00100000090000000000700F000B503F00400000090000000000700F05C
:2001400000B503F00500000090000000000700F000C003F00A00000090000000000700F027
:2001600000D303F00C00000090000000000700F000D303F00D00000090000000000800F0CB
:2001800000B403F00300000000000000000800F000A203F00100000001000000000800F02E
:2001A00000B003F00600000003000000000800F000D303F00800000004000000000800F0D1
:2001C00000A203F00000000006000000000800F000A203F00000000090000000000800F06F
:2001E00000B003F00500000090000000000800F000B403F00200000090000000000800F09E
:2002000000B403F00300000090000000000800F000D303F00800000090000000000800F056
:2002200000D303F00900000090000000000900F000B503F00700000000000000000900F0BE
:2002400000C003F00300000002000000000900F000A003F00100000004000000000900F05C
:2002600000C103F00600000005000000000900F000A003F00000000098000000000900F0A2
:2002800000A003F00100000090000000000900F000B503F00600000090000000000900F00A
:2002A00000B503F00700000090000000000900F000C003F00000000090000000000900F0CA
:2002C00000C003F00300000090000000000900F000C103F00700000090000000000600F09E
:2002E00000000000000700F001000000000800F002000000000900F0030000000050C348B5
:20030000640000000050C348640000001400000000000000000000000100000000000000A5
:200320000000000000000000000000000000000000000000000001010700000000000901AA
:20034000000000000602000000000A03000000000000000000000000010100000000000086
:20036000002A00F000000000002B00F001000000000081F800000000000083F80100000052
:2003800000000000000000000000000000000000000000000000000000000000000000005D
:2003A0000000010000010F00010F0000000000000000000000000000002E00F002000000FC
:2003C00000A003F00800000000000000002E00F00200000000D303F0060000000100000095
:2003E000002E00F00200000000A003F00700000000000000002E00F00200000000D303F05D
:200400000700000001000000002E00F00300000000A203F00700000000000000002E00F0F9
:200420000300000000A203F00600000000000000002E00F00400000000A003F00900000060
:2004400000000000002E00F00400000000D303F00500000001000000002E00F0040000008C
:2004600000A203F00800000000000000002E00F00500000000C103F0060000000000000002
:20048000002E00F00500000000B003F00100000001000000002E00F00500000000C103F0BD
:2004A0000700000000000000002E00F00500000000B003F00300000001000000002E00F04D
:2004C0000600000000C003F00000000000000000002E00F00600000000C003F00300000089
:2004E00000000000002E00F00600000000B003F00200000001000000000002000000000030
:2005000000A203F00000000088000000000002003000000000C203F001000000880000004E
:20052000000002003500000000C103F00200000088000000000002005500000000B403F048
:200540000500000088000000000002000800000000A203F0080000008800000000000200DD
:200560000900000000A003F00000000088000000000103006700000000B003F00100000048
:2005800088000000000102000A00000000A003F00100000088000000000102000B0000009C
:2005A00000A003F00200000088000000000102000100000000A203F00100000088000000FC
:2005C000000102001F00000000D303F00900000088000000000102002F00000000C203F0BB
:2005E0000000000088000000000102003600000000C103F0030000008800000000010200F8
:200600005400000000B403F00400000088000000000203006800000000B003F00200000041
:2006200088000000000203006B00000000B003F00500000088000000000202000C00000082
:2006400000A003F00300000088000000000202000200000000A203F0020000008800000057
:20066000000202002100000000D303F00B00000088000000000202003700000000C103F00D
:200680000400000088000000000202005300000000B403F00300000088000000000303003F
:2006A0006900000000B003F00300000088000000000303006C00000000B003F00600000088
:2006C00088000000000302000D00000000A003F00400000088000000000302000300000059
:2006E00000A203F00300000088000000000302003100000000C203F0020000008800000065
:20070000000302003800000000C103F00500000088000000000302005200000000B403F05D
:200720000200000088000000000402000E00000000A003F0050000008800000000040200F5
:200740000400000000A203F00400000088000000000402003200000000C203F00300000084
:2007600088000000000402003900000000C103F00600000088000000000402003D0000002D
:2007800000C003F00300000088000000000402005100000000B403F0010000008800000094
:2007A000000502000F00000000A003F00600000088000000000502002800000000D203F00E
:2007C0000400000088000000000502003A00000000C103F007000000880000000005020002
:2007E0000500000000A203F00500000088000000000602001000000000A003F00700000020
:2008000088000000000602002A00000000C303F00100000088000000000602003B0000009C
:2008200000C003F00000000088000000000602000600000000A203F006000000880000004C
:20084000000702001100000000A003F00800000088000000000702004000000000C003F05F
:200860000800000088000000000702000700000000A203F0070000008800000001000300B0
:200880000000000000A203F00000000088000000010003003000000000C203F00100000051
:2008A00088000000010003003500000000C103F002000000880000000100020044000000F2
:2008C00000C003F00C00000088000000010002004C00000000B503F005000000880000004D
:2008E000010002004D00000000B503F00600000088000000010003000800000000A203F0D1
:200900000800000088000000010003000900000000A003F00000000088000000010102001B
:200920006700000000B003F00100000088000000010103000A00000000A003F00100000081
:2009400088000000010103000B00000000A003F002000000880000000101030001000000DC
:2009600000A203F00100000088000000010103001F00000000D303F00900000088000000DE
:20098000010103002F00000000C203F00000000088000000010103003600000000C103F0F7
:2009A0000300000088000000010102004500000000C003F00D000000880000000101020017
:2009C0004E00000000B503F00700000088000000010102004F00000000B503F0080000008F
:2009E00088000000010102005600000000B403F00600000088000000010202006800000073
:200A000000B003F00200000088000000010202006B00000000B003F0050000008800000009
:200A2000010203000C00000000A003F00300000088000000010203000200000000A203F0E9
:200A40000200000088000000010203002100000000D303F00B000000880000000102030086
:200A60003700000000C103F00400000088000000010202004600000000C003F00E000000F3
:200A800088000000010202005000000000B403F000000000880000000103020069000000DB
:200AA00000B003F00300000088000000010302006C00000000B003F0060000008800000065
:200AC000010303000D00000000A003F00400000088000000010303000300000000A203F044
:200AE0000300000088000000010303003100000000C203F0020000008800000001030300ED
:200B00003800000000C103F00500000088000000010302004700000000B503F00000000067
:200B200088000000010403000E00000000A003F005000000880000000104030004000000EB
:200B400000A203F00400000088000000010403003200000000C203F00300000088000000FA
:200B6000010403003900000000C103F00600000088000000010403003D00000000C003F0FA
:200B80000300000088000000010402004800000000B503F001000000880000000105030041
:200BA0000F00000000A003F00600000088000000010503002800000000D203F0040000000B
:200BC00088000000010503003A00000000C103F007000000880000000105030005000000F9
:200BE00000A203F00500000088000000010502004100000000C003F0090000008800000046
:200C0000010502004900000000B503F00200000088000000010603001000000000A003F0A4
:200C20000700000088000000010603002A00000000C303F0010000008800000001060300A8
:200C40003B00000000C003F00000000088000000010602004200000000C003F00A00000016
:200C600088000000010603000600000000A203F00600000088000000010602004A00000066
:200C800000B503F00300000088000000010703001100000000A003F00800000088000000E2
:200CA000010702004300000000C003F00B00000088000000010702004B00000000B503F0A4
:200CC0000400000088000000010703000700000000A203F00700000088000000020002004E
:200CE0001200000000A003F00900000088000000020002001A00000000D303F004000000D6
:200D000088000000020002002000000000D303F00A00000088000000020003004400000086
:200D200000C003F00C00000088000000020002005E00000000B303F00300000088000000D9
:200D4000020102001B00000000D303F00500000088000000020103004500000000C003F022
:200D60000D00000088000000020102005F00000000B103F002000000880000000202020046
:200D80001C00000000D303F00600000088000000020203004600000000C003F00E000000D5
:200DA00088000000020202006000000000B103F003000000880000000203020015000000FA
:200DC00000A003F00C00000088000000020302001D00000000D303F0070000008800000073
:200DE000020303004700000000B503F00000000088000000020302006100000000B103F068
:200E00000600000088000000020402001E00000000D303F0080000008800000002040200C0
:200E20002200000000D303F00C00000088000000020403004800000000B503F0010000003C
:200E400088000000020402006200000000B103F0090000008800000002050200230000003F
:200E600000D303F00D00000088000000020503004100000000C003F0090000008800000088
:200E8000020503004900000000B503F00200000088000000020502005B00000000B303F0C3
:200EA0000000000088000000020502006300000000B103F00A0000008800000002060200FE
:200EC0006400000000B103F00B00000088000000020602002400000000D203F00000000084
:200EE00088000000020602003E00000000C003F00600000088000000020603004200000094
:200F000000C003F00A00000088000000020603004A00000000B503F0030000008800000004
:200F2000020602005C00000000B303F00100000088000000020702006500000000B103F008
:200F40000C00000088000000020702003F00000000C003F007000000880000000207030065
:200F60004000000000C003F00800000088000000020703004300000000C003F00B000000E1
:200F800088000000020703004B00000000B503F00400000088000000020702005D000000D6
:200FA00000B303F00200000088000000030003001200000000A003F00900000088000000C5
:200FC000030003001A00000000D303F00400000088000000030003002000000000D303F0B3
:200FE0000A00000088000000030003004C00000000B503F0050000008800000003000300D2
:201000004D00000000B503F00600000088000000030003005500000000B403F00500000046
:2010200088000000030003005E00000000B303F00300000088000000030103001B00000071
:2010400000D303F00500000088000000030103004E00000000B503F00700000088000000B1
:20106000030103004F00000000B503F00800000088000000030103005400000000B403F0E0
:201080000400000088000000030103005600000000B403F00600000088000000030103002B
:2010A0005F00000000B103F00200000088000000030203001C00000000D303F006000000B3
:2010C00088000000030203005000000000B403F000000000880000000302030053000000A6
:2010E00000B403F00300000088000000030203006000000000B103F0030000008800000027
:20110000030303001500000000A003F00C00000088000000030303001D00000000D303F09E
:201120000700000088000000030303005200000000B403F00200000088000000030303008B
:201140006100000000B103F00600000088000000030403001E00000000D303F00800000006
:2011600088000000030403002200000000D303F00C00000088000000030403005100000006
:2011800000B403F00100000088000000030403006200000000B103F009000000880000007E
:2011A000030503002300000000D303F00D00000088000000030503005B00000000B303F09A
:2011C0000000000088000000030503006300000000B103F00A0000008800000003060300D7
:2011E0006400000000B103F00B00000088000000030603002400000000D203F0000000005F
:2012000088000000030603003E00000000C003F00600000088000000030603005C00000053
:2012200000B303F00100000088000000030703006500000000B103F00C00000088000000D5
:20124000030703003F00000000C003F00700000088000000030703005D00000000B303F0F0
:201260000200000088000000001C00F000C003F00C00000000000000001C00F000C003F05A
:201280000C000000A0000000001C00F000C003F00E00000098000000001C00F000C003F07E
:2012A0000B00000098000000001C00F000C003F00D000000A8000000001C00F0000000000B
:2012C00000C003F00800000098000000001C00F00D00000000B503F0000000009800000062
:2012E000001C00F00100000000C003F00900000098000000001C00F00200000000C003F0CC
:201300000D00000098000000001C00F00300000000B103F00A00000098000000001C00F0C7
:201320000400000000B103F00B00000098000000001C00F00500000000B103F002000000AB
:2013400098000000001C00F00600000000C003F00A00000098000000001C00F0070000007B
:2013600000D303F00500000090000000001C00F00800000000C003F00600000098000000AD
:20138000001C00F00900000000C003F00300000098000000001D00F000B003F00100000039
:2013A00000000000001D00F000B103F00300000001000000001D00F000B003F001000000C7
:2013C00090000000001D00F000B003F00300000098000000001D00F000B103F00900000078
:2013E00098000000001D00F000B003F00200000098000000001D00F000B103F00600000054
:2014000098000000001D00F00000000000C003F008000000A0000000001D00F001000000BE
:2014200000C003F009000000A0000000001D00F00200000000C003F00D000000A0000000E1
:20144000001D00F00300000000B103F00A000000A0000000001D00F00400000000B103F079
:201460000B000000A0000000001D00F00500000000B103F002000000A0000000001D00F05C
:201480000600000000D303F00A00000090000000001D00F00700000000D303F00500000007
:2014A00098000000001D00F00800000000B003F00400000098000000001D00F0090000002A
:2014C00000B003F005000000A0000000001E00F000B503F00400000000000000001E00F0FC
:2014E00000B503F00700000001000000001E00F000C103F00200000002000000001E00F068
:2015000000C103F00300000002000000001E00F000B503F00200000004000000001E00F048
:2015200000B303F00300000098000000001E00F000B503F00500000098000000001E00F009
:2015400000B503F00600000098000000001E00F000B303F00000000098000000001E00F0EB
:2015600000B303F00100000098000000001E00F000B503F00300000098000000001E00F0CD
:2015800000B503F006000000A8000000001E00F000B503F00800000098000000001E00F091
:2015A0000000000000B503F00200000098000000001E00F00100000000B403F00200000031
:2015C00098000000001E00F00200000000B403F00600000098000000001E00F0030000000D
:2015E00000B403F00300000098000000001E00F00500000000B503F0010000009800000055
:20160000001E00F00600000000D303F00D000000A0000000001E00F00700000000C003F07B
:201620000A000000A0000000001E00F00800000000C003F006000000A0000000001E00F083
:201640000900000000C003F003000000A0000000001F00F000A203F0050000000000000082
:20166000001F00F000D303F00D00000003000000001F00F000C203F00100000004000000BC
:20168000001F00F000C103F00200000005000000001F00F000C103F00300000005000000B5
:2016A000001F00F000C203F003000000A0000000001F00F000A203F0060000009800000081
:2016C000001F00F000B003F00600000098000000001F00F000C203F000000000980000005E
:2016E000001F00F000D303F00C00000098000000001F00F000C203F000000000A00000000D
:20170000001F00F000C203F001000000A0000000001F00F000A203F0070000009800000021
:20172000001F00F000C203F00300000098000000001F00F000D303F00B00000098000000D2
:20174000001F00F00000000000A203F00400000098000000001F00F00B00000000D303F069
:201760000A00000098000000001F00F00C00000000C203F00200000098000000001F00F04E
:201780000D00000000C303F00100000098000000001F00F00100000000A203F00000000048
:2017A00098000000001F00F00100000000D303F00900000098000000001F00F00200000009
:2017C00000A203F00100000098000000001F00F00200000000D303F0080000009800000064
:2017E000001F00F00300000000A203F00200000098000000001F00F00400000000A203F000
:201800000300000098000000001F00F00500000000A203F00800000090000000001F00F0DD
:201820000600000000A003F00800000090000000001F00F00700000000A003F009000000C5
:2018400090000000001F00F00700000000D303F00700000098000000001F00F00800000066
:2018600000B003F00500000098000000001C00F000000000001D00F001000000001E00F000
:2018800002000000001F00F003000000040017B7D138000000000000030017B7D13800007F
:2018A00000000000020017B7D138000000000000030000008C180080013B050017B751398F
:2018C00012011202FF0F3F0312221402FFFFFF0F020000000F000000010000000F0000001A
:2018E000000000003F000000000000003F000000D5140000FF7F0000002D3101000000F0B4
:2019000000000000000100F001000000D6F50080E2F50080EEF50080FAF5008006F60080E5
:2019200012F600801EF600802AF6008036F6008042F600804EF600805AF6008066F6008017
:2019400072F600807EF600808AF6008096F60080A2F60080AEF60080BAF60080C6F60080F7
:20196000D2F60080DEF60080EAF60080F6F6008002F700800EF700801AF7008026F70080D3
:2019800032F700803EF700804AF7008056F7008062F700806EF700807AF7008086F70080AF
:2019A00092F700809EF70080AAF70080B6F70080C2F70080CEF70080DAF70080E6F700808F
:2019C000F2F70080FEF700800AF8008016F8008022F800802EF800803AF8008046F8008069
:2019E00052F800805EF800806AF8008076F8008082F800808EF800809AF80080A6F8008047
:201A0000B2F80080BEF80080CAF80080D6F80080E2F80080EEF80080FAF8008006F9008025
:201A200012F900801EF900802AF9008036F9008042F900804EF900805AF9008066F90080FE
:201A400072F900807EF900808AF9008096F90080A2F90080AEF90080BAF90080C6F90080DE
:201A6000D2F90080DEF90080EAF90080F6F9008002FA00800EFA00801AFA008026FA0080BA
:201A800032FA00803EFA00804AFA008056FA008062FA00806EFA00807AFA008086FA008096
:201AA00092FA00809EFA0080AAFA0080B6FA0080C2FA0080CEFA0080DAFA0080E6FA008076
:201AC000F2FA0080FEFA00800AFB008016FB008022FB00802EFB00803AFB008046FB008050
:201AE00052FB00805EFB00806AFB008076FB008082FB00808EFB00809AFB0080A6FB00802E
:201B0000B2FB0080BEFB0080CAFB0080D6FB0080E2FB0080EEFB0080FAFB008006FC00800C
:201B200012FC00801EFC00802AFC008036FC008042FC00804EFC00805AFC008066FC0080E5
:201B400072FC00807EFC00808AFC008096FC0080A2FC0080AEFC0080BAFC0080C6FC0080C5
:201B6000D0FC0080DAFC0080E4FC0080EEFC0080F8FC008002FD00800CFD008016FD0080EA
:201B800020FD00802AFD008034FD00803EFD008048FD008052FD00805CFD008066FD008045
:201BA00070FD00807AFD008084FD00808EFD008098FD0080A2FD0080ACFD008000000000D8
:201BC000000000000000000000401C4600401C4600401C460000C8420000C8420000C84201
:201BE0000000803F0000803F0000803F0000803F0000803F0000803FCDCCCC3DCDCCCC3D27
:201C0000CDCCCC3DBD378635BD378635BD378635BD378635BD378635BD378635BD37863559
:201C2000BD378635BD37863577CC2B3277CC2B3277CC2B3277CC2B3277CC2B3277CC2B3286
:201C40004E414E006E616E00494E4600696E66000002020202020202020203010101010235
:201C60000202020202020202020202020202020202044040404040404040404040404040BE
:201C8000402020202020202020202040404040404040888888888888080808080808080894
:201CA000080808080808080808080808404040404040909090909090101010101010101064
:201CC000101010101010101010101010404040400200000000000000000000000000000042
:201CE0000000000000000000000000000000000000000000000000000000000000000000E4
:201D00000000000000000000000000000000000000000000000000000000000000000000C3
:201D20000000000000000000000000000000000000000000000000000000000000000000A3
:201D4000000000000000000000000000000000000020002F000D0A002028002C20004F4BEF
:201D60000020593D00205A3D00290D0A006D0D0A002056793D002064593D004C4F535400AA
:201D8000202057505B002F32300D0A006465670D0A0020205374643D0020205961773D00BC
:201DA000206465670D0A005D20446973743D002020446973743D0020204750533A200020B9
:201DC00020506F733A20583D006D205961774572723D00202056656C3A2056783D005B5720
:201DE000505D20436F6E65202300202059617744726966743D00207265636F726465640D32
:201E00000A002020416363426961733A200020204779726F426961733A200020205761796D
:201E2000706F696E74733A200020204750532D45534B463A2064583D0020205B5445414320
:201E4000485D20506F696E74733A20005B57505D205061726B696E672073706F7420230072
:201E60002D2D2D204E415620535441545553202D2D2D0D0A002D2D2D2D2D2D2D2D2D2D2D25
:201E80002D2D2D2D2D2D2D0D0A005B57505D2047617261676520656E7472616E6365202377
:201EA000005B4D4F44455D203E3E3E204155544F2052554E4E494E470D0A005B4552525D19
:201EC00020576179706F696E742061727261792066756C6C210D0A005B494E49545D2049E8
:201EE0004D552063616C6962726174696F6E20646F6E652E0D0A005B4D4F44455D20454DFE
:201F0000455247454E43592053544F50202D3E2049444C450D0A005B4E41565D203D3D3DFA
:201F200020414C4C20444F4E4521205375626A656374203120636F6D706C657465642E20D5
:201F40003D3D3D0D0A005B494E49545D20494D552063616C6962726174696E672E2E2E2072
:201F60004B6565702074686520636172207374696C6C210D0A005B4552525D204E6F207790
:201F80006179706F696E747321205072657373204B322F4B332F4B3420746F207265636FB8
:201FA00072642066697273742E0D0A005B4D4F44455D203E3E3E205445414348494E472084
:201FC0006D6F64650D0A202044726976652F707573682063617220746F206561636820638F
:201FE0006F6E652C207072657373204B322F4B332F4B3420746F207265636F72642E0D0A47
:20200000003D3D3D3D3D3D3D3D3D3D3D3D3D3D3D3D3D3D3D3D3D3D3D3D3D3D3D3D3D3D3D5D
:202020003D3D3D3D3D3D3D3D3D0D0A20204B444B50205375626A6563742031202D20417596
:20204000746F6E6F6D6F75732044726976696E670D0A202045534B4620467573696F6E20D5
:202060002B20576179706F696E74204E617669676174696F6E0D0A3D3D3D3D3D3D3D3D3D4E
:202080003D3D3D3D3D3D3D3D3D3D3D3D3D3D3D3D3D3D3D3D3D3D3D3D3D3D3D3D3D3D3D0DD0
:2020A0000A20204B313A20537769746368205465616368696E672F4175746F206D6F6465BE
:2020C0000D0A20204B323A205265636F726420636F6E6520776179706F696E7420287465F2
:2020E000616368696E67290D0A20204B333A205265636F72642067617261676520656E74D1
:2021000072616E636520287465616368696E67290D0A20204B343A205265636F72642070E3
:2021200061726B696E672073706F7420287465616368696E67290D0A3D3D3D3D3D3D3D3D8A
:202140003D3D3D3D3D3D3D3D3D3D3D3D3D3D3D3D3D3D3D3D3D3D3D3D3D3D3D3D3D3D3D3DDF
:202160000D0A000D0A3D3D3D3D204475616C204D6F746F7220504944203D3D3D3D0D0A50EE
:202180006172616D204368313D52504D204368323D4B70204368333D4B69204368343D4B0B
:2021A000640D0A0D0A00543D00204D313A72706D3D0020643D00204D323A72706D3D003D35
:2021C0003D3D20576179706F696E7473203D3D3D0A00202023003A20280029207961773DFA
:2021E000006465670A002E2E2F6C69627261726965732F7A665F636F6D706F6E656E7473A9
:202200002F7365656B667265655F617373697374616E742E630066696C653A202573006683
:20222000696C653A206D646B2F2573006C696E653A202564000D0A66696C65202573206C81
:20224000696E652025643A2025732E0D0A000D0A66696C65202573206C696E652025642E54
:202260000D0A00417373657274206572726F72004C6F67206D657373616765002E2E2F6C6D
:2022800069627261726965732F7A665F636F6D6D6F6E2F7A665F636F6D6D6F6E5F6669666B
:2022A0006F2E63002E2E2F6C69627261726965732F7A665F636F6D6D6F6E2F7A665F636F9F
:2022C0006D6D6F6E5F66756E6374696F6E2E63002E2E2F6C69627261726965732F7A665F3B
:2022E0006465766963652F7A665F6465766963655F626C65366132302E63002E2E2F6C6914
:20230000627261726965732F7A665F6465766963652F7A665F6465766963655F626C756512
:20232000746F6F74685F6368393134312E63003078000000F1D906010300F00300FD15F173
:20234000D906010300F00400FE17F1D906010300F00600001BF1D906010300F00700011DC3
:20236000F1D906010300F00800021FF1D906010300F040003A8FF1D906010300F020001AA5
:202380004F524D43004747410054485300F1D906421400000A05006400000060EA0000D09B
:2023A000070000C8000000B8EDF1D906010300F00001FB10F1D906010300F00501001AF104
:2023C000D906010300F00100FB11F1D906010300F00200FC13494D55393633524120616344
:2023E0006320616E64206779726F2073656C6620636865636B206572726F722E002E2E2F5B
:202400006C69627261726965732F7A665F6465766963652F7A665F6465766963655F696D0E
:202420007539363372612E6300494D5539363352415F4143435F53414D504C455F4445468C
:2024400041554C5420736574206572726F722E00494D5539363352415F4759524F5F5341AF
:202460004D504C455F44454641554C5420736574206572726F722E00494D553936335241C6
:20248000206D61672073656C6620636865636B206572726F722E00494D5539363352415F08
:2024A0004D41475F53414D504C455F44454641554C5420736574206572726F722E002E2E82
:2024C0002F6C69627261726965732F7A665F6465766963652F7A665F6465766963655F777E
:2024E0006966695F7370692E630000000000000000004552524F52002E2E2F6C6962726149
:20250000726965732F7A665F6465766963652F7A665F6465766963655F776966695F756109
:2025200072742E630062757379000000000000000000000000000000000000000000000061
:202540000000000000000000000041542B43495053454E444C3D0041542B43495053454EAA
:20256000443D00302C002E2E2F6C69627261726965732F7A665F6465766963652F7A665FEA
:202580006465766963655F776972656C6573735F756172742E63002E2E2F6C69627261724B
:2025A0006965732F7A665F6472697665722F7A665F6472697665725F656E636F6465722E79
:2025C00063002E2E2F6C69627261726965732F7A665F6472697665722F7A665F6472697633
:2025E00065725F70776D2E63002E2E2F6C69627261726965732F7A665F6472697665722F4F
:202600007A665F6472697665725F7370692E63002E2E2F6C69627261726965732F7A665FFD
:202620006472697665722F7A665F6472697665725F756172742E630073646820737468A01A
:0A264000036568CA0BC30030009068
:202650000F05D011174580010B00D0010F00B02142218B0101110F2010006B05002000907C
:202670003256FF0626003B00FEFF3FF617000F6510308B0602601745802600903256FF064D
:2026900018003B00FEFF3FF60F000F6500308B060260174580260090A2F63705C13F0F6525
:2026B00010200090A2F682030F6500200090DA207FF60700174580360F6400200090A2F6C6
:2026D00082020F6400300090820C822D3C130757FFCF8755BFDFCE57460546048B148040E8
:2026F0008B05A050CE77460746068B1680608B07A07082028203820082013A260B2700F2B7
:202710006E023C4F0B6430F10B7500F20B75A0F26E04024002513C453A640B7500F26E0391
:2027300082123C3F3B0004E00B6030F10B7100F20B71A0F2DE1087559FFF06116701801FCD
:202750008B1FE0060248025906156745805F0614C2FE3CEB0284029506F067101F0006F1ED
:20277000C21E82087AE86E1D87559FFF06116701801F8B1FE0060B60C0A00B71D0B007BB41
:202790009FFF06156745805F061406136723803F8B1FE0266E0302A002B1C2183FE8E67F8D
:2027B00076C7460346028B1280208B03A030DF2D0B00071DE0FF76F7460146008B10800071
:2027D0008B01A01000903B00034040F440C5007074DF3B00034040C4007061000E00370A01
:2027F0006800DA0A4BF011020070610006003BE0024040C4007054DFC21F74DF00706D0043
:2028100014280090FF440B00538420F0910000F8D9FF1CB010FFD4F23C02A0023C010090F8
:20283000094F4C18161F3C0182003E0E82103E0E82203E0F8240BE003B800000BE003B008B
:202850000100BE003C1282023C126D009E203C0F6D00E71F3C0C6D000B203C096D006F1F80
:202870003C066D00581F3C0382023C013C01009082F282003C17538020F0910000F8D9FFC8
:202890001CB010FFD4FF7D4F0D80538020F0910000F8D9FF1CB010FF481F370F48203C04AD
:2028B000C210BF40EAFF3C010090404F40F46DFFB9FF09FFD408370F6CF0C21F4B0F41F1A7
:2028D0004BF251203C0100906DFFD4FF53C220F060FF9140003F30F3D93F002849F2080AEA
:2028F0003C0100906DFFC6FF53C220F060FF9140003F30F3D9320028B0423C0100906DFFB5
:20291000B9FF53C220F060FF9140003F30F3D93200283C010090494F081A3C0554FF345F57
:20293000B015C2F4FF14FCFF02423C0100902010404F0B541088026A89A7080909FF4C181E
:20295000161F78033C0140F46DFFB1FFC2188B4860F3370F68F074AF8B1A60F3370F68F0D3
:20297000780154AF4B0F61F14BF941503BF026F19B3FA8F34BF5413082044B5251004B0023
:20299000716182108F461FF06E0D7B0018144B1941104B1251104B0171118F411FF06E022D
:2029B0003C010269821882074B0061014B0241F04B0661014B0F51006B0031F582014B1F35
:2029D00001F0AE046B0031B53C056B0031F567FFBFBF4B3B01F016038B0F20F26E028214FB
:2029F000822D3C39DF2D05808210821E3C0773D70A004B8011028B1000E03C234B0D61A137
:202A10004BA241A0036D0AC04B0C61F14BFA51C06B0C31F5820A4BAF01F0AE046B0C31A58C
:202A30003C056B0C31F567FFBFAF4BAB01F0370F61F16E0602AB02D8036D0A900207C21075
:202A50007F0EDEFF4B3B01F016038B0F20F26E023C09C21DF647736D0AF03BF0FF007FF07C
:202A7000C3FF820440F46D00360009FFE00837097000370F0CF089FFA00809FFE2083708E4
:202A90007000370F0CF089FFA20809F0560854AFC2FF370F68F037F004F089FF160809F0CF
:202AB0005708580137F004F089FF170858026E03DA013C02DA0009F0570837F081F389FF53
:202AD000170840F409A40C096D00050082123C010090094F4C18374F05F0894F0C18F6498C
:202AF0003C01094F4F18370FE1F33C01EEFB3C093C01094F4F18370FE1F33C01DF1FFBFFFA
:202B10000090494F041A3C0A145F74FFB015C2F43C010C4E161FFF1FFE7FFF14F7FF024204
:202B30003C0100902008F4A4405DD4DFF44F40F46D00E00B820440F46DFFCDFFDA0009F014
:202B50005A0837F002F089FF1A0809DFC80809F0D408C2FF370F70F037F00CF0ACFA09D4A6
:202B70006C0840F46DFFB7FF09D4040909D54A0809D64D0809D74C0840F46DFFDAFE022857
:202B9000820440F46DFFA7FF09DF7C086E0382103C028200087F370F01F22CF709DF560801
:202BB0006E03DA013C02DA0009F05B0837F001F389FF1B0809DF540809F05B0837F081F344
:202BD00089FF1B0809DF510809F0590837F083F089FF190809DF530809F05B0837F001F2A3
:202BF00089FF1B0809DF550809F05C0837F004F089FF1C0809D0580808CF370F02F32CFC3E
:202C100009DF590809F0500837F002F389FF100809DF500809F0D80837F003F3ACFC09D097
:202C30005A0808DF8BF0200337006800370F04F02CFD09DF5B0809F051088BFF20F3370F1B
:202C500068F037F004F089FF110809DF520809F05A0837F002F089FF1A0809DCA809BD0C91
:202C70007900D4CEBD0E280009C0040809C95D084CE16E2109E4840909E4480837006850C8
:202C90006D00460E09E4840909E4480802956D00710ED4E2DA016E0382103C0282000C27A2
:202CB000370F81F22C27D4E20CEC0920460837F002F02C2609CE8809BD0E1E0009C00C083A
:202CD00009C95D084CE16E1709E4840909E44808370068506D001C0E09E4840909E4480807
:202CF00002956D00470ED4E20CEC0920440837F003F02C2409CE9009BD0E150009C5540864
:202D100009C95D0809E4840909E448080CECA6F56D00FE0D09E4840909E4480802956D00EF
:202D3000290E09CE9809BD0E150009C55C0809C95D0809E4840909E448080CECA6F56D00D4
:202D5000E70D09E4840909E4480802956D00120E09D46C0840F46DFFBEFEDA0089FF00196C
:202D700082FF6CFFDA00D4A22C2E09DF6D082E0CDA016E03DA013C02DA0009F0421837F05D
:202D900001F089FF021809DF6D082E1CDA016E03DA013C02DA0009F0421837F001F189FFB6
:202DB000021809DF6D082E2CDA016E03DA013C02DA0009F0431837F001F189FF031809DFFB
:202DD0006D082E3CDA016E03DA013C02DA0009F0431837F081F189FF031809DF6D082E4C5E
:202DF000DA016E03DA013C02DA0009F0431837F001F389FF0318DA002C2DDA002C2C09DF25
:202E10007D082C2FD20089205409DA006C240C2F82003E0482103E043C0682193C063BC093
:202E300000903C0382093C014CDC6E0C09D4B00909D4AE0802956D002423D4A48942840905
:202E50003C0909D4AE0802956D000723D4A4894284094CDE6E0C09D4B80909D4B40802951A
:202E70006D000F23D4A4894288093C0909D4B40802956D00F222D4A48942880909D96608B5
:202E900009DFE208EE03DF39228040F46DFF2CFD09DFE2081420370F68F037F008F0342FB6
:202EB0000C21379F82F12C210C2396022C23DA016E03DA013C02DA0009F0431837F001F27C
:202ED00089FF03180C2196042C2109DFE008EE03DF39228040F46DFF14FD09DFE0081420FB
:202EF000370F68F037F008F0342F0C21379F82F12C210C2396022C23DA016E03DA013C0264
:202F1000DA0009F0431837F081F389FF03180C2196042C2109DFE4086E2140F46DFFD6FC4C
:202F300009DFE4081420370F68F037F008F0342F0C21379F82F12C210C2396022C23DA01A5
:202F50006E03DA013C02DA0009F0421837F001F089FF02180C2196042C21DA016E03DA01B5
:202F70003C02DA0009F0500837F081F089FF1008DA016E0382103C02820008CF370F81F074
:202F90002CFC09FF5008960189FF100808CF96012CFC02823C010090F445DA00894F3C084C
:202FB000DA01894F2C08DA01AC447B107EF46C41DA032C4ADA002C4CDA032C4DDA00894FF8
:202FD0001008DA01894F1108DA01894F1208DA00894F1308DA00894F1608DA00894F1408C5
:202FF000DA07894F1508DA01894F1808DA01894F1908DA00894F1A08DA00894F1B08DA00C1
:20301000894F1C08DA00894FA208DA00894FA008DA00894FA408DA00894F2608DAFF894FFF
:203030002D08A00FEC4AA00FEC4EA00FEC4CDA00894FAE08DA00894FB408DA00894F3D08C9
:203050000090D44F09FF760816013C016E0909FF7E08960189FF3E080C4E96012C4E09FFF6
:203070007608370F61F13C016E0909FF7E08960489FF3E080C4E96022C4E09FF7708370F47
:2030900061F13C016E0909FF7F08960489FF3F080C4E96042C4E09FF7708370FE1F13C01D8
:2030B0006E0909FF7F08960889FF3F080C4E96082C4E09FF7708370F61F33C016E0909FF3E
:2030D0007F08964089FF3F080C4E96102C4E0090404F6D007D20022F02F46D00791F821053
:2030F00074F002F46D0094203C0114FF370FE1F0BA0F3C01DF1FFB7F0090404F6D0068204C
:20311000022F02F46D00641F14F0B700010034F002F46D007D203C0114FF370FE1F0BA0F78
:203130003C016EFB0090FF240B00538420F0910000F8D9FF20D010FFD4F23C02A0023C01F1
:20315000009082F282003C17538020F0910000F8D9FF20D010FFD4FF7D4F0D80538020F034
:20317000910000F8D9FF20D010FF481F370F48203C04C210BF20EAFF3C01009002486DFF6D
:20319000E2FF914000FFD9FF6008530221F010FF534820F010F23C0100907643DF1409800A
:2031B000094F6C28375F02F0894F2C283C42DF240400DF340980094F6C28375F02F1894FF1
:2031D0002C283C37DF440400DF540980094F6C28375F02F2894F2C283C2CDA0C7E48094F27
:2031F0006C28375F02F3894F2C283C23DA0A3E43DA0D7E48094F6D28375F02F0894F2D2861
:203210003C18DF640400DF740980094F6D28375F02F1894F2D283C0DDA083E43DA097E482F
:20323000094F6D28375F02F2894F2D283C0200A00090404F0B451088026A6D00A61B022B2E
:203250004B8B51406D000D22022082033C0782224B200102F6023C05C213DA103FF3F9FF3D
:20327000DA107FF34B8076A682204B0911029AF03C029AF9370F700009F1E40837011000B3
:2032900089F0A408DA018200820137F101133701011789F138198F7300F18200538020104A
:2032B00082700F10000009F2301982F4C64026020F1F00F0A6F289F230198F8300F18B0FEE
:2032D00020F26E0DDA00538F20F0C23F82100FF0000009FF3019A60F89FF301909FF70188C
:2032F00037AF81F389FF3018DA010F3F00F04B0F61F14BFB51203C0282023C010090094040
:2033100054080C5C8B4FA0F237F001F3894F1408094051080C5C37F002F3894F11080090B7
:20333000404F024F02586D00301B02294BF951406D009721022082033C0782224B2001026A
:20335000F6023C05C213DA103FF3F9FFDA107FF33F80C2F83708700009F1D4183701100089
:2033700089F09418820082118202370201233712012789F238198F7300F18210538020105D
:2033900082700F10000009F2301982F4C64026020F1F00F0A6F289F230198F8300F18B0F0D
:2033B00020F26E0DDA01538F20F0C23F82100FF0000009FF3019A60F89FF3019DA010F3F11
:2033D00000F04B0F61F14BF951203C0282023C010090094054080C5C8B4FA0F237F081F3E9
:2033F000894F1408094054080C5C37F002F0894F14080090404D405FC86C89DC900914CFDE
:20341000370FE1F0BA0F3C01EE0440C46DFF77FE09FF5C081E1409FF5D086E5CDA01821066
:203430000FF000004CC1260F6E03DA013C02DA003C01EE08DA0182100FF000004CC1A60F76
:203450006CC109FF69086E2248BF6E05C864C8B56DFFC1FFDA0109F07008532F2010C221F6
:2034700082320F1200204CC582F3C632262F0F100000A60F6CC5483F370F70F009C0D4188D
:2034900037F010F089CF94183C064824483540C46DFF48FF09FFF80809C0D01837F010F02F
:2034B00089CF901809FF5D186E1409FF5D08EE1109FF7A0809C0741837F003F189CF3418F3
:2034D00009FF7B0809C0741837F082F289CF34183C0109FF5C086E0709FF5D18EE0409FF28
:2034F0005D086E644818820182100F1000004CC126F07603DA013C02DA003C01EE088200AD
:2035100082110F0100104CC1A61F6CC109FF5D186E0B09FF5D08EE08484F6E0609FF7A08FB
:203530005E5248483C0109FF60086E31489F6E05C864C8956DFFE5FEDA0009F06808532FF8
:2035500020F09221DA030F1F00204CC582F3C632262F0F100000A60F6CC509FF740809C048
:20357000701837F081F389CF301809FF74085E16DA024BF811028BF01F80370870F009C0CC
:20359000E40837F010F089CFA4083C0854F409F6740840C402856DFF4EFE09FFF60809C0EB
:2035B000E00837F010F089CFA00809FEA019BD0E2300D4ECBCCF09EF080809C4840909C4C4
:2035D0004808370F68506D00A309D4C440C56DFF98FE09EC8409BCCF09EF080809C4840966
:2035F00009C44808370F68506D009209D4C440C56DFFF1FE09FFFE086E2CC86209F07C0851
:20361000DA010F0F00F009203029A6F089203029C86409F47C0809F57D086DFFC0FDC86412
:2036300009F47D086DFFACFD09F0401809FFFE081421370F68F037F108F0342F0C21370FBB
:2036500082F12C210C2396022C230C2196042C2109FFC4186E2CC86209F04218DA010F0F7C
:2036700000F009203029A6F089203029C86409F4421809F543186DFF92FDC86409F44318D5
:203690006DFF7EFD09F0461809FFC4181421370F68F037F108F0342F0C21370F82F12C216F
:2036B0000C2396022C230C2196042C2109FFCA186E2CC86209F04818DA010F0F00F00920B7
:2036D0003029A6F089203029C86409F4481809F549186DFF64FDC86409F449186DFF50FDF1
:2036F00009F04C1809FFCA181421370F68F037F108F0342F0C21370F82F12C210C23960223
:203710002C230C2196042C2109FFD0186E2CC86209F04E18DA010F0F00F009203029A6F022
:2037300089203029C86409F44E1809F54F186DFF36FDC86409F44F186DFF22FD09F0521866
:2037500009FFD0181421370F68F037F108F0342F0C21370F82F12C210C2396022C230C219D
:2037700096042C2109FF5C0889DF140849FF141A49D2180AA02444FF642FFC4E00902068B3
:20379000910000F8D9FF3CB049FF000A49A2000AC506180044FF642FFC6E49AF000A4942D5
:2037B000000AC506180044FF642FFC6E894598090090404F09FF5408DF1F3780C842DA0041
:2037D0008210820137F10113370101178921381909FF6108EE28487F6E1BC842821009FFC2
:2037F0006008532020008B80001082300F1000000922341982F3C63026020F1F00F0A6F211
:2038100089223419C844C8756DFFE5FD3C0BC842DA008210820137F1811037018114892199
:2038300038193C013C0109FF54086E0409FF61086E32C842DA018200820137F10113370168
:20385000011789213819486F6E1BC842820009FF6008532020008B80001082300F1000008A
:203870000922341982F3C63026020F1F00F0A6F289223419C844C8656DFF43FD3C0BC84F3C
:20389000DA018200820137F181103701811489F138193C010090404F40F46D002F008250E9
:2038B0004DC0E1FF16073C013E289110003030F3D933C04F54313C034D00D01F3701E2F032
:2038D0005E1382003C173701E2F0EE13534220F060FF9130003F30F3D93F1436081F1607BA
:2038F0005E1382103C05081F16075E3282203C02825002023C010090822282003C175380D1
:2039100020F0910000F8D9FF30D010FFD4FF7D4F0D80538020F0910000F8D9FF30D010FF98
:20393000481F370F68203C04C210BF20EAFF3C010090404F024F40F46DFFE0FF02286E03A1
:203950001E325E4382093C0282195E23821A3C02820ADF1949804DC0E1FF16073C015F8F25
:2039700028006D00491C022802846D00591B913000CFD9CC143640F46DFFC0FF534220F029
:2039900010C2142F37AF02F0342F02846D00671C9110003030F3D933C04F543FB72F82F057
:2039B0009110003030F3D933C04F743F3C1C6D000F1C022B02B46D000B1B913000FFD9FF37
:2039D0001436534820F010FF9130002FD9221436534820F01022142F37AF02F034FF02B4BD
:2039F0006D00161C02923C01009082124DC0E1FF16073C01FF2F0B80538F20F0910000F8A8
:203A1000D9FF30D010FFD4FF3C02A00F3C017DF4048082023C109110003030434933088A9B
:203A3000543F06F4374F9FF09110003030434933088A743F3C010090404FDA0140F46DFFF8
:203A5000D6FF262F40F46DFF28FFF626821440F46DFF71FF262F02F23C010090913000FFCD
:203A7000D9FF004654FF370F6EF18FFF83813C01911000A7D9AA408F0D0080043B0098F063
:203A9000CD4FE00F0D00C0044D00E0FFB70F14F0CD0FE00F0D00C00482117617DA00960117
:203AB000CD4F20090D00C0044DC0E1FF8F7F00213C01913000FFD9FF004653C220F010FF75
:203AD00054F037006E018FF083313C01913000FFD9FF004653C220F010FF54FF2E1B8F231C
:203AF00020F0960154F0370070088F002100A6F074F08F2320F0960254F0370070088F0096
:203B10002100A60F74FF3C0154FF1601DF1FFE7FDA00761382003C028210370F81F0CDCF22
:203B300020090D00C004913000FFD9FF004653C220F010FF54FF2E1B8F2320F0960154F030
:203B5000370070088F002100A60F74FF86238F3340F154F0370070088F002100A60F74FF67
:203B70003C0154FF6F0FFF7F0D00C00482114DC0E1FF8F7F00213C01913000FFD9FF00460E
:203B900053C220F010FF54F037006E018FF083313C01913000FFD9FF004653C220F010FF75
:203BB00054FF2E1B8F2320F0960154F0370070088F002100A6F074F08F2320F0960254F0C5
:203BD000370070088F002100A60F74FF3C0154FF1601DF1FFE7FDA00761382003C02821077
:203BF000370F81F0CD0F04090D00C004913000FFD9FF004653C220F010FF54FF2E1B8F23E4
:203C100020F0960154F0370070088F002100A60F74FF86238F3340F154F0370070088F0004
:203C30002100A60F74FF3C0154FF6F0FFF7F0D00C004913000FFD9FF004654FF2E1B8F289D
:203C500020F0960154F0370070088F002100A60F74FF8F2820F0960254F0370070088F0001
:203C70002100A60F74FF3C0154FF1601DF1FFE7F910000F8D9FF004080FFCD4FE20F0D008F
:203C9000C00491F000F8D9FF000480FFCD0FE20F0D00C004911000F7D9FF80CF80FFCD8F44
:203CB000E20F0D00C004913000FFD9FF004654FF2E1B8F2820F0960154F0370070088F00D8
:203CD0002100A60F74FF8F2820F0960354F0370070088F002100A60F74FF3C0154FF6F0F52
:203CF000FF7F91000000D900000091000010D911000091000080D988000091000090D9993C
:203D10000000911000F7D9FFC00F91100027D922C001A004802080FFA2F0DA404BF01142D3
:203D300082003C1E80FFB70F1CF08F4F1F1080FFBBF0FF2F0662262F06AFA6F1F606CD818E
:203D5000E30F0D00C0043C0274419AD47E05CDC1E30F0D00C00440F449FF001AC2103F4074
:203D7000E3FFDA00744F6D00471A022F02846D00861902F46D00C7196DFF43F56D003C1A79
:203D9000913000FF19FF30366F1F12008F2220F09601913000FF19F03036370070088F0070
:203DB0002100A60F913000FF59FF303686228F2240F1913000FF19F03036370070088F00A8
:203DD0002100A60F913000FF59FF30363C01913000FF19FF30361601DF1FFB7FDA009130DA
:203DF00000FF59FF181691000048D944B0216D004A169130884F910000F8D9FFE08380F4CA
:203E10006DFF1CFE911000F8D9FFE4E8DC0F0090913000FFD9FF0C4654FF370F6EF18FFFE4
:203E300083113C01912000A6D9AA408B0D0080043B0098F0CD4FE00F0D00C0044D00E0FFA0
:203E5000B70F14F0CD0FE00F0D00C00482127627DA009601CD4F20090D00C0044DC0E1FF47
:203E70008F7F00313C01913000FFD9FF004653C320F010FF54F037006E018FF083413C0139
:203E9000913000FFD9FF004653C320F010FF54FF2E1B8F2420F0960154F0370070088F0087
:203EB0002100A6F074F08F2420F0960254F0370070088F002100A60F74FF3C0154FF16010A
:203ED000DF1FFE7FDA00762382003C028210370F81F0CDCF20090D00C004913000FFD9FFAD
:203EF000004653C320F010FF54FF2E1B8F2420F0960154F0370070088F002100A60F74FF76
:203F100086248F3440F154F0370070088F002100A60F74FF3C0154FF6F0FFF7F0D00C004CB
:203F300082124DC0E1FF8F7F00313C01913000FFD9FF004653C320F010FF54F037006E0177
:203F50008FF083413C01913000FFD9FF004653C320F010FF54FF2E1B8F2420F0960154F084
:203F7000370070088F002100A6F074F08F2420F0960254F0370070088F002100A60F74FFB2
:203F90003C0154FF1601DF1FFE7FDA00762382003C028210370F81F0CD0F04090D00C004B9
:203FB000913000FFD9FF004653C320F010FF54FF2E1B8F2420F0960154F0370070088F0066
:203FD0002100A60F74FF86248F3440F154F0370070088F002100A60F74FF3C0154FF6F0F11
:203FF000FF7F0D00C004913000FFD9FF0C4654FF2E1B8F2120F0960154F0370070088F0003
:204010002100A60F74FF8F2120F0960254F0370070088F002100A60F74FF3C0154FF16017D
:20403000DF1FFE7F91F000F8D9FF000680FFCD4FE20F0D00C00491F000F8D9FF000480FF6D
:20405000CD0FE20F0D00C004912000F6D9FF80CB80FFCD8FE20F0D00C004913000FFD9FFB3
:204070000C4654FF2E1B8F2120F0960154F0370070088F002100A60F74FF86218F3140F188
:2040900054F0370070088F002100A60F74FF3C0154FF6F0FFF7F91000000D90000009100BE
:2040B0000010D911000091000080D988000091000090D9990000912000F6D9FFC00B9120F6
:2040D0000026D922C00DA004802080FFA2F0DA404BF0114282003C1E80FFB70F1CF08F4FDA
:2040F0001F1080FFBBF0FF2F0662262F06AFA6F1F606CD81E30F0D00C0043C0274419AD4B2
:204110007E05CDC1E30F0D00C00440F449FF001AC2103F40E3FFDA00744F911000F8D9FFE4
:20413000B029DC0F0090DA000950DA08370F0EF009505C08370F03F809505D08370F81F946
:2041500009505E08370F01FA09505F08370F83FA09506108370F01FE09506008370F03FCBF
:204170006C45820109506408370103100950650837018111095066083701041409506B0878
:204190003701011A09506708370103120950680837018113095069083701041609506C0829
:2041B0003701811A09506A083701041809506D083701011B09506E083701011C09506F08E7
:2041D0003701811C095F70086E0382203C028200095F71086E03DA013C02DA00A6F0370134
:2041F000021D095F720837F1041E095F730837F1811B89411009095F06096C42095F0A093A
:204210006C43095F16096C41095F1209744F095F6A086E0A095F6A081E17095F6A081E24E8
:20423000095F0E096C460090F4450090404F405CD4C2D42DF4FD09CF04082CF409CF040849
:20425000530F22F010D2D9220002E822C82440C56DFF6BFF820009CF63086E05DA0137F0F0
:2042700001083C04DA0137F0810809FF0408534F20F010D25920C08109CFF4086E22D4F2CE
:2042900009FF0408BC21534F20F060FF9140003F30F3D93F40483C0109C0760809CFF408E1
:2042B00014F1370F68F037F108F034FF081F370F82F12CF1083F96022CF3081F96042CF11F
:2042D00000902038910000F8D9FF00E049FF000A49A2000AA0D644FF642FFC6E49AF000AA6
:2042F0004942000AA0D644FF642FFC6EF4450090404F6D006D17022F02F46D00691614F003
:20431000B700010034F002F46D0082170090404C025809C488090CCC3704685002F46D00B3
:20433000F70209C4880909C44C0802856D0022030CC482203E0B8230BE018240BE07825057
:20435000BE0D82605F0F23003C29D4CF09C05008084F370F81F02CF43C22D4CF09C0500896
:20437000084F370F02F22CF43C1AD4CF09C05008085F370F02F02CF53C12D4CF09C0500890
:20439000085F370F81F12CF53C0AD4CF09C05008085F370F81F22CF53C023C010090404CEB
:2043B000025809C488090CCC3704685002F46D00AF0209C4880909C44C0802856D00DA0207
:2043D0000CC482203E0B8230BE018240BE078250BE0D82605F0F23003C29D4CF09C05008E1
:2043F000084F370F01F02CF43C22D4CF09C05008084F370F02F12CF43C1AD4CF09C0500813
:20441000084F370F02F32CF43C12D4CF09C05008085F370F01F12CF53C0AD4CF09C05008FE
:20443000085F370F01F22CF53C023C010090404F6D00CE16022F02F46D00CA1591A00030EC
:2044500030F3D933C04F5430B700010091A0003030F3D933C04F743002F46D00D9160090AD
:204470006D007B12913000FF39FF3506370F64F24B0F41F14BF251203C013C0100903704E4
:204490006800DA084BF00102DA0203F10AF6370F68F0DF15068082220FF210203C048212F3
:2044B0000FF210203C010090404F026F82066DFFE8FF6E04681268223C0268120090404FC6
:2044D000026F82066DFFDDFF6E04684268523C0268420090404F3B0001606DFFD2FF74F26F
:2044F0000090404F024F0269820602F46DFFC9FF02283B0001600BF910486DFFC2FF8F023F
:2045100001F0A6F868680090DA01744F0090804F53042800420F60FF3C0148423C010090DC
:20453000BC41DA024BF50102534020F053042100600F9140003F30F3D93FC06910F23C0112
:204550000090804F53042800420F60FF3C0168550090804F53042800420F60FF3C0168355B
:204570000090804F53042800420F60FF3C0168450090804F53042800420F60FF3C0168255B
:204590000090804F53042800420F60FF3C01481F375F02F06CF10090804F53042800420FC5
:2045B00060FF3C014890DA006CF948BF375F02F06CFB68907663DA013C02DA0037F001F066
:2045D000767382103C028200370F81F06CF90090804F53042800420F60FF3C01DF15048031
:2045F00082103C028200481F370F81F56CF10090404C405F8218D4F2F4C2084F2CC4084F6A
:204610003B008000E20FD4F21022911000303023D93D000D89CD880909FF05082CC549DE8B
:20463000001A89CE8C0909FF52085E1709F40508821540E46DFF50FF09F4050882158216D4
:2046500040E46DFF50FF09F4050809F5500840D46DFFC0FF09F40508086540D46DFF93FF43
:20467000487F6E08C87409F4600809F561086D00240109FF54081E1509FF5508DF1F2780B2
:2046900009F4050809F5560809F6540809F7550840D46DFF83FFD4F4084409F505086DFF5F
:2046B00041FF09F0570809FFD8081421370F68F037F108F0342F0C21370F82F12C210C23B2
:2046D00096022C230C2196042C2109FF52085E1E09F40508482540D46DFF4DFF09F40508A4
:2046F000483540D46DFF37FF3C0D09F40508482540D46DFF38FF09F40508483540D46DFFF9
:2047100022FF09F405088215820640E46DFFCEFE09F405088215820640E46DFFD2FE09FF52
:2047300053085E1509C48C096DFFF0FE02823C010090F445DA002C44DA002C45DA146C4224
:20475000DA0A6C43DA01894F1008DA022C46DA00894F1108DA00894F1208DA01894F130838
:20477000DA00894F1408DA00894F1508DA02894F1608DA00894F1708DA00AC4CA00FEC4735
:20479000DA80894F2008DA00894F21080090404F024FC83409F40508821502F66DFF86FEDF
:2047B000C83409F40508821502F66DFF8AFEC8346DFFACFE0090404F024FC83409F40508D8
:2047D000820502F66DFF72FEC83409F40508820502F66DFF76FEC8346DFF98FE00905944DE
:2047F00000C00090194F08C0370F78F04B0F41F1194004C0370078004B0041014B0F51F0FB
:204810006D0006004BF241203C0100906DFF2AFE3C010090404F0B54108840F46DFFE4FF40
:204830004B8251007B00F8136B0131004B0071814B0861116B0131007B00F0134B1001F0BE
:20485000370F61F16E02C2186D00C214022A02A46D00BE13DA00BE90DA013E9EDA023E9C7E
:20487000DA033E9ADA043E98DA053E96DA06BE91DA07BE963C1C534920F010F2534920F0F6
:2048900010FF19FF0CC0378F18F0592F0CC03C1019FF24C0378F18F059FF24C03C0919FF44
:2048B00028C0378F18F059FF28C03C023C0102A46D00AE140090404F0258481F8FCF1F0045
:2048D000481F160F532F2020082F0F2F001082330F23003091A0012FD922F04F534020F0A0
:2048F0001022542F82F0C630260F2631A61F742FC82408CF09F55008A64502F46D00080028
:20491000C82408C402856D0035000090404F0B4510A849FC100A82404B0A01828F3A00F1CC
:20493000538F20C09140002FD922000E7D2F15806D004E14022F02F46D004A1309F0201969
:2049500082110FA1101082F2C621261089F0201902F46D005D14534820F010CFDAFF0FCF8C
:2049700000F00FCB10B002F302B249F240080090404F0B4510886D002B14022A02A46D007F
:20499000271349FF001ADA084BF801028F7800F1534F2040534020F010FFDA0F0F4F00F060
:2049B0000F49109002F3029249F2400802A46D002F1400902020404CDA084BF401826D0020
:2049D000F20E534920F010A2534920F010CF488F742F09CF500816FFC21F4B0F41F14BF275
:2049F0005100534920F010AF14FF163FC21F4B0F41F14BF05100534920F010AF14FF370FC6
:204A100062F39211534920F010AF081F160342F1534920F010AF081F370F62F142F14B0106
:204A300041F14BF051203C01009020080248405F3705E8FB8B0F20F26E01820949A6000AEC
:204A5000028440F56D003900DA0037F9019014AF37F983900CA137F903920CA237F98393DE
:204A70000CA337F903950CA437F983960CA537F90398081FAE63DA003C02DA0137F98199C5
:204A9000DA0037F9019A14FFAE53DA003C02DA0137F9819ADA0037F9019B09FFC008370F53
:204AB00066F3C2FF370F70F037F9859B3789049E02923C010090406C82088209DA084BF431
:204AD0000122094F500816FF9210534320F0104F09FF6008163FC21FE2F0534320F0104FBA
:204AF00009FF6008370F62F39211534320F0104F09FF6108160342F1534320F0104F09FF29
:204B10006108370F62F142F173100AA0B025405D820B3C4E534B20F010DF54FFE2AF4B0FBF
:204B300061F17B0000044B0F51C0820D820E3C328210532E20F00FF010004B0041F14BFCA6
:204B500051F07B00F0036B00214F6D005C15FF922180532E20F00FF210F04B0F41F14BCF73
:204B700001F016068B0F20F26E09C2F28B0240F3370F689002E8821D3C0FFF820B809A12B7
:204B9000C2FF8B0F40F3370F689002E8821D3C04C21EBF8ECFFFF6D382798278532B20F029
:204BB00010CF2819532B20F010CF34F8C21BBF3BB3FF0090404C405F7641820854CF6E0115
:204BD0006D00F10D3C0109CF500816FFC21F4B0F41F14BF251F03C017B00F8034BF051307E
:204BF00048103B800040821502463700E81BBA016E037B00F8037B00F8134B0151703B00C9
:204C100040929B499794024A3C4D4B0A41014B0341004B0751107B00F0236B0221114B017C
:204C300031B1DA407FBF05003B0004B03C0973AB0A10FF410400822B3C034EB2821B4B0B96
:204C500041114B1041006B07311082024B2101F0AE046B0731003C056B0731F067FFBF0F65
:204C70004B9001F06F2F1E804B9001F0AE264B9001F0AE036F060580020902A602B56F0626
:204C90001180DA004BF001F0AE27DA004BF001F0370F61F06E03DA003C02DA016E023C04E7
:204CB000C2FAFF2AB47F3F5409006F0607006F050580025F026502F6DA024BF601229AD24F
:204CD000370F4800C2F5370568F037F80680DA024BF601421A52C2FF370F68F037F8028357
:204CF0008E03020F3C02DA0037F802858E0382323C01370268F037F80284088FAE43DA0109
:204D10003C02DA0037F80186088FAE33DA003C02DA0137F88186089F370FE1F237F801879D
:204D300002823C0100900248BC416D003C0DDA004BF801F0AE217B0008F44BF841F04BF210
:204D500051004B0031F14B0F41F16B0F31F07B00F0134B1F01F0AE244B0031F13C044B00BB
:204D700031F1C21F8B1F40134B0161F14BF251F06B0F31F882004B0F01F0AE084B0161F143
:204D90004BF251F06B0F31583C094B0161F14BF251F06B0F31F867FFBF5F82463C2C4B0679
:204DB00061F14BF841F04BF251F07B00F0036B0021FF4B0F710173600AF04B0F61F14BF224
:204DD00051306B0331F882044B4F01F0AE046B0331383C056B0331F867FFBF3F4B5301F046
:204DF000AE247603023502013705E8FB6E02F6023C06C2163B801FF07F6FD3FFC2F18B01B4
:204E100040233C010090FF440B00538420F0910000F8D9FFAC1110FFD4F23C02A0023C010D
:204E3000009082F282003C17538020F0910000F8D9FFAC1110FFD4FF7D4F0D80538020F06A
:204E5000910000F8D9FFAC1110FF481F370F48203C04C210BF40EAFF3C010090494F102A67
:204E70003C0554FFB45FB025C2F4FF14FC7F0090494F102A3C0554FF745FB045C2F4FF14DB
:204E9000FC7F0090494F102A3C0554FF345FB015C2F4FF14FC7F0090DA010F4F10F0370FE6
:204EB00070F009410819765737017008A6F0370110183C083701700882F2C6F22620370106
:204ED0001018766737017000A6F0370110103C083701700082F2C62F26F03701101089419A
:204EF00008190090DA084BF40102534120F0104F49FF241A3C06095FC00874FFB025C2F5D3
:204F1000FF15FB7F0090DA084BF40102534120F0104F49FF241A3C05545F74FFB045C2F5A3
:204F3000FF15FC7F0090DA084BF40102534120F0104F49FF241A3C05145F74FFB015C2F5F2
:204F5000FF15FC7F0090094F4518EE047B1000F03C02DA01CC4D094078080F0F10F06CF18A
:204F70000090094288093C010090094F4518EE03DA013C037B1000F0CC4D094078080F0FAD
:204F900010F06CF10090404F405C406D0248D4FE40E46D008F050229DF093680ECE2084F0D
:204FB00096012CF4E84CA8A8821089F00718E86DA8E848FF6E05C8F240F42D02000009FFB8
:204FD00049181E1409FF49185E3540F46D0047093C1A09FF4918DE4209E2A80909E4A80928
:204FF000094FD818C2F837087000370F10F0892F981840F46D0033093C06C8AF09E488092E
:205010002D0F000002923C01009082020C44AE04D44F481F6E0282123C0100902010404C46
:20503000405DD4D2D42FF802C8AFF801D4DFF4CF0CC4B70F01F02CC409DF640889CF0818F7
:2050500009DF650889CF091809DF260989CF0C1909DF2A0989CF10190CD8370F61F1D801ED
:2050700009F0510837F0010389F0110849DF1C0AF4AF5E1754FFEE05DA0089CF04183C07D4
:20509000CCD7481F370F68F089CF041809C04418DA084BF00182534920F009A48409104FDA
:2050B000029440D56DFF88FD022F6CF809C4441849D5080A4CD109A4840902F56DFFB7FCE9
:2050D000022F6CCC821009CF44180FF000008F0001100CD9AE43DA003C02DA0109C4441800
:2050F0000F4F10F0D80149FF081A8F000140A640A6F10203021249F2400809CF7308370F7D
:2051100064F28F7F004109A484096DFF55FC4B0231F189CF0A09D4AF54FFEE07A00FECCFD4
:20513000A00F89CF80193C46D4FF09F2C80989C2F4090CD9370F61F289CF05180CD86F1FF1
:205150002280910000F8D9FFD6D4ECCF910000F8D9FFFAD489CF801940C46DFF08FFD4AFBD
:20517000D4FF09D5600809DA6108DA80C82408C4A6F56DFFCDFBC82408C402A56DFFFAFB19
:205190003C19A00FECCFA00F89CF8019D4A2D42F09D5600809DA6108D422092F5008C82423
:2051B00008C4A6F56DFFB4FBC82408C402A56DFFE1FB09DFC808370F66F389CF0618910058
:2051D00000F8D9FF84E5ECCA910000F8D9FF92B5ECCBD80209FF46186E119110002F09F0E9
:2051F0000518534920F0D80110FF49FF241A530022F0102280FF592F0C0282023C0100906B
:20521000404C40C46D006211A00FECC7DA8089CF2008DA0089CF2108A00FECC7DA0089CFE3
:205230002008DA0089CF2408DA0289CF250882FF89CF2609DA0089CF2A0900902040404C8E
:20525000405DCCD5F80F6D00C30F022802846D00BF0E14FFB70F01F034FF09DF58086E031A
:20527000DA003C02DA0114F037F081F134FF02846D00CE0F820809D4100909A4BC096DFF2D
:2052900054FD370268F037F80880DA0F37F80485DA0037F8828C09DF59086E03DA013C02DA
:2052B000DA0037F8818DDA0137F8048E68484CD489CF0819820009DFC6086E043BF01FF0FE
:2052D0003C02DA0037F00900820109DFC408EE0409DF66086E02821137108104820109DFBD
:2052F000C208EE0409DF66086E0282113710010509DF5B0837F0020809DF5C0837F0020942
:2053100009DF680837F0020D09DF690837F0020E685009DEA009BD0E3B00D4EFBCFF0CE4A3
:2053300009E85508C814088408C5A6F56DFFF0FAC814088402856DFF1DFBCCE2BCFF0CEC15
:2053500009E85508C814088408C5A6F56DFFE0FAC814088402856DFF0DFBCCE4BD0F1800E2
:2053700009EF140809E85508C8140884370F68506DFFCEFAC814088402856DFFFBFAD4F20B
:20539000D4F40C4408C0370F03F02C24D80FECCAF4CCDA006CC1A00FECC2910000F8D9FF72
:2053B000D6E4ECC5910000F8D9FF1A05ECC609DF66086E0C910000F8D9FF7CD5ECC791007A
:2053D00000F8D9FF70B5ECC83C0B910000F8D9FFA6A5ECC7910000F8D9FF8CA5ECC8910097
:2053F00000F8D9FFAE55ECC909DF6608DF0F8C00DA0189CF061849A4000A9110005F6DFF91
:2054100015F749A4040A49A5000A6DFF5CF709DF250889CF051809CF05182CA8DA0089AF59
:205430002708DA0189AF3408DA0089AF0A09DA0089AF2A08DA0089AF2F08DA00ACAFDA001D
:2054500089AF2308D80F49FF241A80FF89AF0E09DA0089AF2D08DA0189AF3008DA0089AFFA
:205470002108DA0089AF2208DA0089AF20080CD889AF3A0809DFC40889AFB80849C4380A24
:2054900049A5040A6DFFD4F609DF240889CF041809CF04182CA8DA0089AF2708DA0189AF26
:2054B0003408D80F49FF102A80FF89AF0A09DA0089AF2A08DA0189AF2F08DA0089AF0E09B6
:2054D000DA0089AF2D08DA0089AF3008DA00ACAFDA0089AF2108DA0089AF2208DA0089AF6D
:2054F0002308DA0089AF20080CD889AF3A0809DFC20889AFB80849C42C0A49A5040A6DFF84
:2055100097F63C04DA0089CF0618BBF0FFFFD80F89FF141909CF46186E4509A4BC096DFF52
:2055300082FC914000FFD9FF1068538221F010FF3C01823009DF2508370F70F014F1370FD3
:2055500068F037F108F034FF081F370F82F12CF1083F96022CF3081F96042CF109A4BC0945
:205570006DFF61FC914000FFD9FF1068538221F010FFB04F3C01823009DF2408370F70F095
:2055900014F1370F68F037F108F034FF081F370F82F12CF1083F96022CF3081F96042CF12C
:2055B0003C6D09DFC4086E2109A4BC096DFF3BFC914000FFD9FF1068538221F010FF3C0188
:2055D00009D0480809DFC40814F1370F68F037F108F034FF081F370F82F12CF1083F96020C
:2055F0002CF3081F96042CF109DFC2086E2209A4BC096DFF18FC914000FFD9FF1068538275
:2056100021F010FFB04F3C0109D0480809DFC20814F1370F68F037F108F034FF081F370FE0
:2056300082F12CF1083F96022CF3081F96042CF109DFC6086E2309A4BC096DFFF4FB914009
:2056500000FFD9FF1068538221F010FF49FF080A3C0109D0480809DFC60814F1370F68F0DD
:2056700037F108F034FF081F370F82F12CF1083F96022CF3081F96042CF1D80F09FF5308A4
:20569000960189FF13080090404F405C40F46D00690FE85CDA0089FF1808DA0089FF1908A3
:2056B000DA0089FF1A08DA0089FF1B08DA0089FF1C08DA0089FF2808DA0089FF2908A00284
:2056D000E88282FF89FF240882FF89FF2508DA0089FF2608BB00C2FB9BEFC3F46CF40090AC
:2056F000911000CF094804186DFF3DFC402F530822F010C2392F1E02370F61F18B0F20028E
:20571000DF100D80530822F010C2530822F010C4394F1F029604E92F1F023C01DF001100D4
:2057300009FF00196E0609F2801940F42D020000084FB70F01F02CF4D4F46D001A025308F3
:2057500022F010CF39FF1E02370FE1F18B0F20F25E1C530822F010CF530822F010C2392FBF
:205770001F029604E9FF1F023C010090404C40C46DFFF9FB402F9110005F09C1051809C673
:20579000A80949F7100A530122F01052392F1E02370FE1F18B0F2002DF100D80530122F0E8
:2057B0001052530122F01054394F1F029604E92F1F023C01DF001A00530122F0105F39FFEE
:2057D0001E02370F61F18B0F20F25E1C530122F0105F530122F01052392F1F029604E9FF33
:2057F0001F023C011D00BC0009FF49181E1509FF4918DF3F2580530122F0105F39FF1E026D
:20581000370F61F18B0F20F25E1C530122F0105F530122F01052392F1F029604E9FF1F02F1
:205830003C01534120F0105F534120F01052392FC2819602E9FFC2811D00920009FF49187C
:20585000DF4F2480530122F0105F39FF1E02370F61F18B0F20F25E1C530122F0105F530152
:2058700022F01052392F1F029604E9FF1F023C01534120F0105F534120F01052392FC28177
:205890009602E9FFC2813C6B530122F01052392F1E02370F61F18B0F2002DF100D8053011A
:2058B00022F01052530122F01054394F1F029604E92F1F023C01DF00530088AFBF2F50003A
:2058D000530122F01052530122F01054394F1F029604E92F1F02534120F01052534120F000
:2058F0001054394FC2819602E92FC281547FEE0C48CF8210370F01F0896F201909FF0C196B
:20591000896F24193C2C48CF8210370F01F0896F201909FF4618FF9F0A80D47288AF102F7F
:2059300009FF7FF8896F24193C1A09F04618DA103F0F0D8088AFC2FF532F20F0D47F10FF45
:2059500009FFC008896F24193C0A88AFC2FF534F20F0D47F10FF54FF896F24190090404C3C
:2059700009C2A809092FC0188FFF1F813C01BBF0FF0F8920141940C46DFFF5FA402F911022
:2059900000DF6F08070009FF4A18960189FF0A186F18070009FF4A18960289FF0A186F281E
:2059B000070009FF4A18960489FF0A186F78070009FF4A18968089FF0A186F38070009FF54
:2059D0004A18960889FF0A186F48070009FF4A18961089FF0A186F58070009FF4A189620A7
:2059F00089FF0A186F68070009FF4A18964089FF0A18DF08110009FF00196E0609F2801904
:205A100040F42D020000084FB70F01F02CF4D4F46D00AF0009CF46186E3109C004185300F4
:205A300022F010DF39FF1E02370F61F18B0F20F25E1C530022F010DF530022F010D2392F3C
:205A50001F029604E9FF1F023C0109C00518530022F010DF39FF1E02370F61F18B0F20F25F
:205A70005E1C530022F010DF530022F010D2392F1F029604E9FF1F023C010090404F40F445
:205A90006DFF71FA0925AC0940242D050000484FC21F6CF40090404F40F46DFF64FA092583
:205AB000A80940242D050000483FC21F6CF30090DA01494F0408EE0382023C0282123C0135
:205AD0000090404FD4F2D4220924A80949FC180A094F4218370FE3013C0188EF0B0F80F17B
:205AF000370F508054CFEE0A82003C05094110293C01C2103F80FC7F3C2609F04618FF908E
:205B10000B80D4C502846DFFBFF9D4C201280026F4C23C1909F04618DA103F0F0C80D4C503
:205B300002846DFF9DF9532820F0D4C21022F4C23C0AD4C502846DFF9DF9534820F0D4C21C
:205B50001022F4C288EFA28FACFE88EFEE1009FF00196E0609F2801940F42D020000084FA3
:205B7000B70F01F02CF4D4F46D0003000090DA006C4100902008404F49FD100AD4F2D42C82
:205B900009CF4618DF0F7E02911000EF09C4A809F4A46DFF48F9538221F03C0109C80518ED
:205BB00009C904184DC0E2FF370FE1F78B0F20A23C010D00400300003C0188AFBF2FE500AB
:205BD00088AF92F0530822F010E2530822F010E4B94F140237007000370F0EF0F92F1402F5
:205BF00009FF4618FF9F10808200530822F010E2530822F010E4394F1602370F83F2E92F4C
:205C100016023C2109F04618DA103F0F10808210530822F010E2530822F010E4394F1602EE
:205C3000370F83F2E92F16023C0E8220530822F010E2530822F010E4394F1602370F83F262
:205C5000E92F160254DFEE4049F20C1A802FB70F1C007B0000FDFE014DC0E1FF16073C01F3
:205C700049F20C1A8020B7000C0AB770030E7B000011E21FA2F03C0449F20C1A8020530853
:205C900022F010E259200802820082118222530822F010E21923100237030330371381319E
:205CB00037230434530822F010E259231002530822F010E2530822F010E4394F1202961053
:205CD000E92F12023C3A54DFB70F1C007B0000FD7E0F4DC0E1FF16073C0154D0B7000C0AC0
:205CF000B770030E7B000011E21FA2F03C0254D0530822F010E25920080282008211820260
:205D1000530822F010E219231002370303303713813137230434530822F010E259231002DE
:205D3000530822F010E2530822F010E4394F1202B70F01F2E92F1202D4A24922241A530898
:205D500022F010E4802F594F0C02820082118202530822F010E219231002370303323713C9
:205D7000813337230436530822F010E259231002530822F010E2530822F010E4394F1F0275
:205D90009604E92F1F0288A0530922F010E2530922F010E4B94F140237007000370F0EF02D
:205DB000F92F140209FF4618FF9F10808200530922F010E2530922F010E4394F1602370FD7
:205DD00083F2E92F16023C2109F04618DA103F0F10808210530922F010E2530922F010E43E
:205DF000394F1602370F83F2E92F16023C0E8220530922F010E2530922F010E4394F1602BA
:205E1000370F83F2E92F1602486FEE4049F2101A802FB70F1C007B0000FDFE014DC0E1FF48
:205E300016073C0149F2101A8020B7000C0AB770030E7B000011E21FA2F03C0449F2101A2A
:205E50008020530922F010E259200C02820082118222530922F010E21923100237030332D5
:205E70003713813337230436530922F010E259231002530922F010E2530922F010E4394F48
:205E900012029620E92F12023C3B486FB70F1C007B0000FDFE004DC0E1FF8F7F00013C013D
:205EB000486FB70F0CFAB77F031E7B0000F1E2F0A2013C024861530922F010E259210C0248
:205ED000820082118202530922F010E219231002370303323713813337230436530922F0FC
:205EF00010E259231002530922F010E2530922F010E4394F1202B70F81F2E92F12025309F3
:205F100022F010E2530922F010E4394F1F029604E92F1F02BBF0FFFFD4A4894F14196DFFFD
:205F300082F79140002FD9221068538221F010223C010C2396022C23D4A46DFF74F79140DA
:205F5000002FD9221068538221F01022B0423C010C2396022C23D4A46DFF65F79140002FF2
:205F7000D9221068538221F010224922080A3C010C2396022C23530922F010E2530922F0E8
:205F900010E4394F1F029604E92F1F02534920F010E2534920F010E4394FC2819601E92FC9
:205FB000C28188AFBF2F2B00530822F010E2530822F010E4394F1F029604E92F1F02534867
:205FD00020F010E2534820F010E4394FC2819601E92FC28109FF4818EE0948CF8200370F15
:205FF00001F0D4AF89FF20193C0848CF8210370F01F0D4AF89FF20193C3F54DFEE0E48CF33
:206010008210370F01F0D4A2892F201909FF0C19D4AF89FF24193C3048CF8210370F01F07F
:20603000D4A2892F201909FF4618FF9F0B80D4D288AF102F09FF7FF8D4AF89FF24193C1C1F
:2060500009F04618DA103F0F0E8088AFC2FF532F20F0D4DF10FF09FFC008D4AF89FF2419AF
:206070003C0B88AFC2FF534F20F0D4DF10FF54FFD4AF89FF241976A30D0000031D00EE008E
:2060900088AFBF1FEB00D4F2D422092CA80909FF7308370F644209CF421816073C018B4F79
:2060B000000109FF47185E12C2F088AF7E02C2F088AF0B0F80F1370F5080BF18CF0088AF28
:2060D0005280A8A088AFEE0382113C02820109FF4718DE11BF28100088AF6E0D4DC0E20F1D
:2060F0003700E1078B0020923C010D00400300003C013C084DC0E20F3700E1078B002092CC
:206110003C0109FF4718DE14820089F0071809FF4818EE0848CF8200370F01F089CF201900
:206130003C0748CF8210370F01F089CF201954DFEE1E09F00C19DF01130082013C0489C03F
:206150002419C2119AF83FF1FC7F48CF8211371F01F089CF201989C024193C08DA003C047C
:2061700089C02419C21F3F8FFD7F3C7409FF4618FF9F2480DF011800BF280800D4D59AF8E4
:2061900040C402F56DFFD1F648CF8210370F01F089CF2019D4DF01F800F609FF7FF889CFD7
:2061B00024193C06D4D540C402856DFFBEF6D4DF01F800F6F4DF3C4E09F04618DA103F0F6E
:2061D0002780DF011A00BF280800D4D59AF840C402F56DFF89F648CF8210370F01F089CFC6
:2061F0002019C2F8532820F0D4DF10FF09FFC00889CF24193C0BD4D540C402856DFF74F699
:20621000532820F0D4DF10FFF4DF3C24DF011900BF280800D4D59AF840C402F56DFF75F6F9
:2062300048CF8210370F01F089CF2019C2F8534820F0D4DF10FF54FF89CF24193C0BD4D5DE
:2062500040C402856DFF61F6534820F0D4DF10FFF4DF76930D00000300902008404D49DF1A
:20627000100AD4D2D42C8CDA82404B0F0102F6188CDA82404B0F0102370068F03C088CDAFD
:2062900082404B0F0102370068F0C21F370F688009DF49189E4B8CDA3B0001004B0F010200
:2062B000F6198CDA3B0001004B0F0102370068F03C098CDA3B0001004B0F0102370068F05E
:2062D000C21F42F8C2F83708688009CF4618DF0F2102911000EF09C4A809F4A46DFFA3F5C1
:2062F000538221F03C0109C9051809CA04184DC0E2FF370FE1F78B0F20B23C010D00400388
:2063100000003C01530922F010E2530922F010E4B940140237800E00F9201402822053096D
:2063300022F010E2530922F010E4394F1602370F83F2E92F160254FFB70F1C007B0000FDAF
:206350007E0F4DC0E1FF16073C0154F0B7000C0AB770030E7B000011E21FA2F03C0254F06F
:20637000530922F010EF59F00802820082118202530922F010EF19F3100237030330371372
:20639000813137230434530922F010EF59F31002530922F010EF530922F010E2392F120295
:2063B000B70F01F2E9FF120209DF49189E4DD4AF49FF1C1A530922F010E280FF592F0C026E
:2063D000820082118202530922F010EF19F31002370303323713813337230436530922F01A
:2063F00010EF59F31002530922F010EF530922F010E2392F1F029604E9FF1F028CDA82400F
:206410004B0F0102F6188CDA82404B0F0102370068003C088CDA82404B0F01023700680075
:20643000C210530A22F010EF530A22F010E2B92F140237007000370F0EF0F9FF1402822012
:20645000530A22F010EF530A22F010E2392F1602370F83F2E9FF16024CD6EE4049DF101A80
:2064700080FFB70F1C007B0000FDFE014DC0E1FF16073C0149DF101A80F0B7000C0AB77037
:20649000030E7B000011E21FA2F03C0449DF101A80F0530A22F010EF59F00C0282008211E0
:2064B0008222530A22F010EF19F31002370303323713813337230436530A22F010EF59F3E1
:2064D0001002530A22F010EF530A22F010E2392F12029620E9FF12023C3C4CD6B70F1C0021
:2064F0007B0000FDFE004DC0E1FF8F7F00013C014CD6B70F0CFAB77F031E7B0000F1E2F05A
:20651000A2013C0309D11809530A22F010EF59F10C02820082118202530A22F010EF19F3B5
:206530001002370303323713813337230436530A22F010EF59F31002530A22F010EF530AA1
:2065500022F010E2392F1202B70F81F2E9FF1202530A22F010EF530A22F010E2392F1F021E
:206570009604E9FF1F02BBF0FFFFD4A4894F14196DFF59F4914000FFD9FF1068538221F083
:2065900010FF3C01083F96022CF3D4A46DFF4BF4914000FFD9FF1068538221F010FFB04F6A
:2065B0003C01083F96022CF3D4A46DFF3CF4914000FFD9FF1068538221F010FF49FF080A0D
:2065D0003C01083F96022CF3530A22F010EF530A22F010E2392F1F029604E9FF1F02534AD8
:2065F00020F010EF534A20F010E2392FC2819601E9FFC28109DF4918DF3F308009D09408E4
:20661000DA103FF00A0009D0F208DA0F37F085F389DFB2083C0B09D0F2088CDAC2FF370F43
:2066300070F037F085F389DFB20809D09408DA103FF0090009DF7008B70F01F089DF3008DB
:206650003C0609DF7008960189DF300809DF7208964089DF32083C3709DF4918DF1F248019
:2066700009D09408DA103FF00A0009D0F208DA0F37F085F389DFB2083C0B09D0F2088CDA75
:20669000C2FF370F70F037F085F389DFB20809DF7008960189DF300809DF7208964089DF8B
:2066B00032083C1109DF7008960189DF300809DF7208964089DF320809DFF208B70F85F3B2
:2066D00089DFB208530922F010EF530922F010E2392F1F029604E9FF1F02534920F010EFE4
:2066F000534920F010E2392FC2819601E9FFC28109DF49181E464CDCD4AF89FF1C193C0529
:206710004CDCD4AF89FF201976B30D0000033C010090913000FFD9FF300654F8370864F04A
:20673000EE0382023C096D003E00370864F04B0F41F14BF251203C010090913000FFD9FFB2
:20675000300654F8370864F2EE0382023C096D002A00370864F24B0F41F14BF251203C01B5
:20677000009002486D0050018200DA003E84DA013E873C0B913000FF19F000263C08913078
:2067900000FF19F004263C0382023C0176094B0061F17B0028044B0F51F04BF241203C017E
:2067B00000906D00DA00913000FF39FF3106370F6402DA003E0CDA01BE0BDA02BE0EDA03CA
:2067D0005F0F2100DA045F0F23003C26913000FF39FF0C16160FEE023C0A913000FF39FFDC
:2067F0000C16160F4B0F41F14BF251203C177B0017F44BF251203C127B001FF44BF25120F7
:206810003C0D7B0027F44BF251203C087B002FF44BF251203C0382023C013C0100909100ED
:2068300000F6D9FF000054FF4B0F61213C010090913000FF39FF3706370F62F2EE06BB0000
:20685000C22B9BE2CB243C11913000FF39FF3706370F62F25E19910000F6D9FF000054FF8A
:206870004B0F61213C0282023C010090913000FFD9FF00066DFFDEFF09FF640816015E1AB3
:2068900009FF6E08167FC21F4B0F41F14BF251203C2409FF6408370FE1F15E1EBB00C20BCA
:2068B0009BE0CB0409FF6C08167FC21F4B0F41F14BF051203C1209FF6908370FE5F0C21F91
:2068D0004B0F41F14BF2410009FF6C08167FC21F4B0F41F14BF051203C010090913000FFE7
:2068F000D9FF00066DFFA6FF09FF540816015E1A09FF5E08167FC21F4B0F41F14BF2512088
:206910003C2909FF5408370FE1F15E1EBB00C20B9BE0CB0409FF5C08167FC21F4B0F41F1CA
:206930004BF051203C1709FF5908370FE7F0C21F4B0F41F14BF2411009FF5C08167F921024
:2069500009FF5B08160FC21FE2F04B0041F14BF151203C010090913000FF39FF3306370F76
:2069700062F282003E0482103E083C0ABB00C22B9BE2CB243C013C066DFFB2FF3C0382025E
:206990003C013C0100906DFFE8FF913000FF39FF3106370F6402DA003E0CDA01BE0CDA020A
:2069B000BE0FDA035F0F2200DA045F0F24003C27913000FF39FF3206160FEE0382023C0AAA
:2069D000913000FF39FF3206160F4B0F41F14BF251203C177B001FF44BF251203C127B00C0
:2069F00027F44BF251203C0D7B002FF44BF251203C087B0037F44BF251203C0382023C0191
:206A10003C0100906DFFA9FF913000FF39FF3106370F6402DA003E0CDA01BE0CDA02BE0F38
:206A3000DA035F0F2200DA045F0F24003C27913000FF39FF3106160FEE0382023C0A913036
:206A500000FF39FF3106160F4B0F41F14BF251203C177B001FF44BF251203C127B0027F4E6
:206A70004BF251203C0D7B002FF44BF251203C087B0037F44BF251203C0382023C013C01EE
:206A90000090404F820891000026D922000009FF0819742F6D009C0302296D00AD03022A3F
:206AB00002946D0095029130002F392F3046370FE1B19130002F392F304696089130002F2A
:206AD000E92F304602946D00A30302A46D00A8023C019130002F392F3306370FE1F3EEFAE2
:206AF0009130002F392F3306B70F02F29130002FE92F33069130002F392F330696409130D2
:206B1000002FE92F33069130002F392F180696109130002FE92F18063C019130002F392F0E
:206B30003306370FE1F3EEFA9130002F392F3706B71F02F29130002FE92F37069130002F76
:206B5000392F370696409130002FE92F37066D00B001A62802A46D008203DF087E8102A455
:206B70006D005E023C019130002F392F1406370FE1F26EFA9130002F39201C0608AF37F0BF
:206B900007F09130002FE92F1C069130002F39201B06088F37F004F09130002FE92F1B067F
:206BB0009130002F39201906089F37F087F09130002FE92F19069130002F392F18069640A5
:206BD0009130002FE92F18069130002F392F1A06B70F01F09130002FE92F1A069130002F38
:206BF000392F180696209130002FE92F18069130002F392F1A0696019130002FE92F1A06EC
:206C10009130002F392F1A0696049130002FE92F1A06BB70714B9B1485436D00A7013C017A
:206C30009130002F392F1406370F61F16EFA9130002F392F1806B70F01F09130002FE92F9D
:206C500018063C019130002F392F3306370FE1F3EEFA9130002F392F3306B71F02F291301A
:206C7000002FE92F33063C019130002F392F3306370FE1F3EEFA48346D0078019130002F62
:206C900019203006485F82F1C61F26F0485F4841261FA6F0DA0137F0020EDA0137F0010F31
:206CB0009130002FD922300674203C019130002F392F3706370FE1F3EEFA9130002F192012
:206CD0003406487F82F1C61F26F0487F4861261FA6F0DA0137F0020EDA0137F0010F913005
:206CF000002FD922340674203C019130002F392F0316370FE1F3EEFA9130002F192000169D
:206D1000489F82F1C61F26F0489F4881261FA6F0DA0137F0010F9130002FD92200167420DC
:206D30003C019130002F392F0F16370FE1F3EEFA9130002F19200C1648BF82F1C61F26F0C7
:206D500048BF48A1261FA6F0DA0137F0010F9130002FD9220C1674209130002F1920002656
:206D700048DF82F1C61F26F048DF48C1261FA6F09130002FD922002674209130002F192095
:206D9000042648FF82F1C61F26F048FF48E1261FA6F09130002FD9220426742002A46D00FD
:206DB0005E029100802F192F140209F0041982F1C610260F09F0041982F1C610260F09F0A4
:206DD000041909F100192610A60F02946D0000019100802FD9221402742F02946D00180273
:206DF000820C3C3702A46D001B013C019130002F392F1406370FE1F26EFA9130002F3920DA
:206E10001C0653CC20F0C8121022142F37F007F09130002FE92F1C0602A46D00200253CC26
:206E300020F0C81210224C226E0953CC20F0C8121022092288092D02000053CC20F0C81212
:206E50001022092402096D009100C21C370C68C014FF3FFCC9FF02A46D00E200913000FFA6
:206E700039FF1806B70F01F3913000FFE9FF180602A46D00F40102946D00AA00913000FFB7
:206E900039FF2C469608913000FFE9FF2C46913000FF39FF304637BF81F1913000FFE9FF02
:206EB000304602946D00B40102823C0100903B00288082096D008C01022A913000FF39F0C6
:206ED0001006B7008202913000FFE9F01006913000FF39F01206910000F6D9FF000054F1FD
:206EF0003B005AF29B6F02F04BF111229AF2370F68F037F005F0913000FFE9FF12069130C9
:206F100000FF39FF10069604913000FFE9FF10063C05C2F8F68382193C0D913000FF39FF6C
:206F300010066F1FF87F913000FF39FF11066F0FF27F02A46D004C00913000FF39FF2C465F
:206F50009608913000FFE9FF2C46913000FF39FF30469608913000FFE9FF304602A46D002C
:206F7000570102923C01009002486DFFF6FC913000FF39FF3506160F4B0F41F14BF251F03E
:206F90003C014B8F41F04B0F71F185F110003C0185F01000A2103FF0FDFF0090DA018B04BE
:206FB00001000F0F10F0913000FF59FF24860090DA010F4F00F0913000FF19F0208626F0A2
:206FD000760382123C0282023C0100904DC0E1FF16073C0153CF20F060FF9130003F30F30A
:206FF000D93F004654FF2E1B8F2420F0960154F0370070088F002100A60F74FF86248F2405
:2070100040F154F0370070088F002100A60F74FF3C0154FF1601DF1FFE7F0090913000FFF2
:2070300019FF30366F1F12008F2420F09601913000FF19F03036370070088F002100A60F85
:20705000913000FF59FF303686248F2440F1913000FF19F03036370070088F002100A60FD1
:20707000913000FF59FF30363C01913000FF19FF30361601DF1FFB7F00904DC0E1FF1607DE
:207090003C01913000FFD9FF004653CF20F010FF54FF2E1B8F2420F0960154F0370070089B
:2070B0008F002100A60F74FF8F2420F0960254F0370070088F002100A60F74FF3C0154FF32
:2070D0001601DF1FFE7F084F96082CF454FF2E1B8F2420F0960154F0370070088F00210060
:2070F000A60F74FF86248F3440F154F0370070088F002100A60F74FF3C0154FF6F0FFF7F63
:207110000090913000FF19FF30366F1F12008F2420F09601913000FF19F0303637007008B9
:207130008F002100A60F913000FF59FF30368F2420F09602913000FF19F030363700700823
:207150008F002100A60F913000FF59FF30363C01913000FF19FF30361601DF1FFB7F913071
:2071700000FF39FF34369608913000FFE9FF3436913000FF19FF30366F1F12008F2420F00D
:207190009601913000FF19F03036370070088F002100A60F913000FF59FF303686248F341A
:2071B00040F1913000FF19F03036370070088F002100A60F913000FF59FF30363C019130CF
:2071D00000FF19FF30366F0FFC7F00904DC0E1FF16073C0153CF20F060FF9130003F30F39E
:2071F000D93F004654FF370F6EF18FFF83213C013C010090913000FFD9FF303654FF370F56
:207210006EF18FFF83213C013C0100904DC0E1FF16073C0153CF20F060FF9130003F30F3C8
:20723000D93F004654FF2E1B8F2420F0960154F0370070088F002100A60F74FF86248F34B2
:2072500040F154F0370070088F002100A60F74FF3C0154FF6F0FFF7F0090913000FF19FF2E
:2072700030366F1F12008F2420F09601913000FF19F03036370070088F002100A60F91309A
:2072900000FF59FF303686248F3440F1913000FF19F03036370070088F002100A60F91307F
:2072B00000FF59FF30363C01913000FF19FF30366F0FFC7F0090F647094F40189601894FA1
:2072D00000183C08DF140780094F40189604894F00180090F647094F7C089601894F3C0832
:2072F0003C08DF140780094F7C089610894F3C080090FF240B00538420F0910000F8D9FF1C
:20731000BC3110FFD4F23C02A0023C01009082F282003C17538020F0910000F8D9FFBC3174
:2073300010FFD4FF7D4F0D80538020F0910000F8D9FFBC3110FF481F370F48203C04C2109B
:20735000BF20EAFF3C010090404C405F09C0380909C13C0914FFEE0C083F37F00500082F8D
:2073700037F00504081F37F1011182183C0F14FF5E1C083F37F00508082F37F0050C081FE9
:2073900037F1011382183C02820889C13C0989C0380940C46DFFBDFF09FFC8086E26081F67
:2073B000EE099140002FD9225028538220F010223C099140002FD9225028538220F010226D
:2073D000B04208A009FFC8081421370F68F037F108F0342F0C21370F82F12C210C239602DB
:2073F0002C230C2196042C2108264CC4820102F009C32C0982020F20A0400F31A0503C0166
:207410006DFF3ED93C0114FF534F20F010C28922300914F440C46DFF50FF14F440C46DFFE2
:207430005BFF08264CC4820102F009C32C0982020F20A0400F31A0503C016DFF21D93C018B
:2074500014FF534F20F010C2481F42F28922300902823C010090025FC234B704020037006A
:2074700050808BC801008B8000406D000B1EBC2640240B8F10486D0004003C010090C2348B
:20749000B70402F0370F5000DA00894F1808DA01894F1908804F8BCF01F0C27FB70F03F0DF
:2074B000744FDA00AC42DA00AC47DA00894F0A09894F0609DA00AC49AC48894094088945C2
:2074D000960840423C010090F445DA006C410C4896012C480C4896022C480C48B70F01F124
:2074F0002C480C48B70F81F12C480C48B70F01F22C480C4896202C480940C808DA0837F0E7
:2075100006F3AC440C49B70F01F22C49DA00894F0E09DA00894F1209DA00894F0A090C493F
:20753000B70F81F22C490C49B70F01F32C49094F5808B70F01F0894F1808094F5808B70F24
:2075500081F0894F1808094F5808B70F01F1894F1808094F5808B70F81F1894F18080090D2
:20757000DA00344FDA00AC41DA00AC42DA00AC43DA002C48DA00AC45A00FEC43DA006C44C5
:2075900000908F841EF08F0F0801B70408FC3704E81BB71F812BDA7F7FF1048082020090A3
:2075B000DA967F1F048082023C068B6109F1325F0FF200203702482076043252370248208B
:2075D00000908F841EF08F0F0801B70408FC3704E81BB71F812BDA7F7FF104808202009063
:2075F000DA967F1F048082023C068B6109F1325F0FF200203702502076043252370250203B
:207610000090B70408FC3704E80BB71F811BDA7F3FF00580DA967F0F0480820200908B60DD
:2076300009F1325F0FF10010370168200090B70408FC3704E80BB71F814BDA7F7FF0048074
:20765000D2020090DA967FF0078082058B6009611DFF16D882058BA016601DFF12D8B70481
:2076700008FC3704E80BB71F811BDA7F3FF00580DA967F0F0480820200908B6009F1325F3D
:207690000FF100103701702000908B0420F28B0500F5EE0A7B0008008203B700892B8F73DF
:2076B00001F0A6F2009082029B02F02FBBF0FF3F9BF3FF3F0F2480000F358010BA008B01DF
:2076D00000F4EE4C3B7001800B451068BB00FF1F9BF1FF1F8F0400012651BA008B0100F4B0
:2076F000EE2182019BF1FF1F8F0400012651BA008B0100F4EE098F751E107745804302153A
:207710003B0003803C0F8F351F107745804902153B4002803C078FF51F107745804F02152C
:20773000C2180F2480000F3580108B0020F28B0100F5EEF202490B6710A8D2148B881E60EE
:207750006DFF9FD70F2A80000F3B8010BA008B0100F4EE2B3B0008703C293B600930BB00AA
:20777000000F9BF00F0026408F0500118B0020F28B0100F5EE073BA00830774500568FC4BA
:20779000004082009B00080082013C05C2F37745805006140B0430F10B1500F20B15A0F261
:2077B000EEF602401DFF7BFF82078BF29F008BF3BF1026A026B1BA008B0100F4EE038F07AD
:2077D00044718BF80760820402951D0044253BD03CF19B4FEDF34BF401F02E031D00312680
:2077F0007B00F803BBA027F89BAF01F44BF401F02E2C3BB0FDF09B9FFCF34B4051406D0036
:2078100020266B02312F00906B0031F46B0021044B0F51406D0015263BB0FDF09B9FF4F309
:207830006B0F2122009091100048D94450F11D0002008208404F8209820A820BC81CC82DEF
:20785000483C09FF1001DF1F238080CF160180D08F100001FE046E04C2FC04DF24CF76CF37
:207870008F3C00018FEC1FF06E0902F140D2C2F16014442164C1FC4E90DD020CDF0CE07F66
:20789000C2FC60C204DF24CFFC2E3CD9DE2580CF2E03C2FC24C9DF0CD37F8F3C00F106ECCA
:2078B00076C5C2FC60C264CAFC2F6EC9C2FF60F224CBFC2F3CC48F0F1F00DF002E008F3F48
:2078D0000001DF102B8080CF8F3F00D180DF1603FEDB76DB02D440C440D56D000F0701CD2D
:2078F00000C601DD00D6A2DC76CF8F3C00018FEC1FF06E0902F140D2C2F16014442164C1B8
:20791000FC4E90DD020CDF0C9B7F02C440C440D56D00F4063C9400901603DF2F91FF80CFE1
:2079300016036E0702F440C46D00D10610CCA2FCDF0C867F8F3C004106EC76C5C2FC60C2E8
:2079500064C8FC2FDF047C7F40C46D00C0061DFF77FF205089A4380989A62C0989A734096A
:20797000DA01A00F820909AA1019780C89A9081989A9280902A089A90019B70089FBF806A6
:2079900078113700E8FB78080258404C029D405D8BFF0FC27B00F8B376C658116E04029C5C
:2079B00009AD30095808BA0F7813F68A3B700600580B3E043B7004007E0382183C23580DB0
:2079D0006F5F21803B100600580B3E043B100400FE095811EE0382083C1582788F3F0000DF
:2079F00082013C06C2F88FC31F107723000E0B011028FBF0000026202631BA008B0100F4C9
:207A1000EEF2DA00780F02A46D0035087625DA2D780F67AABFAFEE0E580D8F8F0101DA08BA
:207A30007E03DA2B3C068B000102580FAB0FA2F0780F09A00019AA1089A00019DF0D1600E6
:207A5000580B910000F8D9FFD01110FF081F2E37910000F8D9FFC011F8063C1B910000F8C6
:207A7000D9FFC411F8063C15DF0C1D00580B910000F8D9FFD01110FF081F2E36910000F82A
:207A9000D9FFC8113C05910000F8D9FFCC11F8065810BB90FF0F9239580D260F780D1D00E0
:207AB0008C013B100600580B3E053B1004005F0F27805808AB1F18FF780858109230F6836A
:207AD000580D2E22C210428058083BC0F91FC2207FF106003B4006103F1F0400DA033C0A6C
:207AF0003B60FF1F7FF106003BA000103F1F0400DA02780C580C12091D005F01580849AF46
:207B10000A0A6E7549A4140A02A46D00111D09AC1409022A370CE8FB82006E55BBF028ECEA
:207B300049AE130A7B0012D49B5ECFE33C3F49A20A0A7D2E0C8049AF120A49AE130AA0722A
:207B500009F03FF489E03FF4FC2CBBD0CC0C58059BC0DC0349A4140A4B0F41406D00E81CD4
:207B700089A20609DF0914806B0E21F24BDB41B04BDF41406DFF07FD762A4BBC514049A45C
:207B9000140A82196D00D41C89A2060909AF06096B0E21FF4BDF41406DFFF5FC8B0203F09D
:207BB00089EF3FF4580AC21F780A5805370FE8FBEEBF3C0304EF24FF49A2130A012E20F472
:207BD000EEFA3C154B0A01F06F2F12007B0012043C064B0A41A0580AC2FF780A4B0A41F032
:207BF00089AF06094BBF01F06F0FF5FF3B600610580B028082093E143B6004107E13580AAC
:207C100012803B500610580B3E143B5004107E12C210CE03DA003C038B7000F310A2492E6A
:207C30000A0A3C117B0012F449A4060A4BFA41406D007E1C022A09A406096DFFA4FC8B0207
:207C500003F024FF01FE20F4EE0649A2130A012F20F4EEE909EF000840EFC25F3C0A49AF46
:207C70000A0A01EF30F4EE0740EF09EF3FF4C21F34EF3C08DA3134EF49EF010A580AC21F81
:207C9000780A09E00008DA393F0FEB7F89F93FF049A20A0A012F20F4EE0609F00008DA30A3
:207CB0005F0FF67F3B500600580BBE013B5004003E0E3B6006005F0F3C003B6004005F0FEB
:207CD0003800580A3FF80400FFDF330058103B50062049AF0A0A9210580B09A10A083E2466
:207CF0003B5004207E2C761349AF0B0A14FFEE04580DAE227682C21042803C17028276155D
:207D10008BF81F2049AF0B0A14FFEE03580D2E22C21082013C0814FFEE03580D2E23C210A6
:207D3000B01FC2113F21F97F8B4000903C453B600600580B3E043B6004007E0F09A0280991
:207D5000FA10AB10A09F581042F9F684580D6F2F34001A8992193C300280580A49AF0A0A11
:207D70004EF4581092193C0D09A1280958101219021F14F17612B01FABF01F00C2FFEEFA07
:207D900014FF6E02F604580D6F2F1700580AC219325F3C04C2FFC219C2F07607FF1FFC7FCA
:207DB0003C04C219B01FC2F0760314FFEEFB580D16042B09009F580F6E0D580D16036E0A78
:207DD00061FF1BD509A43C0940C46D005304DA00780FD806BD0F1A803B100600580B3E04EE
:207DF0003B100400FE02580D16036E0F54DFC22F61FFF0D46D003E04580B40C48B7F014080
:207E10006D003804DA017812580D6F0F1680580EA29F3C0F61FFF1D4580D40C416028B0F99
:207E300020F2864F8B0F02406D002404580EC2FF780EFF1FF17F580F6E0861FFDED409A403
:207E50003C0940C46D001604D806BCFA40F440C56D001F0454DFC23F74DF1D008A013B106B
:207E70000600580B3E053B1004005F0F9F808F28200058138B7001018B1F03A1BF102200EC
:207E90008201DA177FF00800821258110F021020262F6E02821182F2C2F00F0200F0C6F272
:207EB000F6145811262F6E045811A62F78115811C21F7811EF7F0600DA0078113B2003A009
:207ED0005812EE0D54DFC22F61FF84D46D00D203580B40C48B7F01406D00CC0361FF8DD460
:207EF00002A440C46D00C603F683580D2E2561FF7ED46D00BF0358113B8001B054D08F1FD9
:207F100000A0428074D03C183B000340DF0B1100C2CB02B032500F0A00F0160F8B0F034012
:207F3000DA397F4F0600580B8B6F1CF042F440C46D00A003C2F8FF18E97F580B40C48BFF6D
:207F500000406D0097035808CEF63BD00240325F78083C033BB0024040C46D008B03580C79
:207F700054D0C22F42F0580C820110AF34F13BA00010580CC2FF370F68F0780C10AF58088E
:207F90004B1F01228B0303F034FF09A220094B12012289A26009DF02EEFF74D040A440C5AD
:207FB0006D0077031D00E5003B50060049AF0A0ABE013B5004003E0E3B6006005F0F78000A
:207FD0003B6004005F0F7400580A3FF80400FFDF6F0009A00A08580AAB1F20A076093B7055
:207FF0000610580B3E143B7004107E12C2F861FF04D476063700684049AF0B0A3C033B0083
:20801000034040C46D00360314FFEE0B580DAE29768C3B500600580B3E043B5004007E05D1
:2080300061FFE5D36D002603820B3C1A09F00008F60A580DAE283B500610580B3E143B5082
:2080500004107E1D61FFD9D3760537006840B01F3C033B00034040C46D000C03C21B3F8B48
:20807000E77F61FFCAD3580B40C48FDF0F416D000103C2FA54DFC21F0EA43BB002403C0408
:20809000325A3BD0024074DF40C46D00F30261FFA6D38B00034040C46D00EC0261FF9FD366
:2080B0008B01034040C46D00E5023C6209AA28094EA854DFC21F61FF8DD36D00DB023C199E
:2080D00054D0C21074D014F47643B01F3C033B00034040C46D00CE023B600600580B3E0680
:2080F0003B6004003E03ABF81F88C2FAFF1AEA7F3B600600580B3E063B6004003E0314FFCD
:208110006E02F684580D6F2F340061FF76D3580A3BE00240325F3C0854D03B000340C2107D
:2081300074D0C2FFC2F840C46D00A402768BFF1FF57F3C0861FF61D304F440C46D009A02E9
:20815000C2F8768314FFEEF73B600600580B3E0E3B6004003E0B580D2E2B3C0854DFC21F16
:2081700061FF38D36D008602C2F8DF08F9FF580EA29F3C0A54D03B00024040C4C21074D04E
:208190006D007802C2FFFF1FF77F00902010404C405D89A68C09DA00780209D40008DF04CA
:2081B0005002DA257E4409D001047E08B01D49A5080A40C46D0054023CF1820A0BAA10889E
:2081D00009DF01003BD002007E048F1A40A13CF93BB002007E07BBF0FE0F26A08F8040A178
:2081F0003CF03B0002007E066F3AECFF8F0A41A13CE83B0003007E048F2A40A13CE23B306C
:2082100002007E048F4A40A13CDC3BA00200FE03D803B04FF80309F83CF9CE848F1A40A133
:20823000325809DF01003C0D13A820FF8B0F1D8009DF01008B0F1D0037006800BFA0F6FFCE
:208250003BE002005F0F23808F0A42A109DF01003BA00200FE05D803B04FF80309F93CF98F
:20827000CE968F1A40F1BBF0FDAF26FA09DF01003C0D13A920FF8B0F1D9009DF01008B0F62
:208290001D0037006800BFA0F6FF3BC006007E048F0A48A13C1E3B8006007E048F0A44A19E
:2082B0003C183BC004007E048F0A50A13C123BA006007E04B71A81A43C0C3BA007007E04FC
:2082D000B71A01A53C063B400700FE01B71A81A53BC006003E043B8006007E0709D00008F3
:2082F0007E04B71A01A6B01D09DF01003B3006005F0F2F808F1A00F1EE0E3C093B000240D8
:2083100049A5080A40C46D00AB01C2F87F890400FF28F67FD80340C449A5080AB04FF803F5
:2083300009F03CF9370048406D009A01DF0F377F3C093B00024049A5080A40C46D009001D0
:20835000C2F87F892C7FFF28F67F1DFF28FF3B400600BE013B9006003E0E3BF006003E0BEA
:208370003B8007003E083B8005003E053B5007005F0F598082023B4006003E043B900600F1
:208390007E0282123B0008010F0A80105F0104006F9A05003B8000003C0282403B800010D4
:2083B0005F100980D80349FF080AF80309F078F93C15D803B04FF80309F03CF90B000008B4
:2083D0000B0110483B0004010F0A80105F010D807628370448000B0000080B0110483C136C
:2083F000370468403C0F3B0004005F010B807626370450000B0000483C06370470403C0230
:20841000F62282056F5A0600BBD0FF0F260A3C0282190BFA106889A440090B8910481D0040
:20843000CB003B300700FE066F5A0680BBF0FF9F9BF9FF97D8030BA8104840C5029649A6B7
:20845000080AB04FF80309F4BCF96D00CC021DFFA6FE3B600600BE063B600400BE033B5003
:208470000600BE003B5004003E0D3B7006003E0A3B7004003E073B1006003E043B1004007F
:208490007E0DD8038F0A0211AB698091B04FF80302F609F03CF974A03C2C3B200700FE0891
:2084B0006F6A0800D803B04FF80309F03CFA3C06D803B04FF80309F03CF98F0A02F1EA69A3
:2084D000DA004BF051F174AF3B6006603C123B200500FE09D8038F0A02F1EA6949FF080A48
:2084F000F80309F478F96DFFADD03B60066074A20B89104849A5080A02A740C46DFF2BFAD9
:208510001DFF4DFE3B0007005F0F5D806F8A45006F0A0E80DA113C093B00024049A5080A65
:2085300040C46D009D00C2F83F8FF8FFD803A03E49FF080A09FF3FF449A5080A370F684062
:2085500040C46D002101FCE73BA0034049A5080A40C46D008500D803A03E49FF040A09FF6A
:208570003FF449A5080A370F684040C46D000C01FCE7DA113C093B00024049A5080A40C4B8
:208590006D006E00C2F83F8FF8FFD80349FF080AF8031DFF04FED8033B8000400245B04F07
:2085B000F8038F2A407109F03CF9820189A040093B80076049A5080A40C46D0000011DFF73
:2085D000EEFD3BE006005F0F37803B0008010F0A80F03E036F9A0E00D803B04FF80309FF58
:2085F000BCF909A00809820189F040091DFFD7FD3B000401260ADA407EAAD803B04FF80340
:2086100009FFBCF95802B4FF1DFFC9FD5F0A0B80D803B04FF80309FFBCF9580234FF1DFF6F
:20863000BEFDD803B04FF80309FFBCF9580274FF1DFFB5FD910000F6DA1959FF345009A241
:2086500008090090910000F6DA1759FF34503B0004406D000C007B00FC270090370468400C
:20867000545FC21F745F1D000500BA0492F20090D44FBCF440F41D00B31CCC414C4280F091
:208690007FF0068034F4CC41B01FEC410090404F405C3C06370F684040C46DFFEBFF09FF57
:2086B0000100EEF900903704E82BB704894B8BF20F228B04002400903704E82BB704894B87
:2086D0008BF20F228B04202400903BF00F00804F1603063F0FF0100082FFC6F0C2F4604F67
:2086F000804FB70F02F060F2B014542F260F742F77000004FCF60090804F16033BF00F0053
:208710008F3F00100F10100082F1C610C2F4604F8041B7010220095101008F3F0030B014D6
:208730000F3110106022C21F542216032602A612742277000004FDF0ED7F0090404F0B451E
:2087500010A849FD160A026840FCDA0034DF820702860BAB10486DFFB9CF23820A0A0B235E
:2087700010A88BA060F2CA708B0003F089DF3FF48B0220F28B0300F5EEEB04DF24FFEEFE74
:2087900040C200900248404F8FC83F40405CDA090B4F2001DA37AB0F83F042F46DFF60FF4F
:2087B0008FF8000140F4DA0940C50B0F2011DA37AB0F834142041DFF53FF026E2020DA5895
:2087D000404F0B4510A8405C027909AC600982085FEF7300DA643EEDDA693EEBDA6F5FEF06
:2087F0006C00DA75BEE4DA785FEF67001D00ED00D2000B0C50F10B1D00F20BD190F2EE0764
:208810003BD002800BC0C0C00BD1D0D00BCD104840A43BA000606DFF93FFF6B6BA0C8B0D9D
:2088300000F4DF0FDF8040A46D00721D370268C0DF081180DA753EE88F890101DA087E043B
:208850003BB002803C078F8901F18B0F01F2AB08A28F768CABFA1FAA8F3900F16E0740F40B
:20887000028440C56DFFFCFE82086F0914808F2900F18B0F20F2864F8B0F02F03C0740F434
:2088900002F440C56DFFECFEC2FA7FAB04003FACF87F768E40F4028440C56DFFE1FE3C08D9
:2088B000C2FB61FF92CF6DFFDBFEABFA1FAA3FBCF97F1D008A008BFE268240A48F3820F071
:2088D0008B8F00600BCD10486DFF3AFFDA78FEE314AF40A26E10092000088BF01BF0370FE6
:2088F0006810DA193F1F05808B0002F0342F092F0104EEF240A46D000B1D370268F0780695
:208910008B0C20F28B0D00F5EE0AF6B6DF086A806F296800821BBBB0FFFF26F96F291B00C4
:208930006F191300768E61FF50CF6DFF99FEABFA1FAA40F402E440C56DFF92FEABFA1FAA0F
:20895000BBB0FFFF26F9DA6F7EE558063FBF0300921B6F29090076875806C22BC22F370FA7
:2089700068F078066F0915808F2900F18B0F20F2864F8B0F02C03C0740F402C440C56DFFD0
:208990006FFEC2FA7FAB050058063FAFF77F6F291900DF08170061FF18CF6DFF61FEABFA47
:2089B0001FAA40F402E440C56DFF5AFEABFA1FAA3C08C2FB61FF09CF6DFF52FEABFA1FAA2A
:2089D00058063FBFF87FBBF0F74F40A4BBF0FF6F40F5269440C602A59BF6FF671D00030013
:2089F00000900248404F025F405C0269406D6D008F1C022A6F0819803C083B00024040C4D0
:208A100040D56DFF2DFEC2FF3FFAF97F3FF9F77F3C0BC2F909F40100DF04110040C440D56D
:208A30006DFF1EFE8AFFDF09F6FF3C083B00024040C4C2FF40D56DFF13FEEEF90090910018
:208A500000F6D9FF0400D4F291200056D955408A01240046015420F4EE0891200056D95570
:208A7000C08A014530F4EE0482FF60F20090F4F400908F141E2000900B4510882008DAFF0B
:208A90003708E80B7E086DFF19FE7623028200901DFFDAFDDA004BF801F02E046788BF8F6E
:208AB000C229BB3098FF9B2FF2F34BF84140BB0080FF9BFF6FF44BF401F0AE2B4B0431F115
:208AD0004B0F410142F96B0031848F3900F13C1840A46D002D154B09410154AF022840A448
:208AF0006B0021FF7B00E8034B0F41406D00201554A07B0008146B1071FF4B0F31F12E05D3
:208B10007B00F8036B083180BF2F04006788BF8F4B8841F0BB104B0CBBD0511E9B6012044B
:208B30009BD1321C6B0F61013BC034159B4140146BF06101BB10D11E9BE11D146B88611192
:208B50003BE0B5279B823A246BF161F24B8041004BF05120009002483708E8FB8209EE03B4
:208B7000028200904B9801F02E046788BF8F82197B00F8F36B88714F6D00921B3B3033F32F
:208B90009B3FF3F34BF801F0AE264B2851406D0096003C0B3BB0FDF09B9FFCF34B82514050
:208BB0006D008D006B02312F76936722BF2F00900B4510886DFF82FDF62502946DFF7EFD63
:208BD00076246B092128009002846DFF6EFDDF021B007B00F8F74BF901F02E163BB0FD403A
:208BF0009B94F4433C4D7B00F8FF4BF901F01602BB40BE4C9B6401443BB0FD009B90FC035C
:208C10006A043C3E3709E8FB8200BA0F6E193708E8FBEE098F191EF03BB0FD209B9204243B
:208C30006A8200904B0801F016043BB0FD209B92FC233BB0FD009B90FC0B6A0200904B098C
:208C500001F06F0F2C003708E8FB6E164B0801F02E2E3BB0FDF09B9F04F46788BF0F4B9081
:208C700051406DFFB6F56B02312F00907B00F8FF4BF901F02E183BB0FD409B9404440285CC
:208C90001D002A004B9851406DFFA3F53BB0FDF09B9F04FC6B0F212200904B0801F02E250F
:208CB0004B9851401DFF95F56788BFFF4B9F51406DFF8FF56722BF2F0090DA004BF401F061
:208CD0002E231DFF86F56744BF4F6DFF82F56722BF2F0090B704812F8F151EF08FFF01F05D
:208CF000A6F20090B704814F82151DFFC7FE824482056D004C3900903BB000403B20035091
:208D10003BE02E606D00983882443B00715282066D0092383BB000403BE02E506D00373939
:208D3000824482056D0033390090910000F6D9FF30707B00F0F374FF910000F6D9FF30709E
:208D50007B0000F46CF191000046D944387091000056D955307082047B802C546D008C11DB
:208D7000009091000046D944386091000056D9551C70DA006744BF5FBBD0CC6C9BC6E46318
:208D900002F46D007C187B001FF44BF201F0370F61F16E037B001F247B001FFC4BF201F085
:208DB000370F61F06E037B001F2C3C010090DA004BF401F016038B0F20F26E068244820578
:208DD0006D00E5383C1E7B0002F44BF451F07BA05F044B0F41007BA05FF44BF001F0370FB5
:208DF00061F16E037BA05F04DA004BF001F0370F61F06E02820082444B0071516D00C73854
:208E100000907B001FF44BF401F0370F61F16E037B001F447B001FFC4BF401F0370F61F0B0
:208E30006E037B001F4C7B001FF44BF451F07BA03704BB0000189BB143146B0F61F14B0FCB
:208E500071513B803EF03C017F5F038002F53BB000406D009C38009076547B00F0233C032F
:208E70007B0002247B0000F44BF401F0370F61F16E023C1DBBA099F99B9FE9F34BF401F00E
:208E9000AE26BBA099299B92E9233C11BBA099F99B9FE9F36B0F31F27B0000044B0451008C
:208EB000BBA099199B91E9136B0F6121910000F6D9FF2021489F7B0004044B0F01F0370FD6
:208ED00061F16E0382023C11910000F6D9FF2021489F7B00F8034B0F01F0370F61F16E059B
:208EF0007B00F0F34BF241203C0100902010DA0074AF7B0002F47801DA002CA891000046FD
:208F1000D94400607B00F843BBD0CC5C9BC5D453BBD0CC6C9BC6DC63BBA0707D9B37C27322
:208F30006D002D1891000046D9440060BBD0CC4C9BC4DC436D004C1891000046D9442460B1
:208F50006D003B187B001FFC74AF7B001FF47801DA002CA891000046D94438607B00174471
:208F700082057B000064BBA0707D9B37C2736D00061891000046D9443860BBA0704D9B342E
:208F9000CA436D00251891000046D9441C706D001418009020086D006D1A6D00231B6D002D
:208FB00050133B6028408205821682176D00D9313B7028408205821682176D00D2313B2076
:208FD00016408205821682176D00CB313B3016408205821682176D00C43182146D00B22357
:208FF00082043B50C35006556D00243282143B0071526D001F326D0079086DFF7FFE6DFF8A
:2090100077FF6DFF94FE820491000048D944C6D16D002C433B800C406D00D008820491007A
:209030000048D944D8B16D0021436D002F1A820491000048D94401026D00184382081D00BD
:209050002E04910000F6D9FF0C0014FFDF0FA600910000F6D9FF0C00DA0034FF6D00AD0921
:209070006D004A06910000F7D9FF000014FFEE1C910000F7D9FF080091000026D92220214B
:20909000542F74FF91000027D9220C00910000F6D9FF2021481F742F910000F7D9FF000001
:2090B000DA0134FF3C3F910000F6D9FF202154FF910000F7D9FF080054F06B00310F91003C
:2090D00000F6D9FF2021481F910000F7D9FF0C0054F16B0131FF910000F7D9FF04009100C8
:2090F0000027D922040054294BFF41F06B00614F6D00D6186B0221F974FF910000F7D9FF72
:20911000080091000026D9222021542F74FF91000027D9220C00910000F6D9FF2021481F88
:20913000742F910000F6D9FF043014FFDF2F368049A4000A49A5040A6D00DD146D005714E9
:20915000910000F6D9FF043014FF5E3E6DFFD1FD82046DFF58FE820491000048D944D7C127
:209170006D0084423C1A6D007915BC29092F50081E14092F50085E2382153C02820554A44F
:209190006DFF6CFE02246DFF14FE09A404096DFFEAFD02246DFF37FE910000F6D9FF2040B2
:2091B00014FF6E036D00D4033B6028406D00C930DF029D803B4001406D00EA2D3B6028402D
:2091D0006D00BF30DF029380910000F6D9FF043014FF6E07910000F6D9FF043014FFDE365A
:2091F0006D006D14910000F6D9FF0430DA0134FF6DFF7FFD82046DFF06FE82049100004893
:20921000D944ECE16D0032423C66910000F6D9FF043014FFDF1F4880910000F6D9FF0830CE
:2092300014FF6E39910000F6D9FF0030DA0034FF910000F6D9FF0430DA0234FF910000464F
:20925000D94424606D00B91691000046D9441C706D00B316820491000048D944E1A16D0000
:209270000542820491000048D944DB816D00FE418204910000F6D9FF083014F56D00B418B4
:20929000820491000048D944D5516D00EF416D007F143C08820491000048D944F6D16D008B
:2092B000E5413C19910000F6D9FF043014FFDE23910000F6D9FF0430DA0034FF6DFF19FD5A
:2092D00082046DFFA0FD820491000048D944F7B16D00CC413C053BA000406D00592D3B6067
:2092F00028406D002E30DF02F87F910000F6D9FF043014FFDF1F5A803B7028406D00213084
:20931000DF0254803B4001406D00422D3B7028406D001730DF024A8082046D00BB14022F8B
:209330006E32820491000048D944DE716D009E41820402F56D005818820491000048D94490
:20935000D8516D0093418204910000F6D9FF202154F56D001818820491000048D944DB51DF
:209370006D0084418204910000F6D9FF202148156D000918820491000048D944E9516D0077
:2093900075413C08820491000048D944FBA16D006D413C053BA000406D00FA2C3B7028408E
:2093B0006D00CF2FDF02F87F910000F6D9FF043014FFDF1F34803B2016406D00C22FDF0292
:2093D0002E803B4001406D00E32C3B2016406D00B82FDF02248082146D005C14022F6E13E8
:2093F000820491000048D944CAA16D003F41820402F56D00F917820491000048D944F671AC
:209410006D0034413C053BA000406D00C12C3B2016406D00962FDF02F87F910000F6D9FF0A
:20943000043014FFDF1F34803B3016406D00892FDF022E803B4001406D00AA2C3B301640EE
:209450006D007F2FDF02248082246D002314022F6E13820491000048D944CC916D000641D3
:20947000820402F56D00C017820491000048D944F6716D00FB403C053BA000406D00882C13
:209490003B3016406D005D2FDF02F87F910000F6D9FF080014FFDF0FFF01910000F6D9FFE3
:2094B0000800DA0034FFC218BFA8F6818208820491000048D944E0916D00D84082049100BC
:2094D0000048D944FF616D00D1408204910000F6D9FF202154F56D00561782049100004891
:2094F000D944E1516D00C2408204910000F6D9FF202148156D004717820491000048D944D4
:20951000E5516D00B3408204910000F6D9FF202148256D003817820491000048D944D551B4
:209530006D00A440820491000048D944D3716D009D408204910000F6D9FF202148356D00B0
:209550002217820491000048D944F1516D008E408204910000F6D9FF202148456D0013177F
:20957000820491000048D944D5516D007F40910000F6D9FF2021488F7B4033044B0F41F019
:209590003B00FD009B9004044B0F51F0820491000048D944D9616D006940820402F56D00FF
:2095B000F216820491000048D944E0616D005E40820491000048D944F7616D005740910062
:2095D00000F6D9FF202109FF68086E0691000048D944DE513C0591000048D944FB51820452
:2095F0006D004440820491000048D944D2616D003D408204910000F6D9FF202148956D0061
:20961000C216820491000048D944ED516D002E40820491000048D944EF616D0027408204A7
:20963000910000F7D9FF040054F56D00AC16820491000048D944ED516D00184082049100A8
:209650000048D944E9816D0011408204910000F6D9FF202109F52A096D00951682049100E7
:209670000048D944F6516D0001408204910000F6D9FF202109F52E096D0085168204910006
:209690000048D944D5516D00F13F910000F6D9FF202109FF36097B4033044B0F41F03B00F3
:2096B000FD009B9004044B0F51F0820491000048D944EA716D00DA3F820402F56D0063160F
:2096D000820491000048D944E0616D00CF3F820491000048D944C2816D00C83F82049100F8
:2096F00000F6D9FF202109F53A096D004C16820491000048D944D1516D00B83F8204910022
:2097100000F6D9FF202109F53E096D003C16820491000048D944D1516D00A83F820491001D
:2097300000F6D9FF202109F502196D002C16820491000048D944D5516D00983F8204910045
:209750000048D944CE816D00913F8204910000F6D9FF202109F506196D0015168204910016
:209770000048D944D1516D00813F8204910000F6D9FF202109F50A196D000516820491003F
:209790000048D944D1516D00713F8204910000F6D9FF202109F50E196D00F515820491003C
:2097B0000048D944D5516D00613F910000F6D9FF043014FFDF2F4D8049A4000A49A5040A8D
:2097D0006D009911820491000048D944C0616D004D3F8204910000F6D9FF003014F56D0041
:2097F0000316820491000048D944D3516D003E3F8204910000F6D9FF083014F56D00F4151A
:20981000820491000048D944E7616D002F3F820454A56D00B815820491000048D944C9712A
:209830006D00243F820458017B4033044B0F41F03B00FD009B9004044B0F51506D00A31561
:20985000820491000048D944CC616D000F3F910000F6D9FF043014FFDE178204910000489A
:20987000D944F9816D00023F8204910000F6D9FF083014F56D00B815820491000048D944B7
:20989000C6616D00F33E820491000048D944F5916D00EC3E82146D007B2A1DFFD4FB009037
:2098B0006D00201682046D00401D6D00EF153C053BA000406D006C2A3CFC0090910000F686
:2098D000D9FF100094FF4B0F41F17B0058044B0F51F07B6041044B0F41203C0100908204D1
:2098F000821582166D00E02B0090910000F6D9FF100082046D00B02A3252B4F282046D00C8
:209910008B2A0090910000F6D9FF140094FF4B0F41F17B0058044B0F51F07B6041044B0F74
:2099300041203C0100908234825582666D00BC2B0090910000F6D9FF140082346D008C2A44
:209950003252B4F282346D00672A0090910000F6D9FF204014FFEE031D00CD01910000F654
:20997000D9FF2040DA0034FF6D00EA1D762A910000F6D9FF2021DA0089FF28081D00BB0173
:20999000910000F6D9FF4401088FEE0A910000F6D9FF2021DA0089FF28081D00AC019100F7
:2099B00000F6D9FF440109FF16097B0017044B0F01F06F0F2680910000F6D9FF440109FFAC
:2099D00016097BC025044B0F01F06F2F1A80910000F6D9FF440109FF1A097BC028044B0FE1
:2099F00001F0AE0E910000F6D9FF440109FF1A097BC030044B0F01F0370F61F16E0A910080
:209A100000F6D9FF2021DA0089FF28081D007301910000F6D9FF0C2014FFEE27910000F6CA
:209A3000D9FF042091000026D9224401092F160974FF910000F6D9FF082091000026D92220
:209A50004401092F1A0974FF91000026D9223010910000F6D9FF440148CF742F910000F60C
:209A7000D9FF0C20DA0134FF910000F6D9FF440109FF1609910000F6D9FF042054F06B00C7
:209A900031FF910000F6D9FF440109F01A09910000F6D9FF082054F16B0131003B00C0164C
:209AB0009B917D144B1F41803B00C0F69B9F7DF44BF041F0910000F6D9FF042054F03BB0F4
:209AD000FD109B9104144B1041007B4033144B1051406DFF09F94B2F4190910000F6D9FF83
:209AF000440148CF910000F6D9FF301054F06B0031FF67FFBFAF02846DFFE0F5DF02178069
:209B100002946DFFDBF5DF02128002A46DFFD6F5F62D02846DFFC9F5F62902946DFFC5F565
:209B3000F62502A46DFFC1F5762A910000F6D9FF2021DA0089FF28081D00DD00910000F6DF
:209B5000D9FF2021DA0189FF2808910000F6D9FF341054FF4B0F61F1BBA0700D9B30C2033F
:209B70004B0F4110910000F6D9FF381054FF82004B0F01F0370F61F16E4F910000F6D9FFAF
:209B9000381054FF6B0F31013BF026F19B3FA8F34BF001F0370F61F16E3F910000F6D9FFE7
:209BB0003C1054FF6B0F31F84B0F51F0910000F6D9FF002054F26B0231294B0251009100FD
:209BD00000F6D9FF10203B3033239B32F32391000026D92210205423BBA099499B94E943E2
:209BF0004B4341306B2F61F374FF910000F6D9FF14203B3033F39B3FF3F391000026D9225F
:209C100014205422BBA099399B93E9334B3241206BF061F274FF910000F6D9FF3C1074F8FD
:209C3000910000F6D9FF002074F9910000F6D9FF381074F1910000F6D9FF241074F891008C
:209C500000F6D9FF281074F9910000F6D9FF2C1074FA910000F6D9FF2010DA0134FF91004A
:209C70000046D9440480910000F6D9FF2021488F7B4033044B0F41F03BB0FD009B900404DE
:209C90004B0F51700B89104802A66D00E107910000F6D9FF202191000026D9222410542FA7
:209CB00074FF910000F6D9FF202191000026D9222810542F6CF1910000F6D9FF2021910086
:209CD0000026D9222C10542F6CF2910000F6D9FF202191000026D9221020542F6CF3910041
:209CF00000F6D9FF202191000026D9221420542F6CF400902018910000F6D9FF343109FFE8
:209D10006408EE031D00F101910000F6D9FF3431DA0089FF2408910000F6D9FF3410910041
:209D30000026D9223410542FC21F74FF910000F6D9FF3431484F74AF910000F6D9FF343195
:209D5000485F7801BBA070FD9B3FC2F3780291000046D9440480910000F6D9FF343154F47E
:209D7000910000F6D9FF34314815910000F6D9FF34314826910000F6D9FF343148376D00D0
:209D90002105910000F6D9FF341054F0DA0A4BF01102DF013580910000F6D9FF3431487F54
:209DB00067FFBF4F910000F6D9FF343148656DFF01F73BD0A3F09B7FDDFB6B0F21F291009C
:209DD00000F6D9FF202189FF320991000046D9440480910000F6D9FF34314864910000F632
:209DF000D9FF34314875910000F6D9FF343148863BD0A3709B77DD7B6D00CB079100004629
:209E1000D9440480910000F6D9FF202149F5180A910000F6D9FF202149F61C0A910000F605
:209E3000D9FF202149F7200A6D008504910000F6D9FF341054F0DA0A4BF01102DF013380ED
:209E5000910000F6D9FF2021488F910000F6D9FF202109F032096B0031FF3C073BB0FD00E1
:209E70009B900C046B0031FF3BB0FD009B9004044B0F01006F20F4FF3C073BB0FD009B90AE
:209E90000C046B0021FF3BB0FD009B90040C4B0F01006F00F4FF910000F6D9FF202189FF0F
:209EB0003609910000F6D9FF201014FF6E73910000F6D9FF2021488F02F46DFF15F70228C1
:209ED00002F46D00C511910000F6D9FF343154FF4BF84100910000F6D9FF3431481F6BF216
:209EF0007100910000F6D9FF343154F1910000F6D9FF3431481F4BF841F06B1261FF9100CB
:209F100000F6D9FF1020BBA0701D9B31C21391000026D922102054226B10610274F091007F
:209F300000F6D9FF1420BBA0700D9B30C20391000026D922142054216B0F61F174FF91007C
:209F500000F6D9FF241091000026D9221020542FBBA0700D9B30C20391000026D92224103C
:209F700054216B0F61F174FF910000F6D9FF281091000026D9221420542FBBA0700D9B307A
:209F9000C20391000026D922281054216B0F61F174FF91000046D944048049A50C0A49A6E3
:209FB000100A49A7140A6D000604910000F6D9FF202191000026D9222410542F09A00C092B
:209FD0006B0031FF89FF2A09910000F6D9FF202191000026D9222810542058046B0F31F026
:209FF00089FF2E0991000026D9222021910000F6D9FF048048AF892F3A0991000026D92218
:20A010002021910000F6D9FF048048BF892F3E0991000026D9222021910000F6D9FF048030
:20A0300048CF892F021991000026D9222021910000F6D9FF048048DF892F0619910000269B
:20A05000D9222021910000F6D9FF048048EF892F0A1991000026D9222021910000F6D9FF6D
:20A07000048048FF892F0E19910000F6D9FF202191000026D9222410542F74FF910000F623
:20A09000D9FF202191000026D9222810542F6CF1910000F6D9FF202191000026D9222C103F
:20A0B000542F6CF2910000F6D9FF202191000026D9221020542F6CF3910000F6D9FF2021AB
:20A0D00091000026D9221420542F6CF4910000F6D9FF2021DA006CF5910000F6D9FF20212C
:20A0F0007B00F8F36CF900906D005601762191000046D944048091000056D9551800910064
:20A110000066D96614106D00C50591000046D944202182043B4005506D00DF09910000F6C8
:20A13000D9FF3410DA0074FF910000F6D9FF0C20DA0034FF910000F6D9FF2010DA0034FF72
:20A15000910000F6D9FF1020DA0074FF910000F6D9FF1420DA0074FF910000F6D9FF38108C
:20A170007B00F8FB74FF910000F6D9FF3C10DA0074FF910000F6D9FF0020DA0074FF910099
:20A1900000F6D9FF2410DA0074FF910000F6D9FF2810DA0074FF910000F6D9FF2C10DA0007
:20A1B00074FF91000046D944048082048205820682076D004D05009020180248F6833B8081
:20A1D0000C80910000F8D9FFBCE149FF000A49A2000AA02444F06420FC4E910000F8D9FF77
:20A1F000BCE149FF000A49A20C0AA02444F06420FC4E82091D0091006D00B81E6D00DD1EB5
:20A21000910000F6D9FF344094F04B004101910000F6D9FF185054F14B105100BBA0801E99
:20A230009BC1111454AF6B1061FF74AF910000F6D9FF384094FF4B0F41F1910000F6D9FF37
:20A25000185054F04B0F5100BBA0801E9BC1111458016B1061FF7801910000F6D9FF3C4095
:20A2700094FF4B0F41F1910000F6D9FF185054F04B0F5100BBA0801E9BC1111458026B10AA
:20A2900061FF7802910000F6D9FF005094FF4B0F4101910000F6D9FF1850481F4BF051003C
:20A2B000BB50A31F9BE1C81358036B1061FF7803910000F6D9FF045094FF4B0F4101910046
:20A2D00000F6D9FF1850481F4BF05100BB50A31F9BE1C81358046B1061FF7804910000F6E7
:20A2F000D9FF085094FF4B0F4101910000F6D9FF1850481F4BF05100BB50A31F9BE1C81311
:20A3100058056B1061FF78053BA000406D004025C219370970903F8971FF7B00F8F34B087F
:20A3300061014B0F5100910000F6D9FF182054AF4B0F41F074FF910000F6D9FF1820580178
:20A350004B0F41F06CF1910000F6D9FF182058024B0F41F0BBA0801E9BC111146B0131FF73
:20A370006CF2910000F6D9FF242058034B0F41F074FF910000F6D9FF242058044B0F41F0E9
:20A390006CF1910000F6D9FF242058054B0F41F06CF2009091000046D944343182043B803D
:20A3B00002506D009A086D00641E762382123C0382023C0100906D00D91D6D00FE1D910004
:20A3D00000F6D9FF343191000026D9223440942F4B0F41F191000026D922185054204B0FDD
:20A3F00051F0BBA0800E9BC011044B0F41F091000026D922182054206B0031FF74FF91002B
:20A410000026D9223431910000F6D9FF384094FF4B0F41F1910000F6D9FF185054F04B0F4B
:20A4300051F0BBA0800E9BC011044B0F4100910000F6D9FF1820481F6B0F31F06C21910020
:20A450000026D9223431910000F6D9FF3C4094FF4B0F41F1910000F6D9FF185054F04B0F07
:20A4700051F0BBA0800E9BC011044B0F4100910000F6D9FF1820482F6B0F31F06C229100CF
:20A490000026D9223431910000F6D9FF005094FF4B0F4101910000F6D9FF1850481F4BF0DF
:20A4B00051F0BB50A30F9BE0C8034B0F41F0910000F6D9FF242054F06B0031FF6C2391001B
:20A4D0000026D9223431910000F6D9FF045094FF4B0F4101910000F6D9FF1850481F4BF09B
:20A4F00051F0BB50A30F9BE0C8034B0F4100910000F6D9FF2420481F6B0F31F06C249100A7
:20A510000026D9223431910000F6D9FF085094FF4B0F4101910000F6D9FF1850481F4BF056
:20A5300051F0BB50A30F9BE0C8034B0F4100910000F6D9FF2420482F6B0F31F06C256D0079
:20A55000631D91000026D9223431910000F6D9FF0C5094FF4B0F4101910000F6D9FF1850A3
:20A57000482F4BF051F06C2691000026D9223431910000F6D9FF105094FF4B0F41019100B0
:20A5900000F6D9FF1850482F4BF051F06C2791000026D9223431910000F6D9FF145094FF82
:20A5B0004B0F4101910000F6D9FF1850482F4BF051F06C28910000F6D9FF3431DA0189FF7A
:20A5D000240800902058404C405F0B451088026A82043B40385040C46D007F07486F74AF5E
:20A5F000487F7801488F7802489F780349A4100A49A5000A6D009B0682003C0D9A30534F14
:20A61000201053C023F010CF01F100F67B00F8F374FFC210BF30F47F58054BAF410058060A
:20A630006B9F71F0780D58064B8F410058046BAF71F0780E58044B9F410058056B8F71F005
:20A65000780F58084BAF410058096B9F71F0781058094B8F410058076BAF71F07811580736
:20A670004B9F410058086B8F71F07812580B4BAF4100580C6B9F71F07813580C4B8F4100E3
:20A69000580A6BAF71F07814580A4B9F4100580B6B8F71F0781582003C1982013C149A61C4
:20A6B000534F20209A3053CF23F010CF01F200265341202053C020F010AF01F200F648DFEB
:20A6D000742FC211BF31ED7FC210BF30E87F82003C1C82013C178B9100F0534F20209A3008
:20A6F00053CF23F010CF01F200265341202053C020F010AF01F200F6484F67FFBFFF742F20
:20A71000C211BF31EA7FC210BF30E57F82003C0F8BC000F0534F20109A6053CF23F010CFF0
:20A7300001F100F67B00F8FB74FFC210BF30F27F0090405F406C407D4C4609481C0909491C
:20A750002009094A24094B9F41006B8A71007B0000144B1041406DFF00F274F24BA941004B
:20A770006B8F61007B0000144B1041407B00F8034B9941106B8861117B0000246B21715007
:20A790006DFF18F274C24B9841006BAF61F07B0000044B0F41407B00F8F34BAA41006B9974
:20A7B00061007B0000146B10715F6DFF03F274D20090544F745F4C41746F4C42747F009020
:20A7D000D9AA602F404F19A0A0D019A1A4D019A8A8D039FFD8A0EE031D00390248AF6B0FCE
:20A7F000319448BF6B0F31A548CF6B0F31B648DF6B0F31C748EF6B0F31D048FF6B0F31E197
:20A81000486F74AF487F7801488F7802489F780349A4100A49A5000A6D00890549A4340A36
:20A830000B9A104802B66D00200649A4001A49A5100A49A6340A6D00BF0454F0483158102F
:20A850007B00F0234B2F41F04B8F41F04B8F41F06B8161FF6B0F21F074FF48104841581105
:20A870007B00F0234B2F41F04B8F41F04B8F41F06B8161FF6B0F21F06CF1482048515812DA
:20A890007B00F0234B2F41F04B8F41F04B8F41F06B8161FF6B0F21F06CF209A00019483FDB
:20A8B0006B8061FF6CF309A00419484F6B8061FF6CF409A00819485F6B8061FF6CF549A4CC
:20A8D0000C1A0BCD104802E66D00CF0549A4000A49A50C1A02846D00870554AF6CF65801A1
:20A8F0006CF758026CF858036CF949A4181A40F50B9A104802B66DFF67FE82003C16534026
:20A91000201053C023F010F2012100265340201053C023F010F401410046194F40004B8F90
:20A9300041F0592F94C0C210DA0F3FF0EA7F82053C2E82003C28820182023C165342203092
:20A9500053C523F010A201230026092318195340204053C223F010F201240026092F3C196E
:20A970006BF36111C212DA0F3FF2EA7F5340202053C523F010A2012200264B8141F0592F22
:20A990001CF0C210DA0F3FF0D87FC215DA0F3FF5D27F82053C2E82003C28820182023C16E5
:20A9B0005342203053C523F010F20123002609233C195342204053C023F010A20124002692
:20A9D000092F18196BF36111C212DA0F3FF2EA7F5340202053C523F010A2012200264B8112
:20A9F00041F0592F60D0C210DA0F3FF0D87FC215DA0F3FF5D27F82033C3B82043C3553444E
:20AA100020F053C3230001F000261022534420F053C3230001F00046104409403C195344F4
:20AA300020F053C3231001A10046104419411CF0534420F053C3232001A200461044194F66
:20AA500060D06B0F2111534420F053C3232001F200461044194F94C06B0F21F16B0F21F0AA
:20AA7000892F3C19C214DA0F3FF4CB7FC213DA0F3FF3C57F48AF7B0000044B0F01F0370F42
:20AA900061F16E047B0000F46CFA48AF7B00000C4B0F01F0370F61F06E047B0000FC6CFA5E
:20AAB00048BF7B0000044B0F01F0370F61F16E047B0000F46CFB48BF7B00000C4B0F01F0FC
:20AAD000370F61F06E047B0000FC6CFB48CF7B0000044B0F01F0370F61F16E047B0000F425
:20AAF0006CFC48CF7B00000C4B0F01F0370F61F06E047B0000FC6CFC48DF7B00F0034B0F1E
:20AB100001F0370F61F16E047B00F0F36CFD48DF7B00F00B4B0F01F0370F61F06E047B00F7
:20AB3000F0FB6CFD48EF7B00F0034B0F01F0370F61F16E047B00F0F36CFE48EF7B00F00B42
:20AB50004B0F01F0370F61F06E047B00F0FB6CFE48FF7B00F0034B0F01F0370F61F16E04B7
:20AB70007B00F0F36CFF48FF7B00F00B4B0F01F0370F61F06E047B00F0FB6CFF9100002861
:20AB9000D92288F14922000AD9A4A4B0A0E5442F644FFC5E91000028D922C4014922000AF8
:20ABB000D9A4A0C0A0E5442F644FFC5E82013C44534120F053C1230001F000261022092053
:20ABD0003C19534120F010A2192FA4B04BF001F0370F61F16E0F534120F053C1230001F011
:20ABF00000261022534120F010A4194FA4B0892F3C19534120F053C1230001F000261022A8
:20AC100009203C19534120F010A2192FA0C04BF001F0370F61F06E0F534120F053C123008D
:20AC300001F000261022534120F010A4194FA0C0892F3C19C211DA0F3FF1BC7F49F4001A10
:20AC500082043BC003506D0048040090404F74F4681568263BB0FDF09B9F04F44BF741F048
:20AC70007B4033044B0F51F07B00F0034B0F418002846DFF39F06862DA006CF7DA006CF84E
:20AC900002846D00E50A6892DA01E9FFD8A00090404F405C406D82043BC0E95040F46D00CA
:20ACB0001C04DA0074FFDA006CF1DA006CF2DA006CF3DA006CF4DA006CF57B00F8F36CF632
:20ACD000DA006CF7DA006CF8DA006CF949F43C1A7B00F8436D005902BD0C160082003C0FED
:20ACF000534020F053C0231001F100261022534020F010C4544F592F4000C210DA0F3FF045
:20AD1000F17F3C2ABBA070FD9B3FC2F359FF402059FF401059FF4000DA0059FF405059FFE4
:20AD3000404059FF4030BBA070FD9B3FC2F359FF408059FF407059FF4060DA0059FF40B02A
:20AD500059FF40A059FF4090DA0059FF40E059FF40D059FF40C0BCDB54DF59FF44E04CD10E
:20AD700059FF48E04CD259FF4CE03C0BBBA070FD9B3FC2F359FF4CE059FF48E059FF44E083
:20AD9000DA01E9FFD8A0DA00E9FFD9A000902040404F0240027839FFD8A0EE031D008500AF
:20ADB0006755BF4F02056DFF05EF6B08218249A5000A49A6040A49A7080A40F46DFFBBFCEE
:20ADD00058026B0F31883C073BB0FDF09B9F0CF46B0F31883BB0FDF09B9F04F44BF801F010
:20ADF0006F2FF4FF3C073BB0FDF09B9F0CF46B0F21883BB0FDF09B9F04FC4BF801F06F0F76
:20AE1000F4FF486F7803487F7804488F7805489F7806BBA099F99B9FE9F34BF841F07B000F
:20AE3000F0034B0F419002946DFF5EEF89A21C09DA007808DA00780902946D00090A89A24F
:20AE5000280949A42C0A49A50C0A49A61C0A6D00DA0149A42C0A6D003102580B6CF6580C41
:20AE70006CF7580D6CF8580E6CF948FFBBA0700D9B30C2036B0871FF6CFF48FF7B00F00319
:20AE90004B0F01F0370F61F16E047B00F0F36CFF48FF7B00F00B4B0F01F0370F61F06E0473
:20AEB0007B00F0FB6CFF00900D00000282046D003C1282046DFF39C18278DA010F8F00F082
:20AED000892F2829910000F6D9FF0800DA0134FF0D00400200800D00000282046D002512DC
:20AEF00082046DFF22C1DA0982180FF8008089282829910000F6D9FF0C00DA0134FF0D00E1
:20AF1000400200800D00000282046D000E1282146DFF0BC18278DA010F8F00F0892F282903
:20AF30000D00400200800D00000282046D00FD1182146DFFFAC0DA0982180FF800808928B1
:20AF500028290D00400200800D00000282046D00EC110D00400200800D00000282046D00F1
:20AF7000E41182046DFF26E0762482046DFF18E082446DFF1FE0762482446DFF11E00D0055
:20AF9000400200800D00000282046D00CE1182146DFF10E0762482146DFF02E082546DFF4C
:20AFB00009E0762482546DFFFBDF0D00400200800D00000282046D00B81182346DFFFADF4D
:20AFD000762482346DFFECDF82746DFFF3DF762482746DFFE5DF0D00400200800D00000208
:20AFF00082046D00A21191000046D94444D16DFF2AC00D00400200800D00000282046D006B
:20B0100094116D00180B0D00400200800D00000282046D008A1191000046D94470E16DFFCE
:20B0300012C00D00400200800D00000282046D007C1191000046D9449C016DFF04C00D0002
:20B05000400200800D00000282046D006E1191000046D94488216DFFF6BF0D004002008010
:20B070000D00000282046D0060116D00D1140D0040020080744489450409DA006C42009081
:20B09000C234B70402F06E659249DF096300910000F6D9FF3C5054FFEE1582046DFFD1EC14
:20B0B000802F325F160392446DFFCBEC8020DFF051001022F4F291000046B542385082007E
:20B0D0007420D4FC820A3C0310CCB0FC54CF6E036F0FFCFFF4FC3C1DB70801F010CF6F084D
:20B0F000188054FFEE1182046DFFABEC49F4040A7D420F80325802846DFFA3EC802F1EF864
:20B1100074CA82083C0CAE0442F874C840CF40FC54C876856F08E2FF3F98E0FFDF082680EA
:20B13000BF19180002946DFF8CEC802F9EF249CF040A01F220F4EE0D012F30F4EE12802F2B
:20B15000325F1603102F92446DFF7BEC802F5EF3A002009001CF2020802F960174CF40FC46
:20B1700001C900F674FA3C0A9A493FF8078001C900F6A29874F83C0202898F1940F174CF5F
:20B1900049C2040A0090404F024882043B40385040F46D00A20182003C0A534020F053C0D2
:20B1B000231001F1002610227428C210DA0F3FF0F67F0090201082003C1C534020F010A218
:20B1D00053C020F0105F48210962080953C020F0105F54F3546453C020F0105F48154C61BB
:20B1F0004BF541F06B4361FF6B2161FF742FC210BF30E57F49A5000A3BC000406D003B0130
:20B2100000902010545F54604B0F41004C51096104096B1F71004C52096108096B1F710039
:20B230004C5309610C096B1F71F074AF0950080909610C095452096304094C5154644B4FDB
:20B2500041F06B3261FF6B10610F4C53096108096B1F71F0780109500C0909610409095207
:20B270000809546354544C624BF44140095504094C636BF571F46B3261FF6B1061FF7802AF
:20B2900009500C095461545209630C09095404094C624BF441F06B32612F095308094C6185
:20B2B0006BF371F26B1061FF780349A5000A3B0001406D00E0000090404F4830483148222C
:20B2D000482354F454F54816481F4BF641F06B5461FF6B3261FF6B10614F6D00E107BBF0E4
:20B2F0006FFE9BBFEDF24BF201F0AE2B7B00F8F374FFDA006CF1DA006CF2DA006CF33C15BF
:20B310007B00F8F34B2F510054FF4B0F41F074FF481F4B0F41F06CF1482F4B0F41F06CF2EC
:20B33000483F4B0F41F06CF300905454095504090956080909570C094B6641804B774190FF
:20B350004B6541004B7541A04B7641B04B5441C04B6441D04B7441E07B00F8136B66612978
:20B370007B0000346B32711174416B7471F07B0000044B0F41F06C416B7561FD7B00000486
:20B390004B0F41F06C426B6561FE7B0000044B0F41F06C437B00F8F36B5561097B0000145D
:20B3B0006B1071FF6C446B5471FB7B0000044B0F41F06C456B6471FA7B0000044B0F41F0B8
:20B3D0006C466B7661FC7B0000044B0F41F06C477B00F8F36B5561087B0000146B1071FFA7
:20B3F0006C4800902010404F7B00F0F34BF44100545F4B0F41904C514B0F41A04C524B0FAE
:20B4100041B04BAA41F06B9961FF6BBB614F6D0047070228BBF06FFE9BBFEDF24BF801F061
:20B43000AE267B00F8F37B00F8033C0A02846DFF5BEC022F02846D000B074B82510074AF56
:20B450004B0941F078014B0A41F078024B0B41F0780349A6000A40F440F56DFFD4FE40F408
:20B470006DFF2CFF0090744489450409894608090090DF043000404FBF842780804F8F3F69
:20B49000000180518F3100115F101F802E06C2F4045F344F494F010A80FF2E16045F24FF2F
:20B4B000C2E4045F24FF8F7400018FD41FF06E0B02F14052C2F160160922480189F248017B
:20B4D000FC6CD05502047646C2F46042045F24FFFC2E40420090404FBF852380804F2E057B
:20B4F000C2F53444494F010A80FF2E1424F4C2E524F48F7500F106D5DF051200D200764A7A
:20B51000370468008F802010A6108F002110A6100201C2F5605289F04801FC2E02F57655F3
:20B53000C2F5605224F4FC2F40420090024F370FE81B8F1F1E00DAFF7E17024F7444B70F9A
:20B5500089FB6E123C0B8FF00150DA7F7FF10900DA00B70F81FFA65F744F02420090DA96C2
:20B570003FF10A007444DA00B70F81FF8FF00120A6F20090B704890B8F71012082F38B6110
:20B5900009110F1300302630B700890BA652A60274426B0231F4B70F812FA65200903B204D
:20B5B0002A408215821682376D00DB1E3BB000403B80265482066D003F240090024F0EFC20
:20B5D0003B202A4082156D000F1F3BB0004002F56D00DD243C0C3B202A4082056D00041FB0
:20B5F0003BB00040325F02F56D00D12400903B402A408215821682376D00B31E3BA001406F
:20B610003B80265482066D0017240090024F0EFC3B402A4082156D00E71E3BA0014002F5C9
:20B630006D00B5243C0C3B402A4082056D00DC1E3BA00140325F02F56D00A924009020808B
:20B650006DFFAFFF6DFFD5FF6DFF4BF16DFF6DF182046D006E05BBD0CC8C9BC8DC833B00C8
:20B6700000949BC9619C3B0000A49BCA61A474A989AA0409DA002CA849A40C0A910000F6E7
:20B69000D9FF382054F4910000F6D9FF342054F5910000F6D9FF302054F602876D006F04C4
:20B6B00049A40C0A6B0931FA7B00F0034B0F41406D00920449A4300A6D007F0474A989AA25
:20B6D0000409DA002CA849A4041A910000F6D9FF382054F4910000F6D9FF342054F5910008
:20B6F00000F6D9FF302054F602876D00480449A4041A6B0931FA7B00F0034B0F41406D0030
:20B710006B0449A4281A6D005804910000F6D9FF243091000026D9223C20542F74FF91006A
:20B7300000F6D9FF243091000026D9223820542F6CF1910000F6D9FF243091000026D92288
:20B750003420542F6CF2910000F6D9FF243091000026D9223020542F6CF3820491000048AE
:20B77000D94423526D00822F82081D003D013B4006406D000D1B6DFFBAF06DFFDCF06D0013
:20B790003804910000F6D9FF044014FF6E2A910000F6D9FF0440DA0034FF910000F6D9FF00
:20B7B0003C2091000026D9222430542F74FF910000F6D9FF243054FF82004B0F01F0370F08
:20B7D00061F06E07910000F6D9FF3C20DA0074FF49A4300A6D00F10349A4281A6D00ED0377
:20B7F000910000F6D9FF0440081F6E1D910000F6D9FF0440DA002CF191000026D922382040
:20B81000910000F6D9FF2430481F742F910000F6D9FF382054FF7803910000F6D9FF38201F
:20B8300054FF7811910000F6D9FF0440082F6E1D910000F6D9FF0440DA002CF29100002665
:20B85000D9223420910000F6D9FF2430482F742F910000F6D9FF342054FF7804910000F6B3
:20B87000D9FF342054FF7812910000F6D9FF0440083F6E1D910000F6D9FF0440DA002CF39E
:20B8900091000026D9223020910000F6D9FF2430483F742F910000F6D9FF302054FF78053A
:20B8B000910000F6D9FF302054FF78136DFF08F0022949A40C0A49A5300A910000F6D9FFD2
:20B8D0003C2054F402956D005F02022A02A46DFF7ADE02246DFF74FE6DFF16F0022B49A429
:20B8F000041A49A5281A910000F6D9FF3C2054F402B56D004902022C02C46DFF64DE0224B0
:20B910006DFF86FE910000F6D9FF2CC16819910000F6D9FF2CC1682B910000F6D9FF2CC12F
:20B93000683A910000F6D9FF2CC1684C910000F6D9FF2CC1DA042CF191000046D9442CC12D
:20B950006D00BA03C21882504B081102DF014C80820491000048D94426626D00872E820443
:20B97000910000F6D9FF3C2054F56D000C05820491000048D94429626D00782E82040295FE
:20B990006D000105820491000048D94432626D006D2EDA0002A46DFF16DE0BF210486D006A
:20B9B0002305820491000048D94436626D005E2E820402B56D00E704820491000048D94431
:20B9D00032626D00532EDA0002C46DFFFCDD0BF210486D000905820491000048D944D5517E
:20B9F0006D00442E1DFFC5FE0090910000F6D9FF003014FF910000F6D9FF083014F03F0F5E
:20BA10000A80910000F6D9FF0430DA0334FF82223C54910000F6D9FF003014FF534F21F060
:20BA3000910000F6D9FF1C4110FF54FF91000026D922202154206B00310F481F91000026A8
:20BA5000D9222021092104096B0131FF4BFF41F06B00614F6D002404483F4BF201F0370FA1
:20BA700061F06E20910000F6D9FF003091000026D9220030142FC21F34FF910000F6D9FFB0
:20BA9000003014FF910000F6D9FF083014F03F0F0880910000F6D9FF0430DA0334FF82229B
:20BAB0003C0C7B0000F44BF201F0370F61F06E0382123C0382023C01009091000046D94471
:20BAD0001C4182043B0019506DFF07FD910000F6D9FF0830DA0034FF910000F6D9FF00302C
:20BAF000DA0034FF910000F6D9FF0430DA0034FF0090404C405D910000F6D9FF003014FF2E
:20BB1000910000F6D9FF083014F03F0F0780DA0074CFDA0074DF3C3A910000F6D9FF003056
:20BB300014FF534F21F0910000F6D9FF1C4110FF54FF91000026D922202154206B00318F7F
:20BB5000481F91000026D9222021092004096B0031FF4BFF41006B8861406D00A10374C244
:20BB70000BF810486DFF26E809FF50081E1409FF50085E224822910000F6D9FF2021488F8D
:20BB90006B0F31426D00DF0074D20090820491000048D9443F626D00692D82083C568204C4
:20BBB00091000048D94412726D00602D820402856D001A04820491000048D94416726D00F8
:20BBD000552D8204534821F0910000F6D9FF1C4110FF54F56D00D703820491000048D944CA
:20BBF000DB516D00432D8204534821F0910000F6D9FF1C4110FF48156D00C5038204910086
:20BC10000048D9441A726D00312D8204534821F0910000F6D9FF1C4110FF482F7B403304F2
:20BC30004B0F41F03BB0FD009B9004044B0F51506D00A903820491000048D94421726D00BE
:20BC5000152DC21837086880910000F6D9FF083014FF3FF8A6FF0090910000F6D9FF0030EC
:20BC700014FF910000F6D9FF083014F07F0F0F80910000F6D9FF003014FF534F21F0910003
:20BC900000F6D9FF1C4110F23C03A0023C010090910000F6D9FF083014F0DA143FF004807D
:20BCB00082023C4F910000F6D9FF083014FF534F21F0910000F6D9FF1C4110FF9100002686
:20BCD000D9222021542F74FF91000026D92220214C216CF191000026D92220214C286CF2A0
:20BCF00089F41008DA003E46DA013E4ADA023E4C3C11BBD0CCFC9BCFF4F36CF33C117B0060
:20BD1000F0F36CF33C0DBBA099F99B9FE9F36CF33C07BBD0CCFC9BCFF4F36CF33C01910012
:20BD300000F6D9FF083091000026D9220830142FC21F34FF910000F6D9FF083014F23C01D2
:20BD500000903C073BB0FDF09B9F0CF46B0F31443BB0FDF09B9F04F44BF401F06F2FF4FF34
:20BD70003C073BB0FDF09B9F0CF46B0F21443BB0FDF09B9F04FC4BF401F06F0FF4FF024288
:20BD90003C0100906B053144B704810F4C474BF00100370061F06E028204094F6008EE316A
:20BDB0004C4354506BF46100745054504C4667FFBF1F094218094B100130370361F06E024F
:20BDD0003C0A4B200110370161F16E0302213C0302013C0174514C516B0F31044C434BF019
:20BDF0005100544F4B4F41204C414B1F41104C424B0F41F06B0121026B0F21F06C533C23AB
:20BE10004C516B0F31044C517B0000146B1F71144C526B0F211154424C414B4F41304C4384
:20BE30004BF341F06B02610F4C424B1F41104C434BF151F06B0F21004C536B0021FF6C53CD
:20BE50004C516C528954040909500C0909421009094114094B2001F0370F61F06E023C0AAB
:20BE70004B1001F0370F61F16E0302123C0302023C0189520C093C0100906B053124B7028E
:20BE9000810F4C474BF00100370061F06E0282024C516B0F31024C434BF051007B00F813CC
:20BEB0006B0631114C544BF141106B0661F16C54094F6008EE2D4C4354506BF261F0745F80
:20BED00054504C4667FFBF1F094318094B1001F0370F61F06E023C0A4B3001F0370F61F1CE
:20BEF0006E0302313C0302013C017451544F4B2F41004C414B1F4110094308094C544BF369
:20BF100041F06B0121006B0F21F06C533C1C4C516B0F3102094108094C544BF14110094393
:20BF30000C0954444C414B2F41504C434BF541F06B0461FF6B31610F4C536B0021FF6C53E8
:20BF50004C516C528952040909500C0909421009094114094B2001F0370F61F06E023C0AAC
:20BF70004B1001F0370F61F16E0302123C0302023C0189520C093C01009054A0580109A114
:20BF900048087444894504098946080989470C09894010096C456B0031FFB70F81FFBBD0EA
:20BFB000CC0C9BC0EC034B0F41F06C46DA006C47894120080090DA00744FDA006C41DA0005
:20BFD0006C42DA006C43DA006C440090B70481FF6C470090B70481FF6C460090024F82042E
:20BFF000370F68506D00372B02F23C0100902088910000F6D9FF0C40D4FF49A4040A3B0047
:20C0100008402D0F000074A254AF6E0A91000046D9440C3049A5040A54A46D006B073C427A
:20C03000DA0874AF91000046D9440C3049A5040A49A6000A82146D00A9050CA43B500500D5
:20C050003E04DA0174AF3C230CA7820089A0070849A4040A3B8000406D005F00FE260CA62C
:20C07000C2FF534F20F0910000F6D9FF243010FF580274FF0CA6910000F6D9FF044010FF4A
:20C09000DA0189FF3FF83C03DA0174AF91000046D9440C3049A5040A49A6000A82046D00A1
:20C0B000750591000046D9440C306D001207FF82B9FF0090404F081F160F2CF1081F3B809D
:20C0D00000000BF0504191000048D94426723B500C506D004202DAAA34FF081F8B8F00F1B5
:20C0F000534F20F08B4F02F1370F68802838081F96102CF1DA002CF240F402846D000D000D
:20C11000282291000026D9221040D42240F402842D020000009082023C07C2F4144F42F240
:20C1300037026820B014DF04FAFF3C010090DA00BE44DA015F4F2500DA025F4F3500DA039B
:20C150005F4F4500DA045F4F5500DA055F4F6500DA065F4F75003C74910000F6D9FF1040A7
:20C1700091100028D9229CACF4F2910000F6D9FF0C4091100028D922BE9CF4F23C619100E0
:20C1900000F6D9FF104091100028D922ACEEF4F2910000F6D9FF0C4091100028D922B4DE2C
:20C1B000F4F23C4E910000F6D9FF104091100028D92236DDF4F2910000F6D9FF0C40911047
:20C1D0000028D9223ECDF4F23C3B910000F6D9FF104091100028D922600DF4F2910000F677
:20C1F000D9FF0C4091100028D92228FDF4F23C28910000F6D9FF104091100028D922807E67
:20C21000F4F2910000F6D9FF0C4091100028D922886EF4F23C15910000F6D9FF104091103C
:20C230000028D92272EEF4F2910000F6D9FF0C4091100028D922629EF4F23C023C01009025
:20C2500082023C01009002423C01009082051DFF15E46F770C006F0505808FF707F16E06F3
:20C27000C215EF850400C21606F5B70589FB8F7601008F840120A60FA6F20090201049A616
:20C29000100AA00FF4AF89A4840982FF780240A46DFF7EDFD801DA0034FF009002483708C1
:20C2B000E8FBEE05820402851DFF16E56DFFFDE1DF022280DA004BF801008F3000F16E0566
:20C2D0006F001A001DFFC0E14B0891F17B00F0034B0841007B00FC134BF041206BF271211C
:20C2F0004B2F41F04BF041006BF071014B0F41F04BF841800282009037046800044F7E041F
:20C31000B0F440420090EEF9A0020090404F044FEEFF01F420F080F2C2F200903C08C2F4BA
:20C33000044F04506E023E0352020090DF04F9FF82020090404F3C04C2F4045F24FF7647FA
:20C35000145FEEFB3C04DA0024FFC2F4DF04FDFF40420090145F6E143C0F405F40423C03ED
:20C37000B01FB01209FF00086E05092000085F0FF97F6E06B014144FEEF1A0020090404254
:20C3900000900B541088DA004BF801F0370F61F06E083BD0025002946D005D296788BF8FC8
:20C3B0004B0871514B0561F16B0F31F802946D001B003BE0025002946D004D297B802C04E4
:20C3D0007B00F0136B0F61F14B0F71F1FFAF07803B00035002946D003E290B9F10486D00AB
:20C3F00003000090201802508202F605DA3034AFC2123C1D82033C0D01A300F6DA0A4BF0F0
:20C4100011628B0703F02CFCC213DA0A4BF01102FF10F4FF3C0AC2F301A200F601A3002685
:20C43000092F0C0834FFC212FF13F77F01A200F6DA0034FF49A4000A6D00182900903B00FB
:20C45000D0269B9212246B4461224B4441F0BBE0F408BB50061D9BA014049BB10C146B1F73
:20C4700061106BF261F04BF151F04B4F412000906D004B076D0036006D003F006D004514B1
:20C4900082046D00520700904DC0E1FF16073C016E083C01910000F6D9FF10D114FF6EFBFA
:20C4B0004DC0E1FF16073C01910000F6D9FF10D110FFDA0134FF8218DA003C0B910000F686
:20C4D000D9FF10D110FF14F0E20837086880C21FBF2FF6FF82146D005B14DF08EE7F009055
:20C4F0006DFF76D602246DFFCAD56DFF85D602246DFF09D60090910000F6D9FF14D16DFFCB
:20C51000EFD174F24DC0E1FF8F7F00413C01910000F6D9FF14D16DFF26D16812910000F6C4
:20C53000D9FF14D16DFF31D26822910000FFBCF16DFF13D2913000FF39FF3506160F4B0FF5
:20C5500041F14BF251F03C013C01910000F6D9FF14D16CF30090404F0258F6479100002691
:20C57000D9221840142FEE023C1F91000026D9221440142F6E033C013C0091000026D922E5
:20C590001440DA00C21F342F6D00B3063C0C91000048D9442392A00640F502846D007500BD
:20C5B0006D0004003CF500902008DA0074AFDA007801DA0074AF3C0FDA0078013C0458018D
:20C5D000C21F780158013BF0FF017FF0FAFF54AFC21F74AF54AF3BF0FF007FF0EFFF0090E4
:20C5F000201849A4000A6D003102911000F8D9FFAAACF80249A4000A6D00EC018204BB0009
:20C61000205C9B150050820682076D00922491000046D9443CE1820491000056D95538D1A5
:20C630003B0004506D009602820482156D0099260090910000F6D9FF1C4014FF6E138204A8
:20C6500091000046D94438E16D00782691000046D9443CE191000056D95538E182146D0070
:20C6700049040090404676423C0E910000F6D9FF1C4014FF6E0891000048D94430920254F3
:20C690006D0003000090D9AAE86F404C405D0248406E820089A08C08DA00ACA7DA007804CD
:20C6B000DA00ACAADA00ACAB40D46DFF31FE89A2100991000026D92224D1092FC0086E08F9
:20C6D000910000F6D9FF24D1C84F2D0F0000910000F6D9FF1C4014F0DF007B01910000F602
:20C6F000D9FF24D109FFC008DF0F3F0109A096088CABC21FACAB910000F6D9FF24D1C83F4E
:20C7100082043700705040C42D0F000040D46DFFFFFD89A21009910000F6D9FF24D109F03F
:20C73000C208910000F6D9FF24D1086F4BF0010289A094083C0109DF0008B01DEEFDDA0092
:20C75000ACA73C11B0FD09D00008DA2F3E0509D00008DA5C7E0509AFCE08C21FACA7580497
:20C77000C2FF780409AFCE08FF2F05805804FF0FEB7F58040EFCB01DF4AD49A4180A9100E3
:20C790000058D95516826DFF7BFD3C1709AFCE08EE0BF4AD49A4180A91000058D9551F8245
:20C7B0006DFF6EFD3C0AF4AD49A4180A91000058D95516826DFF64FDDA00ACA63C4CDA0092
:20C7D000ACA73C2349A4180A6DFFA2FD09A0CC088CAA09A1CE0803F00AF17FF203803C1A12
:20C7F00009AFCE0810AF49FF184A09A0CC088CAA09A1CE0803F00AF110A2092F180834FFD4
:20C8100009AFCE08C21FACA709A0CE088CAA3FF0DB7F09AFCE0810AF49FF184ADA0034FF04
:20C83000910000F6D9FF24D108708CABE2F08CABC21FACAB910000F6D9FF24D1C83F8204C3
:20C850003700705049A4184A2D0F000009AFCC08C21FACA609A9CC0849A4180A6DFF58FD31
:20C870008CAA4BF211029A103FF9ABFF74A849A4180A91000058D9552C826DFF01FD9100AB
:20C8900000F6D9FF24D1087F09A09608E2F08CABC21FACAB910000F6D9FF24D1C83F8204D5
:20C8B0003700705049A4180A2D0F0000A00F7DEF5B00DA00ACA63C4CDA00ACA73C2240E44D
:20C8D0006DFF26FD09A0CC088CAA09A1CE0803F00AF17FF203803C1A09AFCE0810AF49FFB9
:20C8F000184A09A0CC088CAA09A1CE0803F00AF110E2092F000834FF09AFCE08C21FACA77E
:20C9100009A0CE088CAA3FF0DC7F09AFCE0810AF49FF184ADA0034FF910000F6D9FF24D170
:20C93000087F09A09608E2F08CABC21FACAB910000F6D9FF24D1C83F82043700705049A413
:20C95000184A2D0F000009AFCC08C21FACA609A8CC0840E46DFFDCFC8CAA4BF211029A104D
:20C970003FF8ACFF3C3549A4185A82043B0010506DFFB3F5910000F6D9FF24D1C82F40C471
:20C990002D0F0000A00F7DEF1000F4AD89A8040989AE880949A4185A91000058D95535824C
:20C9B0006DFF6EFC3C0CF4AD89A8040949A4185A91000058D9550E926DFF62FC910000F603
:20C9D000D9FF24D1C82F49A4185A2D0F00000090910000F6D9FF24D1094FC008B4FF9100A0
:20C9F00000F6D9FF24D1094FC208ACF1910000F6D9FF24D1094FC408ACF2910000F6D9FF30
:20CA100024D10C462CF6910000F6D9FF24D10C472CF7910000F6D9FF24D109428809E82299
:20CA3000910000F6D9FF24D109428C09E83291000026D92224D1CC44EC24910000F6D9FF72
:20CA50001C40DA0134FF0090DA00B44FBBF0FFFFAC41BBF0FFFFAC42DAFF2C46DAFF2C472B
:20CA7000A00FEC42A00FEC43A00FEC4400902008404574A491000046D9443CE149A6000AAD
:20CA900082046D00830054A23C010090024582046D00D72582023C01009082046D00E625C8
:20CAB0000090404FA00201F2104491000048D9443C923B5005506DFF50FD820814FF9601CD
:20CAD00034FFDA006CF2DA006CF3485F6CF4081F82003E0682103E0A8220BE003C17C81445
:20CAF000820448556DFFF9F43C11C8148204485F532F20506DFFF1F43C09C8148204485FC3
:20CB1000534F20506DFFE9F43C01DA0034FF02823C0100904C43424F6C433C064C43094026
:20CB30001409A20F6C434C4509400C097FF0F8FF00904C42424F6C423C064C420940140980
:20CB5000A20F6C424C45094008097FF0F8FF0090404F024F405C0258A00201F21044910035
:20CB70000048D9443C923B2022506DFFF6FC8202E81C820034F02CF1DA006CF2DA006CF38B
:20CB9000684868583C010090404F405C406D0249A00201F2104491000048D9443C923B102D
:20CBB00016506DFFDAFCA00201D2104491000048D9443C923B2016506DFFCFFC820882002C
:20CBD000A0027DC2058082381D00900014FF16036E0574D082681D009F0040F46D007901D4
:20CBF00054D07F020B8074D28278F62714FFB70F81F134FF1D00900014FF960834FF485FE2
:20CC10004830520A54D03F0A2B80081F82003E0682103E0C8220BE063C21C812483F1025F6
:20CC300054D440C46DFF27F43C19C812483F532F20F0102554DF532F204040C46DFF1BF420
:20CC50003C0DC812483F534F20F0102554DF534F204040C46DFF0FF43C013C43081F820026
:20CC70003E078210BE0482205F0F27003C3AC812483F102540C402A46DFFFDF301CA0046B1
:20CC9000C81554D4A2A46DFFF6F33C2BC812483F532F20F01025532A204040C46DFFEBF32A
:20CCB000532A20F010C4C81554DFA2AF532F20406DFFE1F33C16C812483F534F20F01025E6
:20CCD000534A204040C46DFFD6F3534A20F010C4C81554DFA2AF534F20406DFFCCF33C01C2
:20CCF00014FFB70F81F134FFDF09168014F0DA0B7E0382283C1014FF960234FF54D440F48E
:20CD10006DFF0AFF484F54D0420F6CF414FFB70F81F034FF02823C010090404F405C406D7C
:20CD30000249A00201F2104491000048D9443C923B401C506DFF11FCA00201D21044910031
:20CD50000048D9443C923B501C506DFF06FC82088200A0027DC2058082381D00AE0014FF21
:20CD700016076E0574D082681D00B00040F46D00B00054D07F020B8074D28278F62714FF27
:20CD9000B70F81F134FF1D00A10014FF960834FF4820483F3F0F0680482F54D03F0F318019
:20CDB000081F82003E0682103E0E8220BE0A3C27C812482F54D0A20F102554D440C46DFFD8
:20CDD0005AF33C1DC812482F54D0A20F532F20F0102554DF532F204040C46DFF4CF33C0FA1
:20CDF000C812482F54D0A20F534F20F0102554DF534F204040C46DFF3EF33C013C5954DA40
:20CE1000482FA2FA081F82003E078210BE0982205F0F33003C4DC812485FA2AF102540C4D1
:20CE300002A46DFF28F301CA0046C812482F54D0A20F102554D4A2A46DFF1DF33C39C81210
:20CE5000485FA2AF532F20F01025532A204040C46DFF11F3532A20F010C4C812482F54D0DC
:20CE7000A20F532F20F0102554DFA2AF532F20406DFF01F33C1DC812485FA2AF534F20F087
:20CE90001025534A204040C46DFFF5F2534A20F010C4C812482F54D0A20F534F20F010256B
:20CEB00054DFA2AF534F20406DFFE5F23C0114FFB70F81F134FFF69914F0DA0B7E0382283B
:20CED0003C0440F46DFFEFFD02823C010090404FA002012F104491000048D9443C923B6011
:20CEF00007506DFF3AFB485F484052023C010090404F405C0248A00201F2104491000048A3
:20CF1000D9443C923B000B506DFF27FB8209A0027DC2058082391D00B50014FF16056E04D4
:20CF300082491D00AF0014FF960434FF484F3F8FA480485F4820520A7F8A69800810DA0092
:20CF50003E0882115F012000DA025F0F3E003C5DC812482F102440C502A46DFF8CF240F4F9
:20CF700002A46DFFE8FDC812482F102401CA00560BA880406DFF7FF20BA8804040F46DFFA1
:20CF9000DAFD3C43C812482F532F20F01024532A204040C56DFF6FF240F402A46DFFCBFD57
:20CFB000C812482F532F20F01024532A20F010C55AA8532F20406DFF5EF20BA8804040F4A1
:20CFD0006DFFB9FD3C22C812482F534F20F01024534A204040C56DFF4EF240F402A46DFF96
:20CFF000AAFDC812482F534F20F01024534A20F010C55AA8534F20406DFF3DF20BA88040AF
:20D0100040F46DFF98FD3C013C33081F82003E068210BE008220BE0D3C2BC812482F102489
:20D0300040C502846DFF27F240F402846DFF83FD3C1FC812482F532F20F0102453282040DD
:20D0500040C56DFF18F240F402846DFF74FD3C10C812482F534F20F010245348204040C52B
:20D070006DFF09F240F402846DFF65FD3C01484FA28F6CF43C02825914FFB70F01F134FF35
:20D0900002923C0100902010404C0248A00F01FC104491000048D94424A23B0008506DFF5E
:20D0B0005CFADA00A00F7DCF03803C29CE873BD0020034C0B01C32583C05F684DA3034CFD9
:20D0D0003C1E3C113BA000004B0801020E123C02325110AF34F1C21F370F68F03BA0000049
:20D0F0004B080182DF08F0FF3C0910AF09F07FF88B00030034C0B01CC2FFEEF80090404FEC
:20D11000A002012F104491000048D94424A23B5018506DFF22FA8202820382047B00F8534D
:20D13000A0027DF203803C5209F00008DA2D7E048212B01F3C0609F00008DA2B7E02B01F39
:20D150003C0C7B00120409F100088B011D104B0141116B036131B01F09F00008DA303FF084
:20D17000070009F00008DA397F0FED7F09F00008DA2E5F0F2780B01F3C107B0012F409F0D7
:20D1900000088B001D004B0041016BF461407B0012F44BF54150B01F09F00008DA303FF0E7
:20D1B0000F0009F00008DA393F0F0A003B80B2F69BEFE6F44BF501F06F0FE1FF4B5451405E
:20D1D0006B04213376236733BF3F02323C010090404FA002012F104491000048D94424A2D9
:20D1F0003B6021506DFFB9F940F46DFF91F882018203A0027DF203803C43DF03340009F0A2
:20D210000008DA613FF00C0009F00008DA663F0F070009F000088B901AF03C2009F0000867
:20D23000DA413FF00C0009F00008DA463F0F070009F000088B901CF03C1109F00008DA3092
:20D250003FF00C0009F00008DA393F0F070009FF00088B0F1DF03C023C130641160FA6F1D3
:20D270003C0B09F00008DA307E0709F00108DA787E03B01F8213B01F022FC2F2EEBB02121D
:20D290003C010090404FA002012F104491000048D94424A23B4005506DFF5FF982008202A6
:20D2B000A0027DF203803C2209F10008DA2D7E148210B01F3C0609F10008DA2B7E12B01FC8
:20D2D0003C09DA0A09F100088B011D1003F20A21B01F09F10008DA303FF1070009F1000826
:20D2F000DA397F1FF07F760232523C0100906D000C006D0090106D0064156D00980F82042F
:20D310006D00130000904DC0E2FF370FE1F78B0F20F23C010D00400300003C013C018B0F94
:20D3300000223C010090F6430D00000300902008404F024FA00201F2104491000048D9442E
:20D3500010B23B700C506DFF08F974AF91000046D94414F149A6000A820440F56DFF16FC39
:20D3700054A23C010090404F0248A00201F2104491000048D94410B23B3006506DFFEDF84E
:20D3900082093C263B2014406D00DB0FDF021980DA1E3FF80E8082243BE0015040F46D00A0
:20D3B000502149FF1E0A8B281E8082093C08822440F402856D00452182083C0C3C09C21936
:20D3D000DA643FF903803C0682146D00E10CDF08DBFF02823C0100902008404F024FA00256
:20D3F00001F2104491000048D9443BB23B300C506DFFB3F874AF91000046D9442CF149A6F2
:20D41000000A820440F56DFFC1FB54A23C010090404F0248A00201F2104491000048D94494
:20D430003BB23BF005506DFF98F8DA003C273B2014406D00860FDF021980DA1E3FF80E804E
:20D4500082243BE0015040F46D00FB2049FF1E0A8B281E80DA003C08822440F402856D0041
:20D47000F02082083C0D3C0AC21F3B401F003F0F03803C0682146D008B0CDF08DAFF028207
:20D490003C0100902010404F821440F46D002C00C2F2370268F049A4000A40F502F46DFFBA
:20D4B0004BF710AFDA0034FF49A4000A6DFF29FE3C0100902010404F821440F46D001400ED
:20D4D000C2F2370268F049A4000A40F502F46DFF33F710AFDA0034FF49A4000A6DFFD4FE3E
:20D4F0003C0100900248404F82093BA0004040F46DFF04F782008202A0047D240800802042
:20D5100080F1A210C21037006800DA003C1410F2092100083BC002305F310580C2193709AC
:20D5300068905F890680C21F370F68203C06C21F370F68F03F0FEDFF3C010090200882084C
:20D55000910000F8D9FF2FC249FF000A49A2000AA04404FF242FFC4E910000F6D9FF2840D7
:20D5700014FFDF1F4680910000F6D9FF2840DA0234FF91000046D94450513BA002406DFFD0
:20D59000BDF6B01249A4020A822440256DFFD4F649A4000A6DFF1EFE37026800910000F625
:20D5B000D9FF5051081182223C0A910000F6D9FF505101F200F614FFC6F1C212910000F6D1
:20D5D000D9FF505101F200F614F3DA2A5F3FEFFF5F01050082181D00B20091000046D94480
:20D5F000505191000056D95544016D000903910000F6D9FF2840DA0034FF910000F6D9FF74
:20D61000244014FFDF1F4580910000F6D9FF2440DA0234FF91000046D94450313BA002405C
:20D630006DFF6CF6B01249A4020A822440256DFF83F649A4000A6DFFCDFD37026800910002
:20D6500000F6D9FF5031081182223C0A910000F6D9FF503101F200F614FFC6F1C212910070
:20D6700000F6D9FF503101F200F614F3DA2A5F3FEFFF5F01040082183C6191000046D9443C
:20D69000503191000056D95544016D008302910000F6D9FF2440DA0034FF910000F6D9FF7E
:20D6B000304014FFDF1F4580910000F6D9FF3040DA0234FF91000046D94450713BA0024064
:20D6D0006DFF1CF6B01249A4020A822440256DFF33F649A4000A6DFF7DFD37026800910052
:20D6F00000F6D9FF5071081182223C0A910000F6D9FF507101F200F614FFC6F1C212910050
:20D7100000F6D9FF507101F200F614F3DA2A5F3FEFFF5F01040082183C1191000046D944AB
:20D73000507191000056D95544016D007803910000F6D9FF3040DA0034FF02823C010090A9
:20D750002098910000F8D9FF0DE249FF000A49A2000AC5041B0004FF242FFC4E910000F85D
:20D77000D9FF29E249FF000A49A21C0AA0A404FF242FFC4E910000F8D9FF34E249FF000AA6
:20D7900049A2270AA0A404FF242FFC4E910000F8D9FF3FE249FF000A49A2320AA0A404FF37
:20D7B000242FFC4E910000F8D9FF0AF249FF000A49A23D0AA0A404FF242FFC4E910000F86E
:20D7D000D9FF34C249FF000A49A2081AA0A404FF242FFC4E910000F8D9FF3FC249FF000A74
:20D7F00049A2131AA0A404FF242FFC4E910000F8D9FF0AD249FF000A49A21E1AA0A404FF24
:20D81000242FFC4E910000F8D9FF15D249FF000A49A2291AA0A404FF242FFC4E910000F826
:20D83000D9FF20D249FF000A49A2341AA0A404FF242FFC4E910000F8D9FF2BD249FF000AEF
:20D8500049A23F1AA0A404FF242FFC4E910000F8D9FF36D249FF000A49A20A2AA0A404FF6F
:20D87000242FFC4EDF140400DF14AD8091000046D9447821820491000056D95578013B0008
:20D8900008506DFF67F93B401F406D00810A8234BB00205C9B1500503B5001603BE000701E
:20D8B0006D00471B823449A4000A3BC001506D00C81E3B800C406D006B0A823449A4270A80
:20D8D0003BB000506D00BD1E3B2003406D00600A823449A41C0A3BB000506D00B21E3B20A4
:20D8F00003406D00550A823449A4320A3BB000506D00A71E3B2003406D004A0A823449A4BB
:20D910003D0A3BB000506D009C1E3B2003406D003F0A823449A4081A3BB000506D00911EDE
:20D930003B2003406D00340A823449A4131A3BB000506D00861E3B2003406D00290A82347E
:20D9500049A41E1A3BB000506D007B1E3B2003406D001E0A823449A4291A3BB000506D0090
:20D97000701E3B2003406D00130A823449A4341A3BB000506D00651E3B2003406D00080AA8
:20D99000823449A43F1A3BB000506D005A1E3B2003406D00FD09823449A40A2A3BB0005038
:20D9B0006D004F1E3B2003406D00F209910000F6D9FF2C40DA0134FF823482156D00D11CF7
:20D9D0003C25DF24248091000046D9447821820491000056D95578013B0008506DFFBAF8DD
:20D9F0008234BB00205C9B1500503B5001603BE000706D009E1A910000F6D9FF2C40DA01E8
:20DA100034FF823482156D00AC1C00902010DA0089AF0609910000F6D9FF2C4014FFDF0F94
:20DA3000B8003C0A91000046D944782149A50A0A82146DFF5FFA823449A40A0A6D007E1C30
:20DA5000DF02F2FF0CAA3BA000005F0FA280DA0689AF060991000046D944782149A5000A17
:20DA700049A6060A82146DFF91F849A4030A91000058D95501E282346DFF52F4DF0224802B
:20DA9000910000F6D9FF284014FF9E2C910000F6D9FF2840DA0134FF91000046D944782170
:20DAB0006DFF17FA89A2060991000046D944782191000056D955505149A6060A82046DFF6B
:20DAD00065F83C5A49A4030A91000058D95505E282346DFF25F4DF022480910000F6D9FF2C
:20DAF000244014FF9E2C910000F6D9FF2440DA0134FF91000046D94478216DFFEAF989A2FD
:20DB1000060991000046D944782191000056D955503149A6060A82046DFF38F83C2D49A44C
:20DB3000030A91000058D95509E282346DFFF8F3DF022380910000F6D9FF304014FF9E2C89
:20DB5000910000F6D9FF3040DA0134FF91000046D94478216DFFBDF989A206099100004618
:20DB7000D944782191000056D955507149A6060A82046DFF0BF891000046D94478216DFF1C
:20DB900092F7910000F6D9FF2040DA0134FF0090404C405F8208822440C46DFFA5FC01C260
:20DBB0000026092F0008370F6800DA2C5F0F2500827440C46DFF98FC01C200466DFF7CFCC1
:20DBD00089F22E083B90004040C46DFF8DFC01C200D63BB0004040C46DFF86FC01C200C641
:20DBF00040D46DFF51FC022F40C46DFF4DFC6B0221FF6CFC821802823C010090404C405F53
:20DC10008208822440C46DFF6FFC01C20026092F0008370F6800DA413E04DA445F0F9C800D
:20DC30008218DA012CF8824440C46DFF5DFC01C20026092F000889FF1E08826440C46DFF7F
:20DC500053FC01C20026092F000889FF1F08823440C46DFF49FC01C200466DFF15FC022971
:20DC7000825440C46DFF40FC01C200466DFF0CFC4B093101DA644BF00102A85009FFCA08C1
:20DC9000534F26F04B0F41F16B0F31394B0331F1ACF609FFCC084B0F61F16B0F31F3BB0059
:20DCB00000089BB05B044B0F41F04B0F31F1ACF74B023101DA644BF00102A88009FFD008F5
:20DCD000534F26F04B0F41F16B0F31124B0131F1ACF909FFD2084B0F61F16B0F31F1BB003B
:20DCF00000089BB05B044B0F41F04B0F31F1ACFA09FFCA084B0F61F17B0027044B035100EA
:20DD10006B0021FF89FF160909FFD0084B0F61F17B0027044B0151006B0021FF89FF1A09BC
:20DD3000827440C46DFFE0FB01C200466DFFACFBBBD0CCFC9BCFFEF34BF241F06CF83B803B
:20DD5000004040C46DFFD0FB01C200466DFF9CFB68923C03DA002CF809CF07088B0F1D0057
:20DD7000DA0A09C108088B011D1003F00AF12CF409CF09088B0F1D00DA0A09C10A088B0122
:20DD90001D1003F00AF12CF509CF0B088B0F1D00DA0A09C10C088B011D1003F00AF12CF60A
:20DDB0003B90004040C46DFF9FFB01C20026092F00088B0F1D00DA0A01C20026092101085E
:20DDD0008B011D1003F00AF12CF301C20026092F02088B0F1D00DA0A01C200260921030889
:20DDF0008B011D1003F00AF12CF201C20026092F04088B0F1D00DA0A01C200260921050866
:20DE10008B011D1003F00AF11B0F7DF0B4FF40F46D00290002823C010090404F405C820831
:20DE3000822440F46DFF60FB01F20026092F0008370F6800DA41FE00DA0189CF2808821418
:20DE500040F46DFF51FB01F200466DFF1DFB89C22A0982183C04DA0089CF280802823C018E
:20DE700000900C448B8F00F02C440C443B7001007FF045800C448B8F1EF02C440C43C21FF0
:20DE90002C430C42DE283BC001200940C00882414B100102F6170940C008DA644BF00102C7
:20DEB000F6180940C0083B0019104B100102F612C2123C113BF001200C421E4B0C421E6970
:20DED00009404208DA093E0509404208DA0B7E033BE001200C437FF21280DA012C430C425A
:20DEF000C21F2C420C42BFDF0A800C428B4F1FF02C42094FC008C21FB44F00908208820AFE
:20DF100082093C130290C21937097090DAFF7F0F048082183C0D3BF000406D00A602022AF0
:20DF30003BA000406D003407DA6B5FAFEDFF02823C01009002588F1420F03B5001408F1FF7
:20DF500040516D0024033B60014002856D001F033B70014082656D001A033B4001403BC086
:20DF700006506D001403009020083B80024049A4000A82656D00A902910000F6D9FF344039
:20DF90000CA18F8F20F014A0A60FB4FF910000F6D9FF38400CA38F8F20000CA2A6F0B4F0CE
:20DFB000910000F6D9FF3C400CA58F8F20000CA4A6F0B4F0009020083B20024049A4000A51
:20DFD00082656D008202910000F6D9FF00500CA18F8F20F014A0A60FB4FF910000F6D9FF54
:20DFF00004500CA38F8F20000CA2A6F0B4F0910000F6D9FF08500CA58F8F20000CA4A6F0FC
:20E01000B4F00090200882143B0004506D00BF023B2002406D0029026F022600822449A4E2
:20E03000000A82656D005102910000F6D9FF0C500CA18F8F20F014A0A60FB4FF910000F6E6
:20E05000D9FF10500CA38F8F20000CA2A6F0B4F0910000F6D9FF14500CA58F8F20000CA441
:20E07000A6F0B4F0821482056D0091020090201082083BA000406D008B068270B4A0DA0CAA
:20E09000ACA23B3019F0ACA482048205BB0068699B86096082076D00FA0F3BD02840821532
:20E0B000820682376D005D09821482056D006F023B20014082156D006A0282246D006806B4
:20E0D000821482056D0063026DFF1AFFDF021200820491000048D94415F291000058D9552F
:20E0F0003DF23B8017506DFFBFF282181D009C013BD0004082356D004A028220DA00BE0A4F
:20E1100082115F01280082215F013500DA035F0F42003C01820491000048D944690291005A
:20E130000058D9553DF23B8018506DFF9DF282183C413B0001403B0003506D0028029100B3
:20E1500000F6D9FF18503B0020F19B0F68F474FF3C313B0001403B8003506D0018029100A5
:20E1700000F6D9FF18503B0040F19B0F60F474FF3C213B0001403BC003506D00080291004D
:20E1900000F6D9FF18503B0000F19B0F58F474FF3C113B0001403B4003506D00F801910016
:20E1B00000F6D9FF18503B0000F19B0F50F474FF3C01DF1804801D003701DA0482005F0FB1
:20E1D000210082105F0F2E0082205F0F3B0082305F0F480082405F0F550082505F0F620006
:20E1F0003C01820491000048D944501291000058D9553DF23B001B506DFF36F282183C613D
:20E210003B1001403B2005506D00C101910000F6D9FF1850BBA099F99B4F36F46CF13C51D1
:20E230003B1001403B0005506D00B101910000F6D9FF1850BBA099F99B4F2EF46CF13C41F9
:20E250003B1001403B4005506D00A101910000F6D9FF18503B6066F69B4F26F46CF13C31B7
:20E270003B1001403B8005506D009101910000F6D9FF1850BBD0CCFC9B4F1EF46CF13C2123
:20E290003B1001403BC005506D008101910000F6D9FF1850BBD0CCFC9B4F16F46CF13C11EB
:20E2B0003B1001403B1005506D007101910000F6D9FF18503B3033F39B3F0EF46CF13C0175
:20E2D000DF1804801D00B0003B2001403B4004506D005D013B30014082256D0058013B401C
:20E2F000014082056D0053013B50014082056D004E013B60014082056D0049013B80014060
:20E3100082156D00440182143B0004506D003F013B4001403B0008506D00390182246D00C9
:20E3300037053B40014082056D00310182246D002F053BD000403BA000503B0008606D00E2
:20E35000540182246D0024053BD000403BA0005082066D004A0182246D001A056D00670060
:20E37000DF021100820491000048D944781291000058D9553DF23BB01E506DFF75F182188A
:20E390003C528210DA00BE04DA015F0F24003C01820491000048D944572291000058D955FB
:20E3B0003DF23B701F506DFF5FF182183C253BD000403B9000503B9000606D0016019100A7
:20E3D00000F6D9FF1850BB0000F89BBF63F46CF23C133BD000403B9000503B9001606D00E7
:20E3F0000401910000F6D9FF1850BB0000F89BBF53F46CF23C01DF1803803C153BD000403C
:20E410003BB0005082166D00F0003BD0004082056DFF92FD821482056D00B9003B400140F0
:20E430006D00B60402823C0100908208820A82093C150290C21937097090DAFF7F0F0480CA
:20E4500082183C0F3BD000403BD000506D006E00022A3BA000406D009B04DAFF5FAFEBFF22
:20E4700002823C0100900248DA006E0A3BD028406D00ED06B0423B0000F2742F3C093BD0BA
:20E4900028406D00E406B0427B0000F2742F82048F0848516D00D6130228DA016E0A3BD017
:20E4B00028406D00D406B0423B0000F2742F3C093BD028406D00CB06B0427B0000F2742FE3
:20E4D00002823C0100900248404F0259DA006E0A3BD028406D00BB06B0423B0000F2742FF2
:20E4F0003C093BD028406D00B206B0427B0000F2742F82048F08485140F402966D00EA1341
:20E51000DA016E0A3BD028406D00A106B0423B0000F2742F3C093BD028406D009806B0429A
:20E530007B0000F2742F0090025982088F1420F03B5001408F1F40516D0029003B60014016
:20E5500002956D0024003B70014082156D001F003B4001403BC004506D0019003C0C028019
:20E57000C21837087080DAFF7F0F03803C0A82246D000E043B2002406DFF77FF6F02F17FCD
:20E5900082246DFF72FF3C0100900B451088DA006E0A3BD028406D005A06B0423B0000F282
:20E5B000742F3C093BD028406D005106B0427B0000F2742F8204028502966D005D14DA01CC
:20E5D0006E0A3BD028406D004206B0423B0000F2742F3C093BD028406D003906B0427B00F8
:20E5F00000F2742F0090025F0268820A82098F1420B03B70014082056DFFC9FF3B5001401E
:20E6100002B56DFFC4FF3B60014002F56DFFBFFF3B10024002856DFFBAFF3B4001403BC017
:20E6300004506DFFB4FF3C0D0290C21937097090DAFF7F0F0480821A3C0A82246D00A803D6
:20E650003B2002406DFF11FF6F72F07F02A23C0100902028404C0248A00F01CF104491004E
:20E670000048D9447E223B5029506DFF76EF820991000046D94450916DFF2BF4DF022000C4
:20E6900091000046D94450916DFF23F474A254A07F08048002803C0254A074A0910000465E
:20E6B000D944509149A6000A820440C56DFF6EF254AF10CC54A0A20854A04209910000F6B9
:20E6D000D9FF689114F0DF006B80910000F6D9FF6891DA0134FF910000F6D9FF509148405D
:20E6F000DA203FF007803B803E406D002A0176223C50DA022CA4DA00ACA349A4040A3B005A
:20E7100002406D00BF0009A04408DA903E0609A04408DA915F0F398009AFC6086E35DF0841
:20E730002A0009AFC6083FF8058009A4C6083C02028474A449A5080A40C46DFF9CE654AF11
:20E7500010CC54AFA2F854AF42F954AF09A0C6087F0F108091000046D944509154AF10AFC3
:20E7700049F5080A09A4C60854AFA2F46DFFC2F33C0B91000046D944509149A5080A09A43B
:20E79000C6086DFFB7F309A04408DA905F0FA57F910000F6D9FF6891DA0034FF02923C015E
:20E7B00000902028404F024991000026D9226891142FEE6491000026D922689182103420C6
:20E7D0003C2D3B80FF007F9005803B80FF003C020290370070803B803E406D00B2007622D1
:20E7F0003C1F49A5000A40F402846D006C0014A0DA903E0414A0DA917E0E09AFC2086E0B1D
:20E8100091000046D944509149A5040A09A4C2086DFF70F3A28901F800F6DF09D4FF3C249C
:20E830003B803E406D008D0076223C22DA0234AFDA00ACA149A4000A3B0002406D002200B6
:20E8500014A0DA903E0414A0DA917E0E09AFC2086E0B91000046D944509149A5040A09A424
:20E87000C2086DFF47F314A0DA905F0FDB7F910000F6D9FF6891DA0034FF02923C0100906C
:20E89000404F024F3B202C406D00E104B0427B40000074208234824540F440F56D00681261
:20E8B0006E09823440F4B044B04F40F502F56D005F123B202C406D00CA04B042DA04742F75
:20E8D0000090404C405F02483B202C406D00BF04B0427B4000F0742FDA0234FFA818823467
:20E8F000824540F440F56D004312DA207F8F12808234B04F3B00025040C440F56D0038124A
:20E91000823449C4200A8B081E506D007C123C1040F4B04440C502846DFFADE5823440F417
:20E93000B04440F5B0453B0002506D0021123B202C406D008C04B042DA04742F0090DA00DB
:20E95000534426803C093BA000406D004202C21F3F8F03803C073B801E406D00F204DF0287
:20E97000F47F0B8F50213C01009091000046D9446C916DFF98F000902008404F024FA0021D
:20E9900001F2104491000048D94478323B0043506DFFE3ED74AF91000046D9446C9149A673
:20E9B000000A820440F56DFFF1F054A23C0100902020404C0249A00F01CF104491000048AF
:20E9D000D94478323BB03B506DFFC7ED3B007182910000F8D9FF6A4249FF000A49A2000A48
:20E9F000C5041F0004FF242FFC4E910000F6D9FF44A109FF5328DF1F6E80910000F6D9FF6D
:20EA100044A109FF5128EE516DFFB1FF49A4000A02946DFF3AF33B0000F27F9F0A80822484
:20EA300091000048D9444A526D0020163C08822491000048D94457526D001816910000F6E6
:20EA5000D9FF44A109FF52285E18822491000048D94463526D000A16822449A4000A6D0009
:20EA70000516822491000048D944D5516D00FE1591000048D944DE513B0071426D00300079
:20EA9000DF0213806DFF73FF822440C402956D00D81591000048D944DE513B0071426D00F9
:20EAB0001F00F62282093C163C123C013B8042406D0047047625028FC2F8FF1FF97F4E8266
:20EAD0003C09822414C56D00C615B01C029FC2F9EEED6DFF4CFF02923C0100902010404C43
:20EAF00002488219910000F8D9FF6A3249FF000A49A2000AA07404FF242FFC4EDA087802CD
:20EB100082146D004501DA08780291000046D9446C9149A5000A49A6080A82146DFFFFF065
:20EB300049A4000A40C56DFF17ECBC2382093C1849A4000A91000058D95572326DFF0CEC86
:20EB50007C2A49A4000A91000058D95565426DFF03ECBC2382193C04028FC2F8EED2029296
:20EB70003C0100902008404F024FA00201F2104491000048D94466523B600C506DFFEDECDD
:20EB900074AF91000046D94458C149A6000A820440F56DFFFBEF54A23C010090404F02488F
:20EBB000A00201F2104491000048D94466523B2006506DFFD2EC82093C263B8042406D003C
:20EBD000C003DF021980DA1E3FF80E8082243BE0015040F46D00351549FF1E0A8B281E806D
:20EBF00082093C08822440F402856D002A1582083C0C3C09C219DA643FF903803C06821466
:20EC10006D00C600DF08DBFF02823C0100900D00000282046DFF89F39100004F82046DFF50
:20EC30004CC3910000F6D9FF2450DA0034FF0D00400200800D00000282046DFF76F3C5F4E3
:20EC5000004082046DFF39C3910000F6D9FF2850DA0034FF0D004002008002484DC0E1FF8C
:20EC700016073C01370F48404DC0E20F3700E1078B0020F23C013C01EE0D6DFF3CC3092099
:20EC900010093C013C014C243C01A20F3F8FFDFF3C3A82FF5F4F3700DA003E44DA01BE4A8E
:20ECB0003C32910000F6D9FF2450DA0134FF6DFF2CF385FF100042F8A5F8300002246DFF3D
:20ECD00034F33C01910000F6D9FF245014FFEEFB3C1A910000F6D9FF2850DA0134FF6DFF4A
:20ECF00014F385FF1040428FA5FF304002246DFF1CF33C01910000F6D9FF285014FFEEFB93
:20ED10003C023C01009020104DC0E2FF370FE1F78B0F20823C010D00400300003C013C0159
:20ED3000820034A0DA002CA2DA1F2CA3DA002CA1DA017801DADCACA4DA002CAA9100004F6C
:20ED500049A5000A6DFF02C39100004F82046DFFB4C2DA0034AFDA002CA2DA1F2CA3DA002B
:20ED70002CA1DA017801DADDACA4DA012CAAC5F4004049A5000A6DFFE9C2C5F40040820423
:20ED90006DFF9BC276830D0000030090024FBB00C4097FF017803C0A3B0080429BB4E64E5C
:20EDB0006DFF5DFFBB00C409A20FBB00C4093FF0F5FF3B50C3400654E2F46DFF50FF3C07DB
:20EDD0003B50C3400654E2F46DFF49FF0090024F3B00A0059B2026007FF019803C0C3B0084
:20EDF00080429BB4E64E6DFF3AFF3B00A0059B202600A20F3B00A0059B2026003FF0F1FFC7
:20EE1000534F26406DFF2BFF3C05534F26406DFF26FF0090DA003E4ADA013E4CDA023E4EAB
:20EE3000DA03BE40DA04BE423C15DA00A5FFF4823C11DA00A5FFF8823C0DDA00A5FFFC823A
:20EE50003C09DA00A5FFC0923C05DA00A5FFC4923C010090DA003E4BDA01BE41DA02BE478D
:20EE7000DA03BE4DDA045F4F23003C2985FFF482370F70F03C01370F50203C2285FFF88297
:20EE9000370F70F03C01370F50203C1A85FFFC82370F70F03C01370F50203C1285FFC092B4
:20EEB000370F70F03C01370F50203C0A85FFC492370F70F03C01370F50203C02820291009D
:20EED00000F6D9FF2C5001F400F614FFEE04DA044BF201223C010090026F82005F4010003B
:20EEF00082105F403A0082205F40570082305F407A0082405F40A4001D00C900F65691006C
:20EF100000F8D9FF20F03C11DF150780910000F8D9FF34F03C0A820491000048D944576239
:20EF30003BE003506DFF19EBEE06910000C8D9CC38E03C105E16910000C8D9CC0CF03C0AD9
:20EF5000820491000048D94457623B2004506DFF04EB1D009C00DF250780910000F8D9FFBD
:20EF70005C003C0A820491000048D94457623B8004506DFFF2EA5E26910000C8D9CC480089
:20EF90003C0A820491000048D94457623BB004506DFFE3EA3C7BDF350780910000F8D9FFBB
:20EFB00058103C0A820491000048D94457623B1005506DFFD2EA5E36910000C8D9CC700094
:20EFD0003C105E46910000C8D9CC44103C0A820491000048D94457623B5005506DFFBDEA71
:20EFF0003C55DF450780910000F8D9FF54203C11DF550780910000F8D9FF68203C0A820433
:20F0100091000048D94457623BC005506DFFA5EA5E56910000C8D9CC6C103C105E66910017
:20F0300000C8D9CC40203C0A820491000048D94457623B0006506DFF90EA3C28DF650780D2
:20F05000910000F8D9FF50303C11DF750780910000F8D9FF64303C0A820491000048D944E0
:20F0700057623B7006506DFF78EA5E76910000C8D9CC7C203C0A820491000048D94457620F
:20F090003BA006506DFF69EA3C013B000140820540F46DFF86A93B000140820540C46DFFEE
:20F0B00038A90090024F0B561088C5F4C0826DFF21A9821005F1D5863701820125F0D5824A
:20F0D000820005F1E1863701820125F0E1820BF8104802966DFF02FF82003E0F82105F0FDF
:20F0F0002A0082205F0F440082305F0F5E0082405F0F78001D009300823005F1D086370176
:20F11000030025F0D082821005F1D1863701010025F0D182827005F1D0863701830125F0E6
:20F13000D082821005F1D0863701010325F0D0823C75823005F1D4863701030025F0D48293
:20F15000821005F1D5863701010025F0D582827005F1D4863701830125F0D482821005F126
:20F17000D4863701010325F0D4823C58823005F1D8863701030025F0D882821005F1D98653
:20F190003701010025F0D982827005F1D8863701830125F0D882821005F1D8863701010323
:20F1B00025F0D8823C3B823005F1DC863701030025F0DC82821005F1DD863701010025F068
:20F1D000DD82827005F1DC863701830125F0DC82821005F1DC863701010325F0DC823C1E54
:20F1F000823005F1E0863701030025F0E082821005F1E1863701010025F0E182827005F1B7
:20F21000E0863701830125F0E082821005F1E0863701010325F0E0823C01910000F6D9FF08
:20F230002C5010FFDA0034FF0090DA003C0C534F2000600F9140003F30F3D93FD43882006A
:20F2500074F0C21FBF4FF57F0090BB00FEFF26F4DA005F4F3200DA405F4F34003B0014F080
:20F270005F4F35003B0016F05F4F36003B001AF05F4F37003B001CF05F4F38003B001EF0D6
:20F290005F4F39003B0028F05F4F3A003B002AF05F4F3B003B002CF05F4F3C003B002EF064
:20F2B0005F4F3D003B0040F05F4F3E003B0042F05F4F3F003C429140002FD922000A3C3EA5
:20F2D0009140002FD922008A3C399140002FD922000B3C349140002FD922004B3C2F91402C
:20F2F000002FD92200CB3C2A9140002FD922400B3C259140002FD922404B3C209140002F1A
:20F31000D922000C3C1B9140002FD922004C3C169140002FD922008C3C119140002FD92217
:20F3300000CC3C0C9140002FD922008D3C079140002FD92200CD3C023C013C010090024F7D
:20F3500002F46DFF84FF161F09202409570061FF6E0382123C0282023C013C0100900B4555
:20F370001088026AF69DDA003E74DA023E743C05DA003C05DA083C03DA103C013C08DA0406
:20F390003E723C03DAC03C03DA803C0102846DFF5EFF8FF80141402402F56DFFB9AA028436
:20F3B0006DFF55FF8FF80141820540246DFFE2AADF19198076AC02846DFF49FF8FF801F16B
:20F3D00082100FF01000892004093C0C02846DFF3EFF8FF801F17B1000000FF01000892093
:20F3F00004090090024F765B02F46DFF30FF161F82100FF01000892004093C0B02F46DFF78
:20F4100026FF161F7B1000000FF01000892004090090910000F8D9FF20D0D4F46DFF5A9E25
:20F43000910000F8D9FF20D0C8246DFF539E009020880249025A4DC0E2FF370FE1F78B0F9D
:20F4500020B23C010D00400300003C013C01DA024BF901426DFF699E402F49A4240A40F52E
:20F470006DFF8FA16DFF91BA02246DFFE2C00B2310C882083C1C820702A60BCD10486DFF40
:20F49000D5980B231048BB0024649BF6006082076DFF1C99BBF0FFFF7FF203803C0B8FFD1B
:20F4B0001F1077CD800F0B0110C8C218DA103FF8E4FFDA103FF80280DA003E98DA013E9D6F
:20F4D000DA02BE92DA03BE973C1DDA0089AF2418DA3289AFA2183C16DA0089AF2A18DA9603
:20F4F00089AFA8183C0FDA0089AF2418DA1E89AFA2183C08DA0089AF2A18DA1E89AFA818F9
:20F510003C01DA024BF90102DF011780DA0089AF0018DA0789AF2018DA0189AF211889A212
:20F5300028090BCD10486DFFB2C089A22409DA0089AF0C183C15DA0189AF0018DA0989AF57
:20F550002618DA0289AF271889A230090BCD10486DFF9DC089A22C09DA0089AF1418DA0035
:20F5700089AF9A18DA0089AF9C18DA0089AF012849A4000A49A5240A6DFF3E9F02BF6E0302
:20F590000D0000034D00D0FF16015E19DA0182103700010E37F0040C89F0283949A4000AE6
:20F5B0006DFF09A10090DAAB3F4F0D00DA003FF40A005AF4910000F8D9FF8C4190FFD4FF80
:20F5D000DC0F1D00F20391000028D9225C501D00F60391000028D92278301D00F0039100AB
:20F5F0000028D92248501D00EA0391000028D92274401D00E40391000028D92260401D0059
:20F61000DE0391000028D9224C401D00D80391000028D92244601D00D20391000028D922C3
:20F6300058601D00CC0391000028D9226C601D00C60391000028D92270501D00C0039100CB
:20F650000028D9227C701D00BA0391000028D92268701D00B40391000028D92254701D00BC
:20F67000AE0391000028D92240701D00A80391000028D92278801D00A20391000028D9227B
:20F690004C901D009C0391000028D92250801D00960391000028D92264801D0090039100AF
:20F6B0000028D92248A01D008A0391000028D92274901D00840391000028D92260901D0068
:20F6D0007E0391000028D92244B01D00780391000028D92258B01D00720391000028D92257
:20F6F0005CA01D006C0391000028D92270A01D00660391000028D92254C01D00600391004F
:20F710000028D92240C01D005A0391000028D9226CB01D00540391000028D92268C01D00FF
:20F730004E0391000028D9227CC01D00480391000028D9224CE01D00420391000028D9221A
:20F7500078D01D003C0391000028D92264D01D00360391000028D92250D01D003003910002
:20F770000028D92260E01D002A0391000028D9225CF01D00240391000028D92248F01D007F
:20F790001E0391000028D92274E01D00180391000028D92270F01D00120391000028D922FE
:20F7B000AC001D000C0391000028D92298001D00060391000028D92284001D000003910006
:20F7D0000028D92280101D00FA0291000028D922A8101D00F40291000028D92294101D0059
:20F7F000EE0291000028D92288401D00E80291000028D922BC101D00E20291000028D92251
:20F81000B4301D00DC0291000028D9228C301D00D60291000028D922A0301D00D002910090
:20F830000028D922B8201D00CA0291000028D922A4201D00C40291000028D92290201D00F8
:20F85000BE0291000028D922B0401D00B80291000028D92284501D00B20291000028D92250
:20F8700098501D00AC0291000028D9229C401D00A60291000028D922A4701D00A002910058
:20F890000028D922BC601D009A0291000028D92290701D00940291000028D922A8601D0020
:20F8B0008E0291000028D92294601D00880291000028D92280601D00820291000028D92270
:20F8D000AC501D007C0291000028D922A0801D00760291000028D922B4801D007002910010
:20F8F0000028D922B8701D006A0291000028D9228C801D00640291000028D92284A01D00EC
:20F910005E0291000028D922B0901D00580291000028D9229C901D00520291000028D92207
:20F9300088901D004C0291000028D92280B01D00460291000028D92294B01D004002910003
:20F950000028D92298A01D003A0291000028D922ACA01D00340291000028D92290C01D006F
:20F970002E0291000028D922BCB01D00280291000028D922A8B01D00220291000028D922DF
:20F99000A4C01D001C0291000028D922B8C01D00160291000028D92288E01D00100291007B
:20F9B0000028D922B4D01D000A0291000028D922A0D01D00040291000028D9228CD01D00F3
:20F9D000FE0191000028D9229CE01D00F80191000028D92298F01D00F20191000028D922D2
:20F9F000C0001D00EC0191000028D922ACF01D00E60191000028D92284F01D00E001910022
:20FA10000028D922B0E01D00DA0191000028D922D4001D00D40191000028D922E4101D00EC
:20FA3000CE0191000028D922F8101D00C80191000028D922FC001D00C20191000028D92201
:20FA5000D0101D00BC0191000028D922E8001D00B60191000028D922CC201D00B00191006D
:20FA70000028D922C8301D00AA0191000028D922F4201D00A40191000028D922E0201D0038
:20FA90009E0191000028D922DC301D00980191000028D922EC401D00920191000028D922FD
:20FAB000D8401D008C0191000028D922F0301D00860191000028D922C4401D008001910015
:20FAD0000028D922E8501D007A0191000028D922D4501D00740191000028D922C0501D00D8
:20FAF0006E0191000028D922E4601D00680191000028D922D0601D00620191000028D922F1
:20FB1000FC501D005C0191000028D922F8601D00560191000028D922F4701D005001910078
:20FB30000028D922E0701D004A0191000028D922CC701D00440191000028D922C4901D0063
:20FB50003E0191000028D922F0801D00380191000028D922C8801D00320191000028D922DC
:20FB7000DC801D002C0191000028D922E8A01D00260191000028D922D4A01D002001910058
:20FB90000028D922C0A01D001A0191000028D922EC901D00140191000028D922D8901D00FF
:20FBB0000E0191000028D922FCA01D00080191000028D922E0C01D00020191000028D92288
:20FBD000CCC01D00FC0091000028D922E4B01D00F60091000028D922F8B01D00F00091001B
:20FBF0000028D922D0B01D00EA0091000028D922F4C01D00E40091000028D922D8E01D0059
:20FC1000DE0091000028D922C4E01D00D80091000028D922C8D01D00D20091000028D922BA
:20FC3000DCD01D00CC0091000028D922F0D01D00C60091000028D922ECE01D00C0009100DA
:20FC50000028D92224011D00BA0091000028D92210011D00B40091000028D922E8F01D0036
:20FC7000AE0091000028D922FCF01D00A80091000028D922C0F01D00A20091000028D9228A
:20FC9000D4F01D009C0091000028D9221C211D00960091000028D92234111D0090009100FC
:20FCB0000028D92208211D008A0091000028D9220C111D00840091000028D92220113C7E30
:20FCD00091000028D92238013C7991000028D9222C313C7491000028D92204313C6F91008C
:20FCF0000028D92218313C6A91000028D92230213C6591000028D92200413C6091000028F2
:20FD1000D9223C413C5B91000028D92228413C5691000028D92214413C5191000028D922CB
:20FD30000C613C4C91000028D92238513C4791000028D92210513C4291000028D922245142
:20FD50003C3D91000028D92208713C3891000028D92234613C3391000028D92220613C2E22
:20FD700091000028D9221C713C2991000028D92218813C2491000028D92204813C1F9100FB
:20FD90000028D92230713C1A91000028D9222C813C1591000028D92214913C109100002829
:20FDB000D92200913C0B820491000048D94442723B3010506DFFD1E3A0023C01009020387E
:20FDD0009100014F6DFF35A3910001FF19FF00C0AE1F9100014F8204BB0068599B85B954A8
:20FDF0006DFF1AA59100014F82246DFFFAA449A4000A9100015F6DFF9EA482083C19820937
:20FE10003C13370868F02CA4370948F02CA549A4240A49A5000A6DFFEDA349A4240A821413
:20FE30006DFFCBA4C219DA083FF9ED7FC218BF48E87F00902038024F0B5610883B0071024E
:20FE50000B90504191000048D94442723B8015506DFF83E302F46DFFA8FB402F14FF8200C1
:20FE70003E0882103E0782203E0682303E053C053C043C033C023C019100014F6DFFD9A277
:20FE90009100012F192F00C0AE1F9100014F8204BB0068599B85B9546DFFBEA49100014FFD
:20FEB00082246DFF9EA449A4000A9100015F6DFF42A414FF2CA409FF01082CA5BB0068F9C3
:20FED0009B8FB9F44B0861014B0F51F04B0F71F17802F807DA0189AF120814FF82003E0AAC
:20FEF0008210BE0882205F0F260082305F0F33003C418205029409A6080982076DFF969399
:20FF1000FB0071620B2310486DFFE09389A20C093C318205029409A6080982076DFF869306
:20FF3000FB0071620B2310486DFFD09389A20C093C218205029409A6080982076DFF769316
:20FF5000FB0071620B2310486DFFC09389A20C093C118205029409A6080982076DFF669326
:20FF7000FB0071620B2310486DFFB09389A20C093C0149A4240A49A5000A6DFF3BA349A4A7
:20FF9000240A82146DFF05A40090024F02583B0071020B80504191000048D94442723B701E
:20FFB00013506DFFDAE202F46DFFFFFA402F14FF3B008000E20F60F29110013F3023D9348A
:20FFD000000D09F401086DFFA4A214FF82003E0A8210BE0682205F0F220082305F0F2D009A
:10FFF0003C3982050284820702266DFF1F93FB00B5
:02000004800179
:2000000071620B2310486DFF699302283C2B82050284820702266DFF1193FB0071620B23C4
:2000200010486DFF5B9302283C1D82050284820702266DFF0393FB0071620B2310486DFF0B
:200040004D9302283C0F82050284820702266DFFF592FB0071620B2310486DFF3F930228DE
:200060003C0114FF3B008000E20F60F29110013F3023D934000D09F4010802856DFF73A2D6
:200080000090094F4218370FE3013C04094F10293C01020FC2F0EEFB009049AA20BA0B458D
:2000A00010880B6710A809ACA04809ADA44809AEA848DA644BFB01020B08004191000048E4
:2000C000D94469723BB03D506DFF4FE2DA644BFC01020B08004191000048D94469723BC06B
:2000E0003D506DFF42E2DA644BFD01020B08004191000048D94469723BD03D506DFF35E21A
:200100003B3019F03EEEDA644BFE01020B08004191000048D94469723B003E506DFF25E254
:20012000910000F6D9FF40D1B4FE370848406DFF74A6402CB4AE49A4103A49A5283A0B8B65
:2001400010480BCD10686D00900149A4040A40C56DFFA4AADA002CA4BB00C2FB9BEFC3F4DC
:200160007805DA002CAC49AF103AF80949A4300A49A5040A6DFF6CA849A4303A49A5300AEB
:200180006DFF48A84B0A61F1783DDA003E99DA01BE93DA02BE9EDA035F9F27003C3109AF6B
:2001A0007838B70F81F189AF383809AF7838961089AF38383C2509AF7838B70F81F189AFC0
:2001C000383809AF7838B70F01F289AF38383C1809AF7838960889AF383809AF78389610D6
:2001E00089AF38383C0D09AF7838960889AF383809AF7838B70F01F289AF38383C0109AFA2
:200200007838962089AF383809A0F838DA0837F006F389AFB83809AF7938B70F01F289AF73
:20022000393809A2E83989A2CC493B3019F07EE609AF7838960489AF383849A43C1A49A58E
:20024000303A6DFFF5A63B3019F05FEF2D80D83CD4FFC8AF09FF5108B70F01F389FF1108A4
:2002600082048205820640C46DFF20A6910000F6D9FF40D13B3019F0B4FFDA003E88DA01A1
:200280003E89DA023E8ADA033E8B3C0D3B2001E03C0A3B8007E03C073BE00DE03C043B40DA
:2002A00014E03C01DA0509C0560837F003F289CF1608534820F0910000F6D9FF70C110FF2B
:2002C0004CC674FF534820F0910000F6D9FF70C110FF534820F091000026D92270C110228F
:2002E000092FC208B77F85F3ACF1534820F0910000F6D9FF70C110FF534820F09100002605
:20030000D92270C11022142FB71F03F234FF534820F0910000F6D9FF70C110FF534820F049
:2003200091000026D92270C11022142FB71F83F034FF534820F0910000F6D9FF70C110F2AC
:20034000534820F0910000F6D9FF70C110FF081FB71F03F12C21534820F0910000F6D9FF0B
:2003600070C110FF534820F091000026D92270C11022092FC008B71F83F3B4FF534820F0D3
:20038000910000F6D9FF70C110F2534820F0910000F6D9FF70C110FF082F96202C225348AB
:2003A00020F0910000F6D9FF70C110F2534820F0910000F6D9FF70C110FF082FB70F81F1E2
:2003C0002C22534820F0910000F6D9FF70C110F2534820F0910000F6D9FF70C110FF082F11
:2003E000B70F01F32C22534820F0910000F6D9FF70C110F2534820F0910000F6D9FF70C17D
:2004000010FF082FB71F03F02C22534820F0910000F6D9FF70C110F2534820F0910000F610
:20042000D9FF70C110FF081FB71F83F22C21534820F0910000F6D9FF70C110F2534820F0FD
:20044000910000F6D9FF70C110FF0830DA664BFE0122DA064BF301229AD2370F68F037F0A7
:2004600004F22C2300900B67108894AF404F405C3B80000089F014083B00080028C03B0079
:2004800008002840820089F01508820089C005083B00080089C0040882005F400D008210A4
:2004A0005F40C20082205F408B0182305F4087021D00CF03F65791000028D92218A1F4F2A5
:2004C0003C12DF15088091000028D92228A1F4F23C0A820491000048D94469723B200450A3
:2004E0006DFF43E0DF68088091000028D9223891E8223C12DF78088091000028D92208A18D
:20050000E8223C0A820491000048D94469723B6004506DFF2AE03BC000005F090880910053
:200520000028D9222891E8423C0A820491000048D94469723B9004506DFF17E03B2001003A
:200540007E07910000F8D9FF38A1F4CF3C6A3B8001007E07910000F8D9FF20B1F4CF3C61A0
:200560003BE001007E07910000F8D9FF34B1F4CF3C583B4002007E07910000F8D9FF08C111
:20058000F4CF3C4F3BA002007E07910000F8D9FF1CC1F4CF3C463B0003007E07910000F8DC
:2005A000D9FF30C1F4CF3C3D3B6003007E07910000F8D9FF04D1F4CF3C343BC003007E0727
:2005C000910000F8D9FF18D1F4CF3C2B3B2004007E07910000F8D9FF2CD1F4CF3C223B8089
:2005E00004007E07910000F8D9FF00E1F4CF3C193B0006007E07910000F8D9FF0CB1F4CF71
:200600003C103B3019007E04A00FF4CF3C0A820491000048D94469723B7005506DFFA5DF89
:200620001D0017033B6006005F05088091000028D92224F1F4F23C143B7006005F0508805A
:2006400091000028D92234F1F4F23C0A820491000048D94469723BF005506DFF86DF3BC0F2
:2006600006005F08088091000028D92234E1E8223C1E3BD006005F08088091000028D922A4
:2006800004F1E8223C143BE006005F08088091000028D92214F1E8223C0A82049100004893
:2006A000D94469723B4006506DFF5FDF3B2007005F09088091000028D92214E1E8423C1452
:2006C0003B3007005F09088091000028D92224E1E8423C0A820491000048D94469723B807D
:2006E00006506DFF42DF3B8007007E07910000F8D9FF4401F4CF3C613BE007007E07910092
:2007000000F8D9FF5801F4CF3C583B4008007E07910000F8D9FF6C01F4CF3C4F3BA0080052
:200720007E07910000F8D9FF4011F4CF3C463B0009007E07910000F8D9FF5411F4CF3C3D72
:200740003B6009007E07910000F8D9FF6811F4CF3C343BC009007E07910000F8D9FF7C11EC
:20076000F4CF3C2B3B200A007E07910000F8D9FF5021F4CF3C223B800A007E07910000F89F
:20078000D9FF6421F4CF3C193BE00A007E07910000F8D9FF7821F4CF3C103B3019007E042B
:2007A000A00FF4CF3C0A820491000048D94469723B5007506DFFD9DE1D004B023BC00C00B4
:2007C0005F05088091000028D9224C51F4F23C323BD00C005F05088091000028D9225C5124
:2007E000F4F23C283BE00C005F05088091000028D9226C51F4F23C1E3BF00C005F050880C8
:2008000091000028D9227C51F4F23C143B000D005F05088091000028D9224C61F4F23C0A60
:20082000820491000048D94469723BF007506DFF9CDE3B200D005F08088091000028D922EE
:200840005C41E8223C1E3B300D005F08088091000028D9226C41E8223C143B400D005F0886
:20086000088091000028D9227C41E8223C0A820491000048D94469723B4008506DFF75DE46
:200880003B800D005F09088091000028D9224C41E8423C323B900D005F0908809100002846
:2008A000D9224C31E8423C283BA00D005F09088091000028D9225C31E8423C1E3BB00D009D
:2008C0005F09088091000028D9226C31E8423C143BC00D005F09088091000028D9227C3104
:2008E000E8423C0A820491000048D94469723BB008506DFF3ADE3BE00D007E07910000F834
:20090000D9FF5C61F4CF3C583B400E007E07910000F8D9FF7061F4CF3C4F3BA00E007E07EF
:20092000910000F8D9FF4471F4CF3C463B000F007E07910000F8D9FF5871F4CF3C3D3BC02C
:200940000F007E07910000F8D9FF6C71F4CF3C343B2010007E07910000F8D9FF4081F4CFBD
:200960003C2B3B8010007E07910000F8D9FF5481F4CF3C223BE010007E07910000F8D9FF58
:200980006881F4CF3C193B4011007E07910000F8D9FF7C81F4CF3C103B3019007E04A00F23
:2009A000F4CF3C0A820491000048D94469723B7009506DFFDADD1D004C013B2013005F0574
:2009C000088091000028D92250C1F4F23C323B3013005F05088091000028D92270B1F4F251
:2009E0003C283B4013005F05088091000028D92240C1F4F23C1E3B5013005F050880910009
:200A00000028D92260C1F4F23C143B6013005F05088091000028D92270C1F4F23C0A82042B
:200A200091000048D94469723B100A506DFF9DDD3B8013005F08088091000028D92270A1D8
:200A4000E8223C323B9013005F08088091000028D92240B1E8223C283BA013005F08088061
:200A600091000028D92250B1E8223C1E3BB013005F08088091000028D92260A1E8223C1461
:200A80003BC013005F08088091000028D92260B1E8223C0A820491000048D94469723B8032
:200AA0000A506DFF62DD3BE013005F09088091000028D9225091E8423C323BF013005F0940
:200AC000088091000028D9227091E8423C283B0014005F09088091000028D92240A1E8424D
:200AE0003C1E3B1014005F09088091000028D92250A1E8423C143B2014005F09088091003E
:200B00000028D9226091E8423C0A820491000048D94469723BF00A506DFF27DD3B40140076
:200B20007E08910000F8D9FF40D1F4CF1D0090003BA014007E08910000F8D9FF50E1F4CF83
:200B40001D0086003BB014007E07910000F8D9FF64E1F4CF3C7C3B0015007E07910000F8EF
:200B6000D9FF78E1F4CF3C733B1015007E07910000F8D9FF4CF1F4CF3C6A3B6015007E07B1
:200B8000910000F8D9FF60F1F4CF3C613BC015007E07910000F8D9FF74F1F4CF3C583B2036
:200BA00016007E07910000F8D9FF8801F4CF3C4F3B8016007E07910000F8D9FF9C01F4CF4B
:200BC0003C463BE016007E07910000F8D9FFB001F4CF3C3D3BF016007E07910000F8D9FF68
:200BE0008411F4CF3C343B4017007E07910000F8D9FF9811F4CF3C2B3B6018007E07910019
:200C000000F8D9FF54D1F4CF3C223BC018007E07910000F8D9FF68D1F4CF3C193B20190000
:200C20007E07910000F8D9FF7CD1F4CF3C103B3019007E04A00FF4CF3C0A82049100004855
:200C4000D94469723B100C506DFF8FDC3C0100900B451088370848406DFFDFA0402C40C447
:200C60006DFF11FA534820F0910000F6D9FF70C110FF54FF8200370F01F089CF201989C9C4
:200C800024193C0109CF4218370FE3F16EFC40C46DFFF9F9534820F0910000F6D9FF70C187
:200CA00010FF54FF8210370F01F089CF2019DA0089CF24193C0109CF4218370FE3F16EFC16
:200CC0003C0109CF41186F3FFE7FBBF0FFFF89CF141909CF10293C01370F68203C01009064
:200CE0000B541088404C026A370948406DFF95A0402D40D46DFFC7F9534920F0910000F6BC
:200D0000D9FF70C110FF54F082013710010089D0201989D824193C0109D042183700E3F101
:200D20006EFC40D46DFFAFF9DF1A0F80534920F0910000F6D9FF70C110FF54FF8210370F23
:200D400001F089DF2019DA0089DF24193C0109DF4218370FE3F16EFC09DF10293C0134CF1E
:200D6000B01CC2FADF0AE2FF3C0109DF41186F3FFE7FBBF0FFFF89DF141900900248404CD4
:200D8000405D0259370848406DFF47A0402E534820F0910000F6D9FF70C110FF54F08201C2
:200DA0003710010089E0201940E46DFF6CF9DF190F80534820F0910000F6D9FF70C110FF83
:200DC00054F082113710010089E0201914CFB01C89EF2419BCDD3C0109EF4218370FE3F1AC
:200DE0006EFC09EF10293C0134DFB01D3C063C0109EF42181607EEFDC2F9DF09DAFF3C01A9
:200E000009EF41186F3FFE7FBBF0FFFF89EF141900900248404C0259370848406DFFFD9F78
:200E2000534820F0910000F6D9FF70C110FF54F082013710010089202019DF190F80534855
:200E400020F0910000F6D9FF70C110FF54F08211371001008920201914CFB01C892F24193E
:200E60003C01092F42181607EEFDC2F9DF09E7FF3C01092F41186F3FFE7FBBF0FFFF892FB8
:200E8000141900900B451088026A370848406DFFC49F402C534820F0910000F6D9FF70C104
:200EA00010FF54FF8200370F01F089CF201940C46DFFE9F889C924193C0109CF421816071A
:200EC000EEFD534820F0910000F6D9FF70C110FF54FF8210370F01F089CF201989CA2419A0
:200EE0003C0109CF42181607EEFD3C0109CF41186F3FFE7FBBF0FFFF89CF14190090A00282
:200F0000DA003E48DA013E4BDA023E4EDA03BE413C1591000026D92244D13C1091000026AE
:200F2000D92270E13C0B91000026D9229C013C0691000026D92288213C013C0100902020E8
:200F40000B4510A80B7610884DC0E2FF370FE1F78B0F20C23C010D00400300003C013C01E1
:200F6000370A48406DFF588C91000046D944B43140256DFF1B9002A46D00250202A46D00B6
:200F8000B402910000F6D9FFB431DA0889FF2C08910000F6D9FFB431DA04ACF4910000F670
:200FA000D9FFB4314B0B61F16CF1910000F6D9FFB431DA072CFAA00FF4AFA00FF80449A43A
:200FC000180A49A5080A0BA9104802866D002800DA102CACDA8089AF1C08DA0089AF1D0817
:200FE000910000F6D9FFB43149A2000AE8A202A46DFF87FF91000056D955B43140246DFFCC
:201000009B8D820502A46D00B401820502A46D00F60202CF6E030D0000030090DA003E4C81
:20102000DA015F4F4000DA025F4FC600DA035F4F27011D008901F658910000F8D9FF0C1072
:2010400080FF744F3C1CDF150980910000F8D9FF1C1080FF744F3C13DF250980910000F845
:20106000D9FF2C1080FF744F3C0ADF350980910000F8D9FF3C1080FF744F3C01F66891001C
:2010800000F8D9FF2C0080FF745F3C0ADF160980910000F8D9FF3C0080FF745F3C011D00F5
:2010A0005401DF450980910000F8D9FF2C3080FF744F3C49DF550980910000F8D9FF3C3020
:2010C00080FF744F3C40DF650980910000F8D9FF0C4080FF744F3C37DF750980910000F8BD
:2010E000D9FF1C4080FF744F3C2EDA087E58910000F8D9FF2C4080FF744F3C25DA097E582F
:20110000910000F8D9FF3C4080FF744F3C1CDA0A7E58910000F8D9FF0C5080FF744F3C1350
:20112000DA0B7E58910000F8D9FF1C5080FF744F3C0ADA0C7E58910000F8D9FF2C5080FF87
:20114000744F3C01DF460980910000F8D9FF0C2080FF745F3C2EDF560980910000F8D9FF79
:201160001C2080FF745F3C25DF660980910000F8D9FF2C2080FF745F3C1CDF36098091002C
:2011800000F8D9FF3C2080FF745F3C13DF760980910000F8D9FF0C3080FF745F3C0ADF266A
:2011A0000980910000F8D9FF1C3080FF745F3C011D00CB00DA0D7E58910000F8D9FF0C70E8
:2011C00080FF744F3C2EDA0E7E58910000F8D9FF1C7080FF744F3C25DA0F7E58910000F8CD
:2011E000D9FF2C7080FF744F3C1CDA107E58910000F8D9FF3C7080FF744F3C13DA117E58C2
:20120000910000F8D9FF0C8080FF744F3C0ADA127E58910000F8D9FF1C8080FF744F3C011B
:20122000DA0B7E68910000F8D9FF3C5080FF745F3C25DA097E68910000F8D9FF0C6080FF2E
:20124000745F3C1CDA0A7E68910000F8D9FF1C6080FF745F3C13DA0C7E68910000F8D9FFEE
:201260002C6080FF745F3C0ADA087E68910000F8D9FF3C6080FF745F3C013C66DA137E5891
:20128000910000F8D9FF2C9080FF744F3C37DA147E58910000F8D9FF3C9080FF744F3C2EDF
:2012A000DA157E58910000F8D9FF0CA080FF744F3C25DA167E58910000F8D9FF1CA080FF57
:2012C000744F3C1CDA177E58910000F8D9FF2CA080FF744F3C13DA187E58910000F8D9FF45
:2012E0003CA080FF744F3C0ADA197E58910000F8D9FF0CB080FF744F3C01DA0E7E689100C6
:2013000000F8D9FF2C8080FF745F3C1CDA0F7E68910000F8D9FF3C8080FF745F3C13DA0D33
:201320007E68910000F8D9FF0C9080FF745F3C0ADA107E68910000F8D9FF1C9080FF745F03
:201340003C013C023C010090404F82086DFFD9FDD424094F5208161F3C016E07D4248214CB
:2013600040F56DFFE28A821802823C0100900258910000F6D9FFB431D4FF370448406DFFD5
:201380004B8A91000046D944B43140256DFF0E8E40F46DFFB18A370868F06E03DA013C0236
:2013A000DA0009F0431837F001F289FF031876850C2196042C213C050C21B70F01F12C21C0
:2013C0000090DA003E4CDA015F4F2B00DA025F4F4900DA035F4F67001D008600910000F676
:2013E000D9FFB43191000026D92248E1E8C2910000F6D9FFB43191000026D92260D1E8E2BA
:20140000910000F6D9FFB431DA0189FFAE08910000F6D9FFB431DA0189FFB4083C649100DB
:2014200000F6D9FFB43191000026D92274F1E8C2910000F6D9FFB43191000026D9224CF105
:20144000E8E2910000F6D9FFB431DA0189FFAE08910000F6D9FFB431DA0189FFB4083C4383
:20146000910000F6D9FFB43191000026D922A011E8C2910000F6D9FFB43191000026D92225
:20148000B801E8E2910000F6D9FFB431DA0189FFAE08910000F6D9FFB431DA0189FFB40809
:2014A0003C22910000F6D9FFB43191000026D9228C31E8C2910000F6D9FFB4319100002676
:2014C000D922A421E8E2910000F6D9FFB431DA0189FFAE08910000F6D9FFB431DA0189FF7E
:2014E000B4083C010090DA003E4BDA015F4F2600DA025F4F4000DA035F4F5A003C75910060
:2015000000F6D9FFB431DA3C89FFA008910000F6D9FFB431DA5089FFA208910000F6D9FFD3
:20152000B431DA2889FFA408910000F6D9FFB431DA0089FF26083C61910000F6D9FFB431DB
:20154000DA3C89FFA008910000F6D9FFB431DA5089FFA208910000F6D9FFB431DA2889FFD7
:20156000A408910000F6D9FFB431DA0089FF26083C44910000F6D9FFB431DA3C89FFA008E1
:20158000910000F6D9FFB431DA5089FFA208910000F6D9FFB431DA2889FFA408910000F6AA
:2015A000D9FFB431DA0089FF26083C27910000F6D9FFB431DA3C89FFA008910000F6D9FF92
:2015C000B431DAC889FFA208910000F6D9FFB431DA2889FFA408910000F6D9FFB431DA00BA
:2015E00089FF26083C0A820491000048D94450823BC006506DFFB9D700900258910000F6E3
:20160000D9FFB431D4FF370448406DFF058991000046D944B43140256DFFC88C40F46DFFDF
:201620007889370868F06E03DA013C02DA0009F0431837F081F389FF031876850C2196045A
:201640002C213C050C21B70F01F12C210090404F025F6DFF56FCD42440F502F46DFF5B8A18
:201660000090200834A56DFF4CFCD42449A5000A82146DFF508A00900248404F3C0909FFA3
:161680000008B01F370F685002846DFFECFF09FF0008EEF600901E
:2016980000A6016000000000AC1200600000000000000000800000008000000050C200807B
:2016B80056C20080002D3101000000006F12833A6F12833A6F12833A6F12833A6F12833AE5
:2016D8006F12833A0AD7233C0AD7233C0AD7233C17B7D13817B7D13817B7D1386F12833A31
:2016F8006F12833A6F12833A0000803F0000803F0000004000000000000000000000000098
:201718000000000000000000000080BF000000000000000000000000000000000000000072
:20173800000000000000000000000000000000000000000000000000000000000000000091
:20175800CDCCCC3D0000003F000070420000000000000000000000000000000000000000DE
:20177800000000000000000000000000000000000000000000000000000000000000001041
:201798008045CDCC644100803B45000000000000000000000000000000000100000000002D
:1517B8000001010000000000000000000000000000000000001A
:2017D0000100000000000060BC1601800400000001000000040000609816018004000000A9
:2017F0000100000008000060A217018001000000010000000C000060A3170180010000008C
:201810000100000010000060C0160180020000000100000014000060C2160180020000001E
:201830000100000018000060C4160180480000000100000060000060A4170180010000007E
:2018500001000000640000600C17018028000000010000008C000060A517018001000000BC
:201870000100000090000060341701803000000001000000C0000060A6170180010000000B
:2018900001000000C4000060A71701800100000001000000C8000060A81701800100000069
:2018B00001000000CC0000609C1601801800000001000000E400006064170180200000003F
:2018D0000100000004010060A917018008000000010000000C010060B41601800800000088
:2018F0000100000014010060B1170180010000000100000018010060B21701800100000053
:20191000010000001C010060B3170180010000000100000020010060B4170180010000001E
:201930000100000024010060B5170180010000000100000028010060B617018001000000EA
:20195000010000002C010060B7170180010000000100000030010060B817018001000000B6
:201970000100000034010060841701800200000001000000380100608617018002000000E9
:20199000010000003C010060881701800200000001000000400100608A17018002000000B1
:2019B00001000000440100608C1701800200000001000000480100608E1701800200000079
:2019D000010000004C01006090170180020000000100000050010060921701800200000041
:2019F000010000005401006094170180020000000100000058010060961701800C000000FF
:201A10000100000064010060B9170180010000000100000068010060BA1701800100000081
:201A3000010000006C010060BB17018005000000020000007401006000000000DE110000AA
:201A50000200000054130060000000006500000002000000BC13006000000000AD02000068
:201A7000020000006C16006000000000D6000000020000004417006000000000410000009E
:201A90000200000088170060000000002500000002000000B01700600000000041000000A6
:201AB00002000000F41700600000000025000000020000001C1800600000000041000000AD
:201AD0000200000060180060000000002500000002000000881800600000000041000000B4
:201AF00002000000CC180060000000002500000002000000F41800600000000040000000BD
:201B10000100000000000070CC170180010000000100000004000070C01701800C00000006
:101B300000000000000000000000000000000000A5
:02000004800278
:2000000000000000700059B30000000000000000000000000000000064B81E799B47E18668
:02000004800F6B
:1443C000911000E8D9EED4CADC0E911000E8D9EEF6CADC0E17
:20450000911000E8D9EEECFADC0E911000E8D9EE1C0BDC0E911000E8D9EE380BDC0E9110FC
:0845200000E8D9EE141BDC0ECB
:0A464000911000E8D9EEF8AADC0E94
:20478000911000E8D9EED8DADC0E911000E8D9EED8DADC0E911000E8D9EED8DADC0E9110B4
:0847A00000E8D9EED8DADC0EC6
:1E4A0000911000E8D9EE080BDC0E911000E8D9EED8DADC0E911000E8D9EED8DADC0E73
:0A4C8000911000E8D9EED4EADC0E32
:144F0000911000E8D9EEC0FADC0E911000E8D9EED8DADC0EBD
:0A518000911000E8D9EEE8DADC0E29
:0A52C000911000E8D9EEE6BADC0E0A
:0A590000911000E8D9EE301BDC0E18
:0A5B8000911000E8D9EEDE0EDC0EF5
:0A5BA000911000E8D9EEC41EDC0EDF
:040000058000002057
:00000001FF
