:0200000480007A
:2000000000000000700059B30000000000000000000000000000000064B81E799B47E18668
:0C002000910000F8D9FFEA80DC0F00908E
:200030000F05D011174580010B00D0010F00B02142218B0101110F2010006B0500200090C2
:200050003256FF0626003B00FEFF3FF617000F6510308B0602601745802600903256FF0693
:2000700018003B00FEFF3FF60F000F6500308B060260174580260090A2F63705C13F0F656B
:2000900010200090A2F682030F6500200090DA207FF60700174580360F6400200090A2F60C
:2000B00082020F6400300090000600F000B403F00100000000000000000600F000B503F03D
:2000D0000300000001000000000600F000B403F00000000090000000000600F000B403F042
:0800F000010000009000000077
:20010000910000F8D9FF5EB10D00000202F4DC0F000000000000000000000000000000007F
:20012000910000F8D9FF7C910D00000202F4DC0F0000000000000000000000000000000061
:20014000910000F8D9FF5A810D00000202F4DC0F0000000000000000000000000000000073
:20016000910000F8D9FF78610D00000202F4DC0F0000000000000000000000000000000055
:20018000910000F8D9FF56510D00000202F4DC0F0000000000000000000000000000000067
:2001A000910000F8D9FF74310D00000202F4DC0F0000000000000000000000000000000049
:2001C000910000F8D9FF42E10D00000202F4DC0F00000000000000000000000000000000AB
:1201E000910000F8D9FF40D10D00000202F4DC0F00901B
:2001F800820C822D3C130757FFCF8755BFDFCE57460546048B1480408B05A050CE7746078A
:2002180046068B1680608B07A07082028203820082013A260B2700F26E023C4F0B6430F13A
:200238000B7500F20B75A0F26E04024002513C453A640B7500F26E0382123C3F3B0004E0EB
:200258000B6030F10B7100F20B71A0F2DE1087559FFF06116701801F8B1FE00602480259C3
:2002780006156745805F0614C2FE3CEB0284029506F067101F0006F1C21E82087AE86E1DC8
:2002980087559FFF06116701801F8B1FE0060B60C0A00B71D0B007BB9FFF06156745805F51
:2002B800061406136723803F8B1FE0266E0302A002B1C2183FE8E67F76C7460346028B1263
:2002D80080208B03A030DF2D0B00071DE0FF76F7460146008B1080008B01A01000903B00D2
:2002F800034040F440C5007074DF3B00034040C4007061000E00370A6800DA0A4BF011026B
:200318000070610006003BE0024040C4007054DFC21F74DF00706D00F3230090404F6D0037
:20033800DE21022F02F46D00DA2014F0B700010034F002F46D00F3210090FF440B0053840C
:2003580020F0911000F8D9FF9C4A10FFD4F23C02A0023C010090094F4C18161F3C018200EC
:200378003E0E82103E0E82203E0F8240BE003B800000BE003B000100BE003C1282023C1239
:200398006D008A1D3C0F6D00D31C3C0C6D00F71C3C096D005B1C3C066D00441C3C038202C7
:2003B8003C013C01009082F282003C17538020F0911000F8D9FF9C4A10FFD4FF7D4F0D805D
:2003D800538020F0911000F8D9FF9C4A10FF481F370F48203C04C210BF40EAFF3C010090E0
:2003F800404F40F46DFFB9FF09FFD408370F6CF0C21F4B0F41F14BF251203C0100906DFF24
:20041800D4FF53C220F060FF9140003F30F3D93F002849F2080A3C0100906DFFC6FF53C29A
:2004380020F060FF9140003F30F3D9320028B0423C0100906DFFB9FF53C220F060FF914097
:20045800003F30F3D93200283C010090494F081A3C0554FF345FB015C2F4FF14FCFF024274
:200478003C0100902010404F0B541088026A89A7080909FF4C18161F78033C0140F46DFF3B
:20049800B1FFC2188B4860F3370F68F074AF8B1A60F3370F68F0780154AF4B0F61F14BF9D1
:2004B80041503BF026F19B3FA8F34BF5413082044B5251004B00716182108F461FF06E0DA9
:2004D8007B0018144B1941104B1251104B0171118F411FF06E023C010269821882074B00B7
:2004F80061014B0241F04B0661014B0F51006B0031F582014B1F01F0AE046B0031B53C05F3
:200518006B0031F567FFBFBF4B3B01F016038B0F20F26E028214822D3C39DF2D05808210C5
:20053800821E3C0773D70A004B8011028B1000E03C234B0D61A14BA241A0036D0AC04B0CFB
:2005580061F14BFA51C06B0C31F5820A4BAF01F0AE046B0C31A53C056B0C31F567FFBFAF16
:200578004BAB01F0370F61F16E0602AB02D8036D0A900207C2107F0EDEFF4B3B01F016030A
:200598008B0F20F26E023C09C21DF647736D0AF03BF0FF007FF0C3FF820440F46D00360034
:2005B80009FFE00837097000370F0CF089FFA00809FFE20837087000370F0CF089FFA208FC
:2005D80009F0560854AFC2FF370F68F037F004F089FF160809F05708580137F004F089FF35
:2005F800170858026E03DA013C02DA0009F0570837F081F389FF170840F409A40C096D0009
:20061800050082123C010090094F4C18374F05F0894F0C18F6493C01094F4F18370FE1F3D4
:200638003C01EEFB3C093C01094F4F18370FE1F33C01DF1FFBFF0090494F041A3C0A145FED
:2006580074FFB015C2F43C010C4E161FFF1FFE7FFF14F7FF02423C0100902008F4A4405DB6
:20067800D4DFF44F40F46DFF5BFE820440F46DFFCDFFDA0009F05A0837F002F089FF1A0889
:2006980009DFC80809F0D408C2FF370F70F037F00CF0ACFA09D46C0840F46DFFB7FF09D401
:2006B800040909D54A0809D64D0809D74C0840F46DFFDAFE0228820440F46DFFA7FF09DF27
:2006D8007C086E0382103C028200087F370F01F22CF709DF56086E03DA013C02DA0009F035
:2006F8005B0837F001F389FF1B0809DF540809F05B0837F081F389FF1B0809DF510809F099
:20071800590837F083F089FF190809DF530809F05B0837F001F289FF1B0809DF550809F07B
:200738005C0837F004F089FF1C0809D0580808CF370F02F32CFC09DF590809F0500837F042
:2007580002F389FF100809DF500809F0D80837F003F3ACFC09D05A0808DF8BF02003370017
:200778006800370F04F02CFD09DF5B0809F051088BFF20F3370F68F037F004F089FF110802
:2007980009DF520809F05A0837F002F089FF1A0809DCA809BD0C7900D4CEBD0E280009C0AB
:2007B800040809C95D084CE16E2109E4840909E44808370068506D00320B09E4840909E46B
:2007D800480802956D005D0BD4E2DA016E0382103C0282000C27370F81F22C27D4E20CEC04
:2007F8000920460837F002F02C2609CE8809BD0E1E0009C00C0809C95D084CE16E1709E4FB
:20081800840909E44808370068506D00080B09E4840909E4480802956D00330BD4E20CECE0
:200838000920440837F003F02C2409CE9009BD0E150009C5540809C95D0809E4840909E4A9
:2008580048080CECA6F56D00EA0A09E4840909E4480802956D00150B09CE9809BD0E150009
:2008780009C55C0809C95D0809E4840909E448080CECA6F56D00D30A09E4840909E44808AC
:2008980002956D00FE0A09D46C0840F46DFFBEFEDA0089FF001982FF6CFFDA00D4A22C2E76
:2008B80009DF6D082E0CDA016E03DA013C02DA0009F0421837F001F089FF021809DF6D08E0
:2008D8002E1CDA016E03DA013C02DA0009F0421837F001F189FF021809DF6D082E2CDA01D7
:2008F8006E03DA013C02DA0009F0431837F001F189FF031809DF6D082E3CDA016E03DA017E
:200918003C02DA0009F0431837F081F189FF031809DF6D082E4CDA016E03DA013C02DA0001
:2009380009F0431837F001F389FF0318DA002C2DDA002C2C09DF7D082C2FD2008920540988
:20095800DA006C240C2F82003E0482103E043C0682193C063BC000903C0382093C014CDC69
:200978006E0C09D4B00909D4AE0802956D001020D4A4894284093C0909D4AE0802956D00DC
:20099800F31FD4A4894284094CDE6E0C09D4B80909D4B40802956D00FB1FD4A48942880990
:2009B8003C0909D4B40802956D00DE1FD4A48942880909D9660809DFE208EE03DF3922809F
:2009D80040F46DFF2CFD09DFE2081420370F68F037F008F0342F0C21379F82F12C210C231E
:2009F80096022C23DA016E03DA013C02DA0009F0431837F001F289FF03180C2196042C2194
:200A180009DFE008EE03DF39228040F46DFF14FD09DFE0081420370F68F037F008F0342F6E
:200A38000C21379F82F12C210C2396022C23DA016E03DA013C02DA0009F0431837F081F397
:200A580089FF03180C2196042C2109DFE4086E2140F46DFFD6FC09DFE4081420370F68F04C
:200A780037F008F0342F0C21379F82F12C210C2396022C23DA016E03DA013C02DA0009F0CB
:200A9800421837F001F089FF02180C2196042C21DA016E03DA013C02DA0009F0500837F05F
:200AB80081F089FF1008DA016E0382103C02820008CF370F81F02CFC09FF5008960189FF3A
:200AD800100808CF96012CFC02823C010090F445DA00894F3C08DA01894F2C08DA01AC441E
:200AF8007B107EF46C41DA032C4ADA002C4CDA032C4DDA00894F1008DA01894F1108DA01C8
:200B1800894F1208DA00894F1308DA00894F1608DA00894F1408DA07894F1508DA01894FD7
:200B38001808DA01894F1908DA00894F1A08DA00894F1B08DA00894F1C08DA00894FA208CE
:200B5800DA00894FA008DA00894FA408DA00894F2608DAFF894F2D08A00FEC4AA00FEC4E31
:200B7800A00FEC4CDA00894FAE08DA00894FB408DA00894F3D080090D44F09FF7608160159
:200B98003C016E0909FF7E08960189FF3E080C4E96012C4E09FF7608370F61F13C016E0959
:200BB80009FF7E08960489FF3E080C4E96022C4E09FF7708370F61F13C016E0909FF7F0859
:200BD800960489FF3F080C4E96042C4E09FF7708370FE1F13C016E0909FF7F08960889FF1E
:200BF8003F080C4E96082C4E09FF7708370F61F33C016E0909FF7F08964089FF3F080C4EC1
:200C180096102C4E0090404F6D00691D022F02F46D00651C821074F002F46D00801D3C0142
:200C380014FF370FE1F0BA0F3C01DF1FFB7F0090FF240B00538420F0911000F8D9FFBC4AD8
:200C580010FFD4F23C02A0023C010090404F40F46D002F0082504DC0E1FF16073C013E281C
:200C78009110003030F3D933C04F54313C034D00D01F3701E2F05E1382003C173701E2F0F3
:200C9800EE13534220F060FF9130003F30F3D93F1436081F16075E1382103C05081F1607E6
:200CB8005E3282203C02825002023C010090822282003C17538020F0911000F8D9FF8C5A56
:200CD80010FFD4FF7D4F0D80538020F0911000F8D9FF8C5A10FF481F370F68203C04C21031
:200CF800BF20EAFF3C010090404F024F40F46DFFE0FF02286E031E325E4382093C028219F8
:200D18005E23821A3C02820ADF1949804DC0E1FF16073C015F8F28006D00F51C0228028488
:200D38006D00051C913000CFD9CC143640F46DFFC0FF534220F010C2142F37AF02F0342F3A
:200D580002846D00131D9110003030F3D933C04F543FB72F82F09110003030F3D933C04F4F
:200D7800743F3C1C6D00BB1C022B02B46D00B71B913000FFD9FF1436534820F010FF91308D
:200D9800002FD9221436534820F01022142F37AF02F034FF02B46D00C21C02923C0100903A
:200DB80082124DC0E1FF16073C01FF2F0B80538F20F0911000F8D9FF8C5A10FFD4FF3C021E
:200DD800A00F3C017DF4048082023C109110003030434933088A543F06F4374F9FF09110B5
:200DF800003030434933088A743F3C010090404FDA0140F46DFFD6FF262F40F46DFF28FFAF
:200E1800F626821440F46DFF71FF262F02F23C010090913000FFD9FF004654FF370F6EF10C
:200E38008FFF83813C01911000A7D9AA408F0D0080043B0098F0CD4FE00F0D00C0044D00B4
:200E5800E0FFB70F14F0CD0FE00F0D00C00482117617DA009601CD4F20090D00C0044DC081
:200E7800E1FF8F7F00213C01913000FFD9FF004653C220F010FF54F037006E018FF08331DF
:200E98003C01913000FFD9FF004653C220F010FF54FF2E1B8F2320F0960154F03700700803
:200EB8008F002100A6F074F08F2320F0960254F0370070088F002100A60F74FF3C0154FFBB
:200ED8001601DF1FFE7FDA00761382003C028210370F81F0CDCF20090D00C004913000FFA6
:200EF800D9FF004653C220F010FF54FF2E1B8F2320F0960154F0370070088F002100A60F3B
:200F180074FF86238F3340F154F0370070088F002100A60F74FF3C0154FF6F0FFF7F0D0046
:200F3800C00482114DC0E1FF8F7F00213C01913000FFD9FF004653C220F010FF54F037005C
:200F58006E018FF083313C01913000FFD9FF004653C220F010FF54FF2E1B8F2320F0960193
:200F780054F0370070088F002100A6F074F08F2320F0960254F0370070088F002100A60F0A
:200F980074FF3C0154FF1601DF1FFE7FDA00761382003C028210370F81F0CD0F04090D0042
:200FB800C004913000FFD9FF004653C220F010FF54FF2E1B8F2320F0960154F0370070085B
:200FD8008F002100A60F74FF86238F3340F154F0370070088F002100A60F74FF3C0154FF2A
:200FF8006F0FFF7F0D00C004913000FFD9FF004654FF2E1B8F2820F0960154F03700700841
:201018008F002100A60F74FF8F2820F0960254F0370070088F002100A60F74FF3C0154FF26
:201038001601DF1FFE7F910000F8D9FF004080FFCD4FE20F0D00C00491F000F8D9FF0004B3
:2010580080FFCD0FE20F0D00C004911000F7D9FF80CF80FFCD8FE20F0D00C004913000FF3F
:20107800D9FF004654FF2E1B8F2820F0960154F0370070088F002100A60F74FF8F2820F0AE
:20109800960354F0370070088F002100A60F74FF3C0154FF6F0FFF7F91000000D9000000DE
:2010B80091000010D911000091000080D988000091000090D9990000911000F7D9FFC00F49
:2010D80091100027D922C001A004802080FFA2F0DA404BF0114282003C1E80FFB70F1CF04A
:2010F8008F4F1F1080FFBBF0FF2F0662262F06AFA6F1F606CD81E30F0D00C0043C0274416A
:201118009AD47E05CDC1E30F0D00C00440F449FF001AC2103F40E3FFDA00744F6D00F31A95
:20113800022F02846D00321A02F46D00731A6DFFF4F86D00E81A913000FF19FF30366F1FA4
:2011580012008F2220F09601913000FF19F03036370070088F002100A60F913000FF59FFB2
:20117800303686228F2240F1913000FF19F03036370070088F002100A60F913000FF59FF0C
:2011980030363C01913000FF19FF30361601DF1FFB7FDA00913000FF59FF181691100048BE
:2011B800D944041B6D00F6169130884F910000F8D9FF1E7180F46DFF1CFE910000F8D9FF7F
:2011D800E445DC0F0090913000FFD9FF0C4654FF370F6EF18FFF83113C01912000A6D9AA38
:2011F800408B0D0080043B0098F0CD4FE00F0D00C0044D00E0FFB70F14F0CD0FE00F0D000E
:20121800C00482127627DA009601CD4F20090D00C0044DC0E1FF8F7F00313C01913000FF11
:20123800D9FF004653C320F010FF54F037006E018FF083413C01913000FFD9FF004653C3E5
:2012580020F010FF54FF2E1B8F2420F0960154F0370070088F002100A6F074F08F2420F001
:20127800960254F0370070088F002100A60F74FF3C0154FF1601DF1FFE7FDA0076238200DC
:201298003C028210370F81F0CDCF20090D00C004913000FFD9FF004653C320F010FF54FFB3
:2012B8002E1B8F2420F0960154F0370070088F002100A60F74FF86248F3440F154F037008F
:2012D80070088F002100A60F74FF3C0154FF6F0FFF7F0D00C00482124DC0E1FF8F7F003189
:2012F8003C01913000FFD9FF004653C320F010FF54F037006E018FF083413C01913000FF5C
:20131800D9FF004653C320F010FF54FF2E1B8F2420F0960154F0370070088F002100A6F033
:2013380074F08F2420F0960254F0370070088F002100A60F74FF3C0154FF1601DF1FFE7FE9
:20135800DA00762382003C028210370F81F0CD0F04090D00C004913000FFD9FF004653C34B
:2013780020F010FF54FF2E1B8F2420F0960154F0370070088F002100A60F74FF86248F3408
:2013980040F154F0370070088F002100A60F74FF3C0154FF6F0FFF7F0D00C004913000FF1C
:2013B800D9FF0C4654FF2E1B8F2120F0960154F0370070088F002100A60F74FF8F2120F06D
:2013D800960254F0370070088F002100A60F74FF3C0154FF1601DF1FFE7F91F000F8D9FF1F
:2013F800000680FFCD4FE20F0D00C00491F000F8D9FF000480FFCD0FE20F0D00C00491204F
:2014180000F6D9FF80CB80FFCD8FE20F0D00C004913000FFD9FF0C4654FF2E1B8F2120F0B8
:20143800960154F0370070088F002100A60F74FF86218F3140F154F0370070088F002100F7
:20145800A60F74FF3C0154FF6F0FFF7F91000000D900000091000010D911000091000080BA
:20147800D988000091000090D9990000912000F6D9FFC00B91200026D922C00DA004802033
:2014980080FFA2F0DA404BF0114282003C1E80FFB70F1CF08F4F1F1080FFBBF0FF2F066281
:2014B800262F06AFA6F1F606CD81E30F0D00C0043C0274419AD47E05CDC1E30F0D00C00431
:2014D80040F449FF001AC2103F40E3FFDA00744F910000F8D9FFF0A5DC0F0090200840BFF6
:2014F8003C0180F2370368F4B75F08F037F30834370468F037F308304DC0E1FF16073C01DF
:201518003703680837F003F037F308383C0189A24009820491100048D944358B911000588F
:20153800D955293B3BE00C506D0063286D00482E3C013C0000A00D0040020080009020080F
:2015580040BF3C0180F2370368F4B74F08F037F30834370468F037F308304DC0E1FF1607CC
:201578003C013703680837F003F037F308383C0189A24009820491100048D9441B7B911074
:201598000058D955293B3BE00B506D0032286D00172E3C013C0000A00D00400200800090E2
:2015B800200840BF3C0180F2370368F4B73F08F037F30834370468F037F308304DC0E1FF71
:2015D80016073C013703680837F003F037F308383C0189A24009820491100048D944216BA2
:2015F80091100058D955293B3B000B506D0001286D00E62D3C013C0000A00D0040020080B4
:201618000090200840BF3C0180F2370368F4B72F08F037F30834370468F037F308304DC070
:20163800E1FF16073C013703680837F003F037F308383C0189A24009820491100048D944ED
:201658002E5B91100058D955293B3B200A506D00D0276D00B52D3C013C0000A00D0040028E
:2016780000800090200840BF3C0180F2370368F4B71F08F037F30834370468F037F30830AD
:201698004DC0E1FF16073C013703680837F003F037F308383C0189A240098204911000489D
:2016B800D944334B91100058D955293B3B4009506D009F276D00842D3C013C0000A00D00A1
:2016D800400200800090200840BF3C0180F2370368F4B70F08F037F30834370468F037F353
:2016F80008304DC0E1FF16073C013703680837F003F037F308383C0189A24009820491104D
:201718000048D944302B91100058D955293B3B6008506D006E276D00532D3C013C0000A06B
:201738000D00400200800090200840BF3C0180F2370368F4B77F08F037F30834370468F09F
:2017580037F308304DC0E1FF16073C013703680837F003F037F308383C0189A2400909A040
:2017780040090D00400200800090200840BF3C0180F2370368F4B76F08F037F3083437047E
:2017980068F037F308304DC0E1FF16073C013703680837F003F037F308383C0189A2400951
:2017B80009A040090D00400200800090DA000950DA08370F0EF009505C08370F03F8095010
:2017D8005D08370F81F909505E08370F01FA09505F08370F83FA09506108370F01FE0950E9
:2017F8006008370F03FC6C4582010950640837010310095065083701811109506608370151
:20181800041409506B083701011A09506708370103120950680837018113095069083701CD
:20183800041609506C083701811A09506A083701041809506D083701011B09506E0837018E
:20185800011C09506F083701811C095F70086E0382203C028200095F71086E03DA013C0290
:20187800DA00A6F03701021D095F720837F1041E095F730837F1811B89411009095F06095C
:201898006C42095F0A096C43095F16096C41095F1209744F095F6A086E0A095F6A081E177D
:2018B800095F6A081E24095F0E096C460090F4450090404F405CD4C2D42DF4FD09CF0408D3
:2018D8002CF409CF0408530F22F010D2D9220002E822C82440C56DFF6BFF820009CF630803
:2018F8006E05DA0137F001083C04DA0137F0810809FF0408534F20F010D25920C08109CF4D
:20191800F4086E22D4F209FF0408BC21534F20F060FF9140003F30F3D93F40483C0109C082
:20193800760809CFF40814F1370F68F037F108F034FF081F370F82F12CF1083F96022CF34C
:20195800081F96042CF100902038911000F8D9FF9C5A49FF000A49A2000AA0D644FF642FAF
:20197800FC6E49AF000A4942000AA0D644FF642FFC6EF4450090404F6D00B116022F02F4E5
:201998006D00AD1591A0003030F3D933C04F5430B700010091A0003030F3D933C04F7430E2
:2019B80002F46D00BC1600906D005E12913000FF39FF3506370F64F24B0F41F14BF2512064
:2019D8003C013C01009037046800DA084BF00102DA0203F10AF6370F68F0DF150680822296
:2019F8000FF210203C0482120FF210203C010090404F026F82066DFFE8FF6E04681268227B
:201A18003C0268120090404F026F82066DFFDDFF6E04684268523C0268420090404F3B007E
:201A380001606DFFD2FF74F20090404F024F0269820602F46DFFC9FF02283B0001600BF933
:201A580010486DFFC2FF8F0201F0A6F868680090DA01744F0090BC41DA024BF5010253408C
:201A780020F053042100600F9140003F30F3D93FC06910F23C010090804F53042800420F75
:201A980060FF3C0168550090804F53042800420F60FF3C0168350090804F53042800420F3E
:201AB80060FF3C0168450090804F53042800420F60FF3C0168250090804F53042800420F3E
:201AD80060FF3C01481F375F02F06CF10090804F53042800420F60FF3C014890DA006CF924
:201AF80048BF375F02F06CFB68907663DA013C02DA0037F001F0767382103C028200370F7B
:201B180081F06CF90090804F53042800420F60FF3C01DF15048082103C028200481F370F95
:201B380081F56CF10090404C405F8218D4F2F4C2084F2CC4084F3B008000E20FD4F21022A7
:201B5800911000303023D93D000D89CD880909FF05082CC549DE001A89CE8C0909FF5208AA
:201B78005E1709F40508821540E46DFF59FF09F405088215821640E46DFF59FF09F4050824
:201B980009F5500840D46DFFC0FF09F40508086540D46DFF93FF487F6E08C87409F4600831
:201BB80009F561086D00100109FF54081E1509FF5508DF1F278009F4050809F5560809F622
:201BD800540809F7550840D46DFF83FFD4F4084409F505086DFF41FF09F0570809FFD80827
:201BF8001421370F68F037F108F0342F0C21370F82F12C210C2396022C230C2196042C211A
:201C180009FF52085E1E09F40508482540D46DFF4DFF09F40508483540D46DFF37FF3C0D05
:201C380009F40508482540D46DFF38FF09F40508483540D46DFF22FF09F40508821582060D
:201C580040E46DFFD7FE09F405088215820640E46DFFDBFE09FF53085E1509C48C096DFFD1
:201C7800F9FE02823C010090F445DA002C44DA002C45DA146C42DA0A6C43DA01894F10083C
:201C9800DA022C46DA00894F1108DA00894F1208DA01894F1308DA00894F1408DA00894FF9
:201CB8001508DA02894F1608DA00894F1708DA00AC4CA00FEC47DA80894F2008DA00894F8C
:201CD80021080090404F024FC83409F40508820502F66DFF8FFEC83409F40508820502F650
:201CF8006DFF93FEC8346DFFB5FE0090594400C00090194F08C0370F78F04B0F41F1194074
:201D180004C0370078004B0041014B0F51F06D0006004BF241203C0100906DFF47FE3C0144
:201D38000090404F0B54108840F46DFFE4FF4B8251007B00F8136B0131004B0071814B0821
:201D580061116B0131007B00F0134B1001F0370F61F16E02C2186D00C214022A02A46D002E
:201D7800BE13DA00BE90DA013E9EDA023E9CDA033E9ADA043E98DA053E96DA06BE91DA07B9
:201D9800BE963C1C534920F010F2534920F010FF19FF0CC0378F18F0592F0CC03C1019FFAC
:201DB80024C0378F18F059FF24C03C0919FF28C0378F18F059FF28C03C023C0102A46D003C
:201DD800AE140090404F0258481F8FCF1F00481F160F532F2020082F0F2F001082330F2312
:201DF800003091A0012FD922F04F534020F01022542F82F0C630260F2631A61F742FC82460
:201E180008CF09F55008A64502F46D000800C82408C402856D0035000090404F0B4510A81F
:201E380049FC100A82404B0A01828F3A00F1538F20C09140002FD922000E7D2F15806D005E
:201E58004E14022F02F46D004A1309F0201982110FA1101082F2C621261089F0201902F449
:201E78006D005D14534820F010CFDAFF0FCF00F00FCB10B002F302B249F240080090404F56
:201E98000B4510886D002B14022A02A46D00271349FF001ADA084BF801028F7800F1534FF9
:201EB8002040534020F010FFDA0F0F4F00F00F49109002F3029249F2400802A46D002F1467
:201ED80000902020404CDA084BF401826D00F20E534920F010A2534920F010CF488F742F1A
:201EF80009CF500816FFC21F4B0F41F14BF25100534920F010AF14FF163FC21F4B0F41F14A
:201F18004BF05100534920F010AF14FF370F62F39211534920F010AF081F160342F15349E7
:201F380020F010AF081F370F62F142F14B0141F14BF051203C01009020080248405F370583
:201F5800E8FB8B0F20F26E01820949A6000A028440F56D003900DA0037F9019014AF37F9F8
:201F780083900CA137F903920CA237F983930CA337F903950CA437F983960CA537F90398E4
:201F9800081FAE63DA003C02DA0137F98199DA0037F9019A14FFAE53DA003C02DA0137F9D8
:201FB800819ADA0037F9019B09FFC008370F66F3C2FF370F70F037F9859B3789049E02922C
:201FD8003C010090406C82088209DA084BF40122094F500816FF9210534320F0104F09FFA3
:201FF8006008163FC21FE2F0534320F0104F09FF6008370F62F39211534320F0104F09FF99
:202018006108160342F1534320F0104F09FF6108370F62F142F173100AA0B025405D820B85
:202038003C4E534B20F010DF54FFE2AF4B0F61F17B0000044B0F51C0820D820E3C328210C8
:20205800532E20F00FF010004B0041F14BFC51F07B00F0036B00214F6D003C15FF9221808A
:20207800532E20F00FF210F04B0F41F14BCF01F016068B0F20F26E09C2F28B0240F3370F26
:20209800689002E8821D3C0FFF820B809A12C2FF8B0F40F3370F689002E8821D3C04C21E2F
:2020B800BF8ECFFFF6D382798278532B20F010CF2819532B20F010CF34F8C21BBF3BB3FF5F
:2020D8000090404C405F7641820854CF6E016D00F10D3C0109CF500816FFC21F4B0F41F100
:2020F8004BF251F03C017B00F8034BF0513048103B800040821502463700E81BBA016E0343
:202118007B00F8037B00F8134B0151703B0040929B499794024A3C4D4B0A41014B03410087
:202138004B0751107B00F0236B0221114B0131B1DA407FBF05003B0004B03C0973AB0A10B0
:20215800FF410400822B3C034EB2821B4B0B41114B1041006B07311082024B2101F0AE0410
:202178006B0731003C056B0731F067FFBF0F4B9001F06F2F1E804B9001F0AE264B9001F028
:20219800AE036F060580020902A602B56F061180DA004BF001F0AE27DA004BF001F0370FE5
:2021B80061F06E03DA003C02DA016E023C04C2FAFF2AB47F3F5409006F0607006F05058079
:2021D800025F026502F6DA024BF601229AD2370F4800C2F5370568F037F80680DA024BF6D0
:2021F80001421A52C2FF370F68F037F802838E03020F3C02DA0037F802858E0382323C0113
:20221800370268F037F80284088FAE43DA013C02DA0037F80186088FAE33DA003C02DA01C4
:2022380037F88186089F370FE1F237F8018702823C0100900248BC416D003C0DDA004BF86E
:2022580001F0AE217B0008F44BF841F04BF251004B0031F14B0F41F16B0F31F07B00F0131B
:202278004B1F01F0AE244B0031F13C044B0031F1C21F8B1F40134B0161F14BF251F06B0F8B
:2022980031F882004B0F01F0AE084B0161F14BF251F06B0F31583C094B0161F14BF251F0FA
:2022B8006B0F31F867FFBF5F82463C2C4B0661F14BF841F04BF251F07B00F0036B0021FF21
:2022D8004B0F710173600AF04B0F61F14BF251306B0331F882044B4F01F0AE046B033138B2
:2022F8003C056B0331F867FFBF3F4B5301F0AE247603023502013705E8FB6E02F6023C06AD
:20231800C2163B801FF07F6FD3FFC2F18B0140233C010090FF440B00538420F0911000F806
:20233800D9FF000B10FFD4F23C02A0023C01009082F282003C17538020F0911000F8D9FF83
:20235800000B10FFD4FF7D4F0D80538020F0911000F8D9FF000B10FF481F370F48203C045C
:20237800C210BF40EAFF3C010090494F102A3C0554FFB45FB025C2F4FF14FC7F0090494F04
:20239800102A3C0554FF745FB045C2F4FF14FC7F0090494F102A3C0554FF345FB015C2F447
:2023B800FF14FC7F0090DA010F4F10F0370F70F009410819765737017008A6F0370110182A
:2023D8003C083701700882F2C6F2262037011018766737017000A6F0370110103C08370130
:2023F800700082F2C62F26F037011010894108190090DA084BF40102534120F0104F49FF94
:20241800241A3C06095FC00874FFB025C2F5FF15FB7F0090DA084BF40102534120F0104FB0
:2024380049FF241A3C05545F74FFB045C2F5FF15FC7F0090DA084BF40102534120F0104FA5
:2024580049FF241A3C05145F74FFB015C2F5FF15FC7F0090094F4518EE047B1000F03C02BC
:20247800DA01CC4D094078080F0F10F06CF10090094288093C010090094F4518EE03DA0152
:202498003C037B1000F0CC4D094078080F0F10F06CF10090404F405C406D0248D4FE40E465
:2024B8006D008F050229DF093680ECE2084F96012CF4E84CA8A8821089F00718E86DA8E8CB
:2024D80048FF6E05C8F240F42D02000009FF49181E1409FF49185E3540F46D0047093C1A2F
:2024F80009FF4918DE4209E2A80909E4A809094FD818C2F837087000370F10F0892F9818A2
:2025180040F46D0033093C06C8AF09E488092D0F000002923C01009082020C44AE04D44F49
:20253800481F6E0282123C0100902010404C405DD4D2D42FF802C8AFF801D4DFF4CF0CC499
:20255800B70F01F02CC409DF640889CF081809DF650889CF091809DF260989CF0C1909DFA6
:202578002A0989CF10190CD8370F61F1D80109F0510837F0010389F0110849DF1C0AF4AF3A
:202598005E1754FFEE05DA0089CF04183C07CCD7481F370F68F089CF041809C04418DA08B4
:2025B8004BF00182534920F009A48409104F029440D56DFF88FD022F6CF809C4441849D588
:2025D800080A4CD109A4840902F56DFFB7FC022F6CCC821009CF44180FF000008F00011096
:2025F8000CD9AE43DA003C02DA0109C444180F4F10F0D80149FF081A8F000140A640A6F1E3
:202618000203021249F2400809CF7308370F64F28F7F004109A484096DFF55FC4B0231F162
:2026380089CF0A09D4AF54FFEE07A00FECCFA00F89CF80193C46D4FF09F2C80989C2F409D9
:202658000CD9370F61F289CF05180CD86F1F2280910000F8D9FF6C12ECCF910000F8D9FF60
:20267800502289CF801940C46DFF08FFD4AFD4FF09D5600809DA6108DA80C82408C4A6F5D3
:202698006DFFCDFBC82408C402A56DFFFAFB3C19A00FECCFA00F89CF8019D4A2D42F09D578
:2026B800600809DA6108D422092F5008C82408C4A6F56DFFB4FBC82408C402A56DFFE1FBB3
:2026D80009DFC808370F66F389CF0618910000F8D9FF1A23ECCA910000F8D9FFE8F2ECCBCF
:2026F800D80209FF46186E119110002F09F00518534920F0D80110FF49FF241A530022F09E
:20271800102280FF592F0C0282023C010090404C40C46D006211A00FECC7DA8089CF20085D
:20273800DA0089CF2108A00FECC7DA0089CF2008DA0089CF2408DA0289CF250882FF89CFD2
:202758002609DA0089CF2A0900902040404C405DCCD5F80F6D00C30F022802846D00BF0EE3
:2027780014FFB70F01F034FF09DF58086E03DA003C02DA0114F037F081F134FF02846D00D5
:20279800CE0F820809D4100909A4BC096DFF54FD370268F037F80880DA0F37F80485DA00D2
:2027B80037F8828C09DF59086E03DA013C02DA0037F8818DDA0137F8048E68484CD489CF16
:2027D8000819820009DFC6086E043BF01FF03C02DA0037F00900820109DFC408EE0409DF83
:2027F80066086E02821137108104820109DFC208EE0409DF66086E0282113710010509DFCF
:202818005B0837F0020809DF5C0837F0020909DF680837F0020D09DF690837F0020E6850B8
:2028380009DEA009BD0E3B00D4EFBCFF0CE409E85508C814088408C5A6F56DFFF0FAC8142C
:20285800088402856DFF1DFBCCE2BCFF0CEC09E85508C814088408C5A6F56DFFE0FAC81428
:20287800088402856DFF0DFBCCE4BD0F180009EF140809E85508C8140884370F68506DFFF1
:20289800CEFAC814088402856DFFFBFAD4F2D4F40C4408C0370F03F02C24D80FECCAF4CC7C
:2028B800DA006CC1A00FECC2910000F8D9FF6C22ECC5910000F8D9FF7042ECC609DF6608E1
:2028D8006E0C910000F8D9FFD222ECC7910000F8D9FFC602ECC83C0B910000F8D9FFFCE2FB
:2028F800ECC7910000F8D9FFE2E2ECC8910000F8D9FFC4A2ECC909DF6608DF0F8C00DA010D
:2029180089CF061849A4000A9110005F6DFFD1F749A4040A49A5000A6DFF18F809DF25087A
:2029380089CF051809CF05182CA8DA0089AF2708DA0189AF3408DA0089AF0A09DA0089AF7A
:202958002A08DA0089AF2F08DA00ACAFDA0089AF2308D80F49FF241A80FF89AF0E09DA005D
:2029780089AF2D08DA0189AF3008DA0089AF2108DA0089AF2208DA0089AF20080CD889AFBA
:202998003A0809DFC40889AFB80849C4380A49A5040A6DFF90F709DF240889CF041809CF93
:2029B80004182CA8DA0089AF2708DA0189AF3408D80F49FF102A80FF89AF0A09DA0089AF3A
:2029D8002A08DA0189AF2F08DA0089AF0E09DA0089AF2D08DA0089AF3008DA00ACAFDA009A
:2029F80089AF2108DA0089AF2208DA0089AF2308DA0089AF20080CD889AF3A0809DFC2089B
:202A180089AFB80849C42C0A49A5040A6DFF53F73C04DA0089CF0618BBF0FFFFD80F89FF09
:202A3800141909CF46186E4509A4BC096DFF82FC914000FFD9FF1068538221F010FF3C01BA
:202A5800823009DF2508370F70F014F1370F68F037F108F034FF081F370F82F12CF1083FB7
:202A780096022CF3081F96042CF109A4BC096DFF61FC914000FFD9FF1068538221F010FF59
:202A9800B04F3C01823009DF2408370F70F014F1370F68F037F108F034FF081F370F82F1A0
:202AB8002CF1083F96022CF3081F96042CF13C6D09DFC4086E2109A4BC096DFF3BFC914033
:202AD80000FFD9FF1068538221F010FF3C0109D0480809DFC40814F1370F68F037F108F0BD
:202AF80034FF081F370F82F12CF1083F96022CF3081F96042CF109DFC2086E2209A4BC09FE
:202B18006DFF18FC914000FFD9FF1068538221F010FFB04F3C0109D0480809DFC20814F1EC
:202B3800370F68F037F108F034FF081F370F82F12CF1083F96022CF3081F96042CF109DFCB
:202B5800C6086E2309A4BC096DFFF4FB914000FFD9FF1068538221F010FF49FF080A3C0185
:202B780009D0480809DFC60814F1370F68F037F108F034FF081F370F82F12CF1083F96028C
:202B98002CF3081F96042CF1D80F09FF5308960189FF13080090404F405C40F46D00690FC8
:202BB800E85CDA0089FF1808DA0089FF1908DA0089FF1A08DA0089FF1B08DA0089FF1C0825
:202BD800DA0089FF2808DA0089FF2908A002E88282FF89FF240882FF89FF2508DA0089FFDF
:202BF8002608BB00C2FB9BEFC3F46CF40090911000CF094804186DFF3DFC402F530822F088
:202C180010C2392F1E02370F61F18B0F2002DF100D80530822F010C2530822F010C4394F6A
:202C38001F029604E92F1F023C01DF00110009FF00196E0609F2801940F42D020000084F78
:202C5800B70F01F02CF4D4F46D001A02530822F010CF39FF1E02370FE1F18B0F20F25E1C52
:202C7800530822F010CF530822F010C2392F1F029604E9FF1F023C010090404C40C46DFFBC
:202C9800F9FB402F9110005F09C1051809C6A80949F7100A530122F01052392F1E02370F62
:202CB800E1F18B0F2002DF100D80530122F01052530122F01054394F1F029604E92F1F02E4
:202CD8003C01DF001A00530122F0105F39FF1E02370F61F18B0F20F25E1C530122F0105FE6
:202CF800530122F01052392F1F029604E9FF1F023C011D00BC0009FF49181E1509FF4918AD
:202D1800DF3F2580530122F0105F39FF1E02370F61F18B0F20F25E1C530122F0105F5301C4
:202D380022F01052392F1F029604E9FF1F023C01534120F0105F534120F01052392FC281DA
:202D58009602E9FFC2811D00920009FF4918DF4F2480530122F0105F39FF1E02370F61F1E9
:202D78008B0F20F25E1C530122F0105F530122F01052392F1F029604E9FF1F023C0153417B
:202D980020F0105F534120F01052392FC2819602E9FFC2813C6B530122F01052392F1E0231
:202DB800370F61F18B0F2002DF100D80530122F01052530122F01054394F1F029604E92F3E
:202DD8001F023C01DF00530088AFBF2F5000530122F01052530122F01054394F1F02960401
:202DF800E92F1F02534120F01052534120F01054394FC2819602E92FC281547FEE0C48CFD2
:202E18008210370F01F0896F201909FF0C19896F24193C2C48CF8210370F01F0896F2019C5
:202E380009FF4618FF9F0A80D47288AF102F09FF7FF8896F24193C1A09F04618DA103F0F97
:202E58000D8088AFC2FF532F20F0D47F10FF09FFC008896F24193C0A88AFC2FF534F20F0EC
:202E7800D47F10FF54FF896F24190090404C09C2A809092FC0188FFF1F813C01BBF0FF0F84
:202E98008920141940C46DFFF5FA402F911000DF6F08070009FF4A18960189FF0A186F1846
:202EB800070009FF4A18960289FF0A186F28070009FF4A18960489FF0A186F78070009FF05
:202ED8004A18968089FF0A186F38070009FF4A18960889FF0A186F48070009FF4A1896108A
:202EF80089FF0A186F58070009FF4A18962089FF0A186F68070009FF4A18964089FF0A18B0
:202F1800DF08110009FF00196E0609F2801940F42D020000084FB70F01F02CF4D4F46D00B2
:202F3800AF0009CF46186E3109C00418530022F010DF39FF1E02370F61F18B0F20F25E1CA6
:202F5800530022F010DF530022F010D2392F1F029604E9FF1F023C0109C00518530022F00A
:202F780010DF39FF1E02370F61F18B0F20F25E1C530022F010DF530022F010D2392F1F0210
:202F98009604E9FF1F023C010090404F40F46DFF71FA0925AC0940242D050000484FC21F1E
:202FB8006CF40090404F40F46DFF64FA0925A80940242D050000483FC21F6CF30090DA01D5
:202FD800494F0408EE0382023C0282123C010090404FD4F2D4220924A80949FC180A094F39
:202FF8004218370FE3013C0188EF0B0F80F1370F508054CFEE0A82003C05094110293C0142
:20301800C2103F80FC7F3C2609F04618FF900B80D4C502846DFFBFF9D4C201280026F4C2DB
:203038003C1909F04618DA103F0F0C80D4C502846DFF9DF9532820F0D4C21022F4C23C0A98
:20305800D4C502846DFF9DF9534820F0D4C21022F4C288EFA28FACFE88EFEE1009FF001926
:203078006E0609F2801940F42D020000084FB70F01F02CF4D4F46D0003000090DA006C4150
:2030980000902008404F49FD100AD4F2D42C09CF4618DF0F7E02911000EF09C4A809F4A461
:2030B8006DFF48F9538221F03C0109C8051809C904184DC0E2FF370FE1F78B0F20A23C01A7
:2030D8000D00400300003C0188AFBF2FE50088AF92F0530822F010E2530822F010E4B94FC0
:2030F800140237007000370F0EF0F92F140209FF4618FF9F10808200530822F010E25308A9
:2031180022F010E4394F1602370F83F2E92F16023C2109F04618DA103F0F1080821053089D
:2031380022F010E2530822F010E4394F1602370F83F2E92F16023C0E8220530822F010E23C
:20315800530822F010E4394F1602370F83F2E92F160254DFEE4049F20C1A802FB70F1C0018
:203178007B0000FDFE014DC0E1FF16073C0149F20C1A8020B7000C0AB770030E7B000011E7
:20319800E21FA2F03C0449F20C1A8020530822F010E259200802820082118222530822F03B
:2031B80010E219231002370303303713813137230434530822F010E259231002530822F062
:2031D80010E2530822F010E4394F12029610E92F12023C3A54DFB70F1C007B0000FD7E0F86
:2031F8004DC0E1FF16073C0154D0B7000C0AB770030E7B000011E21FA2F03C0254D053086B
:2032180022F010E259200802820082118202530822F010E219231002370303303713813160
:2032380037230434530822F010E259231002530822F010E2530822F010E4394F1202B70FD5
:2032580001F2E92F1202D4A24922241A530822F010E4802F594F0C0282008211820253085E
:2032780022F010E219231002370303323713813337230436530822F010E25923100253089B
:2032980022F010E2530822F010E4394F1F029604E92F1F0288A0530922F010E2530922F03F
:2032B80010E4B94F140237007000370F0EF0F92F140209FF4618FF9F10808200530922F037
:2032D80010E2530922F010E4394F1602370F83F2E92F16023C2109F04618DA103F0F10807B
:2032F8008210530922F010E2530922F010E4394F1602370F83F2E92F16023C0E822053098F
:2033180022F010E2530922F010E4394F1602370F83F2E92F1602486FEE4049F2101A802FAB
:20333800B70F1C007B0000FDFE014DC0E1FF16073C0149F2101A8020B7000C0AB770030ECB
:203358007B000011E21FA2F03C0449F2101A8020530922F010E259200C0282008211822251
:20337800530922F010E219231002370303323713813337230436530922F010E25923100298
:20339800530922F010E2530922F010E4394F12029620E92F12023C3B486FB70F1C007B004A
:2033B80000FDFE004DC0E1FF8F7F00013C01486FB70F0CFAB77F031E7B0000F1E2F0A20106
:2033D8003C024861530922F010E259210C02820082118202530922F010E219231002370385
:2033F80003323713813337230436530922F010E259231002530922F010E2530922F010E43E
:20341800394F1202B70F81F2E92F1202530922F010E2530922F010E4394F1F029604E92F76
:203438001F02BBF0FFFFD4A4894F14196DFF82F79140002FD9221068538221F010223C0180
:203458000C2396022C23D4A46DFF74F79140002FD9221068538221F01022B0423C010C2306
:2034780096022C23D4A46DFF65F79140002FD9221068538221F010224922080A3C010C2399
:2034980096022C23530922F010E2530922F010E4394F1F029604E92F1F02534920F010E251
:2034B800534920F010E4394FC2819601E92FC28188AFBF2F2B00530822F010E2530822F07B
:2034D80010E4394F1F029604E92F1F02534820F010E2534820F010E4394FC2819601E92FAE
:2034F800C28109FF4818EE0948CF8200370F01F0D4AF89FF20193C0848CF8210370F01F0DA
:20351800D4AF89FF20193C3F54DFEE0E48CF8210370F01F0D4A2892F201909FF0C19D4AFAE
:2035380089FF24193C3048CF8210370F01F0D4A2892F201909FF4618FF9F0B80D4D288AF8F
:20355800102F09FF7FF8D4AF89FF24193C1C09F04618DA103F0F0E8088AFC2FF532F20F04E
:20357800D4DF10FF09FFC008D4AF89FF24193C0B88AFC2FF534F20F0D4DF10FF54FFD4AFD0
:2035980089FF241976A30D0000031D00EE0088AFBF1FEB00D4F2D422092CA80909FF7308F5
:2035B800370F644209CF421816073C018B4F000109FF47185E12C2F088AF7E02C2F088AF77
:2035D8000B0F80F1370F5080BF18CF0088AF5280A8A088AFEE0382113C02820109FF471858
:2035F800DE11BF28100088AF6E0D4DC0E20F3700E1078B0020923C010D00400300003C01F7
:203618003C084DC0E20F3700E1078B0020923C0109FF4718DE14820089F0071809FF4818DC
:20363800EE0848CF8200370F01F089CF20193C0748CF8210370F01F089CF201954DFEE1E28
:2036580009F00C19DF01130082013C0489C02419C2119AF83FF1FC7F48CF8211371F01F0F7
:2036780089CF201989C024193C08DA003C0489C02419C21F3F8FFD7F3C7409FF4618FF9F58
:203698002480DF011800BF280800D4D59AF840C402F56DFFD1F648CF8210370F01F089CFE6
:2036B8002019D4DF01F800F609FF7FF889CF24193C06D4D540C402856DFFBEF6D4DF01F8C1
:2036D80000F6F4DF3C4E09F04618DA103F0F2780DF011A00BF280800D4D59AF840C402F52A
:2036F8006DFF89F648CF8210370F01F089CF2019C2F8532820F0D4DF10FF09FFC00889CF27
:2037180024193C0BD4D540C402856DFF74F6532820F0D4DF10FFF4DF3C24DF011900BF28A3
:203738000800D4D59AF840C402F56DFF75F648CF8210370F01F089CF2019C2F8534820F086
:20375800D4DF10FF54FF89CF24193C0BD4D540C402856DFF61F6534820F0D4DF10FFF4DF29
:2037780076930D00000300902008404D49DF100AD4D2D42C8CDA82404B0F0102F6188CDAF2
:2037980082404B0F0102370068F03C088CDA82404B0F0102370068F0C21F370F688009DF14
:2037B80049189E4B8CDA3B0001004B0F0102F6198CDA3B0001004B0F0102370068F03C09C6
:2037D8008CDA3B0001004B0F0102370068F0C21F42F8C2F83708688009CF4618DF0F210200
:2037F800911000EF09C4A809F4A46DFFA3F5538221F03C0109C9051809CA04184DC0E2FF18
:20381800370FE1F78B0F20B23C010D00400300003C01530922F010E2530922F010E4B94081
:20383800140237800E00F92014028220530922F010E2530922F010E4394F1602370F83F2A7
:20385800E92F160254FFB70F1C007B0000FD7E0F4DC0E1FF16073C0154F0B7000C0AB77067
:20387800030E7B000011E21FA2F03C0254F0530922F010EF59F008028200821182025309C9
:2038980022F010EF19F31002370303303713813137230434530922F010EF59F310025309BF
:2038B80022F010EF530922F010E2392F1202B70F01F2E9FF120209DF49189E4DD4AF49FF4F
:2038D8001C1A530922F010E280FF592F0C02820082118202530922F010EF19F310023703C7
:2038F80003323713813337230436530922F010EF59F31002530922F010EF530922F010E251
:20391800392F1F029604E9FF1F028CDA82404B0F0102F6188CDA82404B0F010237006800AC
:203938003C088CDA82404B0F010237006800C210530A22F010EF530A22F010E2B92F140268
:2039580037007000370F0EF0F9FF14028220530A22F010EF530A22F010E2392F1602370F1F
:2039780083F2E9FF16024CD6EE4049DF101A80FFB70F1C007B0000FDFE014DC0E1FF160736
:203998003C0149DF101A80F0B7000C0AB770030E7B000011E21FA2F03C0449DF101A80F0EA
:2039B800530A22F010EF59F00C02820082118222530A22F010EF19F310023703033237132C
:2039D800813337230436530A22F010EF59F31002530A22F010EF530A22F010E2392F120270
:2039F8009620E9FF12023C3C4CD6B70F1C007B0000FDFE004DC0E1FF8F7F00013C014CD6B0
:203A1800B70F0CFAB77F031E7B0000F1E2F0A2013C0309D11809530A22F010EF59F10C028A
:203A3800820082118202530A22F010EF19F31002370303323713813337230436530A22F0D9
:203A580010EF59F31002530A22F010EF530A22F010E2392F1202B70F81F2E9FF1202530A14
:203A780022F010EF530A22F010E2392F1F029604E9FF1F02BBF0FFFFD4A4894F14196DFFFE
:203A980059F4914000FFD9FF1068538221F010FF3C01083F96022CF3D4A46DFF4BF491407D
:203AB80000FFD9FF1068538221F010FFB04F3C01083F96022CF3D4A46DFF3CF4914000FF8C
:203AD800D9FF1068538221F010FF49FF080A3C01083F96022CF3530A22F010EF530A22F017
:203AF80010E2392F1F029604E9FF1F02534A20F010EF534A20F010E2392FC2819601E9FF1B
:203B1800C28109DF4918DF3F308009D09408DA103FF00A0009D0F208DA0F37F085F389DFD8
:203B3800B2083C0B09D0F2088CDAC2FF370F70F037F085F389DFB20809D09408DA103FF07D
:203B5800090009DF7008B70F01F089DF30083C0609DF7008960189DF300809DF720896407C
:203B780089DF32083C3709DF4918DF1F248009D09408DA103FF00A0009D0F208DA0F37F0B2
:203B980085F389DFB2083C0B09D0F2088CDAC2FF370F70F037F085F389DFB20809DF70086B
:203BB800960189DF300809DF7208964089DF32083C1109DF7008960189DF300809DF720896
:203BD800964089DF320809DFF208B70F85F389DFB208530922F010EF530922F010E2392FDE
:203BF8001F029604E9FF1F02534920F010EF534920F010E2392FC2819601E9FFC28109DF4B
:203C180049181E464CDCD4AF89FF1C193C054CDCD4AF89FF201976B30D0000033C010090AC
:203C3800913000FFD9FF300654F8370864F0EE0382023C096D003E00370864F04B0F41F13B
:203C58004BF251203C010090913000FFD9FF300654F8370864F2EE0382023C096D002A00D1
:203C7800370864F24B0F41F14BF251203C01009002486D0050018200DA003E84DA013E87CA
:203C98003C0B913000FF19F000263C08913000FF19F004263C0382023C0176094B0061F183
:203CB8007B0028044B0F51F04BF241203C0100906D00DA00913000FF39FF3106370F64021D
:203CD800DA003E0CDA01BE0BDA02BE0EDA035F0F2100DA045F0F23003C26913000FF39FF27
:203CF8000C16160FEE023C0A913000FF39FF0C16160F4B0F41F14BF251203C177B0017F4DD
:203D18004BF251203C127B001FF44BF251203C0D7B0027F44BF251203C087B002FF44BF2A7
:203D380051203C0382023C013C010090910000F6D9FF000054FF4B0F61213C010090913011
:203D580000FF39FF3706370F62F2EE06BB00C22B9BE2CB243C11913000FF39FF3706370F6D
:203D780062F25E19910000F6D9FF000054FF4B0F61213C0282023C010090913000FFD9FFAB
:203D980000066DFFDEFF09FF640816015E1A09FF6E08167FC21F4B0F41F14BF251203C242B
:203DB80009FF6408370FE1F15E1EBB00C20B9BE0CB0409FF6C08167FC21F4B0F41F14BF058
:203DD80051203C1209FF6908370FE5F0C21F4B0F41F14BF2410009FF6C08167FC21F4B0F41
:203DF80041F14BF051203C010090913000FFD9FF00066DFFA6FF09FF540816015E1A09FF56
:203E18005E08167FC21F4B0F41F14BF251203C2909FF5408370FE1F15E1EBB00C20B9BE014
:203E3800CB0409FF5C08167FC21F4B0F41F14BF051203C1709FF5908370FE7F0C21F4B0F6D
:203E580041F14BF2411009FF5C08167F921009FF5B08160FC21FE2F04B0041F14BF151207A
:203E78003C010090913000FF39FF3306370F62F282003E0482103E083C0ABB00C22B9BE28B
:203E9800CB243C013C066DFFB2FF3C0382023C013C0100906DFFE8FF913000FF39FF310630
:203EB800370F6402DA003E0CDA01BE0CDA02BE0FDA035F0F2200DA045F0F24003C279130CB
:203ED80000FF39FF3206160FEE0382023C0A913000FF39FF3206160F4B0F41F14BF25120EC
:203EF8003C177B001FF44BF251203C127B0027F44BF251203C0D7B002FF44BF251203C08B0
:203F18007B0037F44BF251203C0382023C013C0100906DFFA9FF913000FF39FF3106370FDF
:203F38006402DA003E0CDA01BE0CDA02BE0FDA035F0F2200DA045F0F24003C27913000FF91
:203F580039FF3106160FEE0382023C0A913000FF39FF3106160F4B0F41F14BF251203C1719
:203F78007B001FF44BF251203C127B0027F44BF251203C0D7B002FF44BF251203C087B0007
:203F980037F44BF251203C0382023C013C010090404F820891000026D922000009FF08196F
:203FB800742F6D009C0302296D00AD03022A02946D0095029130002F392F3046370FE1B186
:203FD8009130002F392F304696089130002FE92F304602946D00A30302A46D00A8023C013C
:203FF8009130002F392F3306370FE1F3EEFA9130002F392F3306B70F02F29130002FE92FC3
:2040180033069130002F392F330696409130002FE92F33069130002F392F180696109130CA
:20403800002FE92F18063C019130002F392F3306370FE1F3EEFA9130002F392F3706B71FC8
:2040580002F29130002FE92F37069130002F392F370696409130002FE92F37066D00B00141
:20407800A62802A46D008203DF087E8102A46D005E023C019130002F392F1406370FE1F2A1
:204098006EFA9130002F39201C0608AF37F007F09130002FE92F1C069130002F39201B06CC
:2040B800088F37F004F09130002FE92F1B069130002F39201906089F37F087F09130002F70
:2040D800E92F19069130002F392F180696409130002FE92F18069130002F392F1A06B70FE1
:2040F80001F09130002FE92F1A069130002F392F180696209130002FE92F18069130002F4D
:20411800392F1A0696019130002FE92F1A069130002F392F1A0696049130002FE92F1A0606
:20413800BB70714B9B1485436D00A7013C019130002F392F1406370F61F16EFA9130002F55
:20415800392F1806B70F01F09130002FE92F18063C019130002F392F3306370FE1F3EEFA14
:204178009130002F392F3306B71F02F29130002FE92F33063C019130002F392F3306370F77
:20419800E1F3EEFA48346D0078019130002F19203006485F82F1C61F26F0485F4841261F00
:2041B800A6F0DA0137F0020EDA0137F0010F9130002FD922300674203C019130002F392FE3
:2041D8003706370FE1F3EEFA9130002F19203406487F82F1C61F26F0487F4861261FA6F0A5
:2041F800DA0137F0020EDA0137F0010F9130002FD922340674203C019130002F392F03161C
:20421800370FE1F3EEFA9130002F19200016489F82F1C61F26F0489F4881261FA6F0DA018A
:2042380037F0010F9130002FD922001674203C019130002F392F0F16370FE1F3EEFA91301D
:20425800002F19200C1648BF82F1C61F26F048BF48A1261FA6F0DA0137F0010F9130002F7A
:20427800D9220C1674209130002F1920002648DF82F1C61F26F048DF48C1261FA6F09130C5
:20429800002FD922002674209130002F1920042648FF82F1C61F26F048FF48E1261FA6F0CF
:2042B8009130002FD9220426742002A46D005E029100802F192F140209F0041982F1C610CD
:2042D800260F09F0041982F1C610260F09F0041909F100192610A60F02946D000001910054
:2042F800802FD9221402742F02946D001802820C3C3702A46D001B013C019130002F392F61
:204318001406370FE1F26EFA9130002F39201C0653CC20F0C8121022142F37F007F0913022
:20433800002FE92F1C0602A46D00200253CC20F0C81210224C226E0953CC20F0C81210226C
:20435800092288092D02000053CC20F0C8121022092402096D009100C21C370C68C014FF8D
:204378003FFCC9FF02A46D00E200913000FF39FF1806B70F01F3913000FFE9FF180602A4F1
:204398006D00F40102946D00AA00913000FF39FF2C469608913000FFE9FF2C46913000FF14
:2043B80039FF304637BF81F1913000FFE9FF304602946D00B40102823C0100903B002880C5
:2043D80082096D008C01022A913000FF39F01006B7008202913000FFE9F01006913000FF6B
:2043F80039F01206910000F6D9FF000054F13B005AF29B6F02F04BF111229AF2370F68F0A4
:2044180037F005F0913000FFE9FF1206913000FF39FF10069604913000FFE9FF10063C0501
:20443800C2F8F68382193C0D913000FF39FF10066F1FF87F913000FF39FF11066F0FF27F3C
:2044580002A46D004C00913000FF39FF2C469608913000FFE9FF2C46913000FF39FF304655
:204478009608913000FFE9FF304602A46D00570102923C01009002486DFFF6FC913000FF34
:2044980039FF3506160F4B0F41F14BF251F03C014B8F41F04B0F71F185F110003C0185F026
:2044B8001000A2103FF0FDFF0090DA018B0401000F0F10F0913000FF59FF24860090DA01B1
:2044D8000F4F00F0913000FF19F0208626F0760382123C0282023C0100904DC0E1FF16074B
:2044F8003C0153CF20F060FF9130003F30F3D93F004654FF2E1B8F2420F0960154F03700E4
:2045180070088F002100A60F74FF86248F2440F154F0370070088F002100A60F74FF3C019D
:2045380054FF1601DF1FFE7F0090913000FF19FF30366F1F12008F2420F09601913000FFF6
:2045580019F03036370070088F002100A60F913000FF59FF303686248F2440F1913000FFF4
:2045780019F03036370070088F002100A60F913000FF59FF30363C01913000FF19FF3036A7
:204598001601DF1FFB7F00904DC0E1FF16073C01913000FFD9FF004653CF20F010FF54FF2B
:2045B8002E1B8F2420F0960154F0370070088F002100A60F74FF8F2420F0960254F037009F
:2045D80070088F002100A60F74FF3C0154FF1601DF1FFE7F084F96082CF454FF2E1B8F24ED
:2045F80020F0960154F0370070088F002100A60F74FF86248F3440F154F0370070088F0011
:204618002100A60F74FF3C0154FF6F0FFF7F0090913000FF19FF30366F1F12008F2420F07C
:204638009601913000FF19F03036370070088F002100A60F913000FF59FF30368F2420F047
:204658009602913000FF19F03036370070088F002100A60F913000FF59FF30363C019130EB
:2046780000FF19FF30361601DF1FFB7F913000FF39FF34369608913000FFE9FF3436913043
:2046980000FF19FF30366F1F12008F2420F09601913000FF19F03036370070088F002100FD
:2046B800A60F913000FF59FF303686248F3440F1913000FF19F03036370070088F00210083
:2046D800A60F913000FF59FF30363C01913000FF19FF30366F0FFC7F00904DC0E1FF160781
:2046F8003C0153CF20F060FF9130003F30F3D93F004654FF370F6EF18FFF83213C013C01AF
:204718000090913000FFD9FF303654FF370F6EF18FFF83213C013C0100904DC0E1FF1607B5
:204738003C0153CF20F060FF9130003F30F3D93F004654FF2E1B8F2420F0960154F03700A1
:2047580070088F002100A60F74FF86248F3440F154F0370070088F002100A60F74FF3C014B
:2047780054FF6F0FFF7F0090913000FF19FF30366F1F12008F2420F09601913000FF19F041
:204798003036370070088F002100A60F913000FF59FF303686248F3440F1913000FF19F0A2
:2047B8003036370070088F002100A60F913000FF59FF30363C01913000FF19FF30366F0FF0
:2047D800FC7F0090F647094F40189601894F00183C08DF140780094F40189604894F00184A
:2047F8000090F647094F7C089601894F3C083C08DF140780094F7C089610894F3C08009059
:20481800FF240B00538420F0911000F8D9FF102B10FFD4F23C02A0023C01009082F2820047
:204838003C17538020F0911000F8D9FF102B10FFD4FF7D4F0D80538020F0911000F8D9FFEF
:20485800102B10FF481F370F48203C04C210BF20EAFF3C010090404C405F09C0380909C13B
:204878003C0914FFEE0C083F37F00500082F37F00504081F37F1011182183C0F14FF5E1C21
:20489800083F37F00508082F37F0050C081F37F1011382183C02820889C13C0989C0380938
:2048B80040C46DFFBDFF09FFC8086E26081FEE099140002FD9225028538220F010223C095B
:2048D8009140002FD9225028538220F01022B04208A009FFC8081421370F68F037F108F0D1
:2048F800342F0C21370F82F12C210C2396022C230C2196042C2108264CC4820102F009C361
:204918002C0982020F20A0400F31A0503C016DFFA3DB3C0114FF534F20F010C289223009A8
:2049380014F440C46DFF50FF14F440C46DFF5BFF08264CC4820102F009C32C0982020F205F
:20495800A0400F31A0503C016DFF86DB3C0114FF534F20F010C2481F42F28922300902824E
:204978003C010090025FC234B7040200370050808BC801008B8000406D00E10BBC264024F9
:204998000B8F10486D0004003C010090C234B70402F0370F5000DA00894F1808DA01894F11
:2049B8001908804F8BCF01F0C27FB70F03F0744FDA00AC42DA00AC47DA00894F0A09894FB5
:2049D8000609DA00AC49AC48894094088945960840423C010090F445DA006C410C48960122
:2049F8002C480C4896022C480C48B70F01F12C480C48B70F81F12C480C48B70F01F22C48CA
:204A18000C4896202C480940C808DA0837F006F3AC440C49B70F01F22C49DA00894F0E09A9
:204A3800DA00894F1209DA00894F0A090C49B70F81F22C490C49B70F01F32C49094F58088D
:204A5800B70F01F0894F1808094F5808B70F81F0894F1808094F5808B70F01F1894F180840
:204A7800094F5808B70F81F1894F18080090DA00344FDA00AC41DA00AC42DA00AC43DA0017
:204A98002C48DA00AC45A00FEC43DA006C4400908F841EF08F0F0801B70408FC3704E81B02
:204AB800B71F812BDA7F7FF1048082020090DA967F1F048082023C068B6109F1325F0FF22B
:204AD80000203702482076043252370248200090B70408FC3704E80BB71F811BDA7F3FF0E7
:204AF8000580DA967F0F0480820200908B6009F1325F0FF1001037016820009091100048C4
:204B1800D944D46B1D0002008208404F8209820A820BC81CC82D483C09FF1001DF1F23802E
:204B380080CF160180D08F100001FE046E04C2FC04DF24CF76CF8F3C00018FEC1FF06E09ED
:204B580002F140D2C2F16014442164C1FC4E90DD020CDF0CE07FC2FC60C204DF24CFFC2E98
:204B78003CD9DE2580CF2E03C2FC24C9DF0CD37F8F3C00F106EC76C5C2FC60C264CAFC2F7B
:204B98006EC9C2FF60F224CBFC2F3CC48F0F1F00DF002E008F3F0001DF102B8080CF8F3F49
:204BB80000D180DF1603FEDB76DB02D440C440D56D00EE0601CD00C601DD00D6A2DC76CF0F
:204BD8008F3C00018FEC1FF06E0902F140D2C2F16014442164C1FC4E90DD020CDF0C9B7F70
:204BF80002C440C440D56D00D3063C9400901603DF2F91FF80CF16036E0702F440C46D001D
:204C1800B00610CCA2FCDF0C867F8F3C004106EC76C5C2FC60C264C8FC2FDF047C7F40C40A
:204C38006D009F061DFF77FF205089A4380989A62C0989A73409DA01A00F820909AA101918
:204C5800780C89A9081989A9280902A089A90019B70089FBF80678113700E8FB780802585F
:204C7800404C029D405D8BFF0FC27B00F8B376C658116E04029C09AD30095808BA0F78137B
:204C9800F68A3B700600580B3E043B7004007E0382183C23580D6F5F21803B100600580B75
:204CB8003E043B100400FE095811EE0382083C1582788F3F000082013C06C2F88FC31F1047
:204CD8007723000E0B011028FBF0000026202631BA008B0100F4EEF2DA00780F02A46D00BA
:204CF80014087625DA2D780F67AABFAFEE0E580D8F8F0101DA087E03DA2B3C068B0001021F
:204D1800580FAB0FA2F0780F09A00019AA1089A00019DF0D1600580B911000F8D9FF2A9BE8
:204D380010FF081F2E37911000F8D9FF202BF8063C1B911000F8D9FF242BF8063C15DF0CB5
:204D58001D00580B911000F8D9FF2A9B10FF081F2E36911000F8D9FF282B3C05911000F84D
:204D7800D9FF2C2BF8065810BB90FF0F9239580D260F780D1D008C013B100600580B3E05A2
:204D98003B1004005F0F27805808AB1F18FF780858109230F683580D2E22C210428058088A
:204DB8003BC0F91FC2207FF106003B4006103F1F0400DA033C0A3B60FF1F7FF106003BA050
:204DD80000103F1F0400DA02780C580C12091D005F01580849AF0A0A6E7549A4140A02A4ED
:204DF8006D008D0A09AC1409022A370CE8FB82006E55BBF028EC49AE130A7B0012D49B5E01
:204E1800CFE33C3F49A20A0A7D2E0C8049AF120A49AE130AA07209F03FF489E03FF4FC2CED
:204E3800BBD0CC0C58059BC0DC0349A4140A4B0F41406D00640A89A20609DF0914806B0E70
:204E580021F24BDB41B04BDF41406DFF23FE762A4BBC514049A4140A82196D00500A89A208
:204E7800060909AF06096B0E21FF4BDF41406DFF11FE8B0203F089EF3FF4580AC21F780A95
:204E98005805370FE8FBEEBF3C0304EF24FF49A2130A012E20F4EEFA3C154B0A01F06F2F0A
:204EB80012007B0012043C064B0A41A0580AC2FF780A4B0A41F089AF06094BBF01F06F0FD4
:204ED800F5FF3B600610580B028082093E143B6004107E13580A12803B500610580B3E14C9
:204EF8003B5004107E12C210CE03DA003C038B7000F310A2492E0A0A3C117B0012F449A4C9
:204F1800060A4BFA41406D00FA09022A09A406096DFFC0FD8B0203F024FF01FE20F4EE0678
:204F380049A2130A012F20F4EEE909EF000840EFC25F3C0A49AF0A0A01EF30F4EE0740EF5C
:204F580009EF3FF4C21F34EF3C08DA3134EF49EF010A580AC21F780A09E00008DA393F0F3E
:204F7800EB7F89F93FF049A20A0A012F20F4EE0609F00008DA305F0FF67F3B500600580BE5
:204F9800BE013B5004003E0E3B6006005F0F3C003B6004005F0F3800580A3FF80400FFDF54
:204FB800330058103B50062049AF0A0A9210580B09A10A083E243B5004207E2C761349AF84
:204FD8000B0A14FFEE04580DAE227682C21042803C17028276158BF81F2049AF0B0A14FF9A
:204FF800EE03580D2E22C21082013C0814FFEE03580D2E23C210B01FC2113F21F97F8B4089
:2050180000903C453B600600580B3E043B6004007E0F09A02809FA10AB10A09F581042F974
:20503800F684580D6F2F34001A8992193C300280580A49AF0A0A4EF4581092193C0D09A1B5
:20505800280958101219021F14F17612B01FABF01F00C2FFEEFA14FF6E02F604580D6F2F14
:205078001700580AC219325F3C04C2FFC219C2F07607FF1FFC7F3C04C219B01FC2F076037A
:2050980014FFEEFB580D16042B09009F580F6E0D580D16036E0A61FF3CD909A43C0940C467
:2050B8006D004404DA00780FD806BD0F1A803B100600580B3E043B100400FE02580D1603BB
:2050D8006E0F54DFC22F61FF11D96D002F04580B40C48B7F01406D002904DA017812580D17
:2050F8006F0F1680580EA29F3C0F61FF12D9580D40C416028B0F20F2864F8B0F02406D00FC
:205118001504580EC2FF780EFF1FF17F580F6E0861FFFFD809A43C0940C46D000704D806C3
:20513800BCFA40F440C56D00100454DFC23F74DF1D008A013B100600580B3E053B10040072
:205158005F0F9F808F28200058138B7001018B1F03A1BF1022008201DA177FF008008212AD
:2051780058110F021020262F6E02821182F2C2F00F0200F0C6F2F6145811262F6E04581193
:20519800A62F78115811C21F7811EF7F0600DA0078113B2003A05812EE0D54DFC22F61FF08
:2051B800A5D86D00C303580B40C48B7F01406D00BD0361FFAED802A440C46D00B703F68318
:2051D800580D2E2561FF9FD86D00B00358113B8001B054D08F1F00A0428074D03C183B002C
:2051F8000340DF0B1100C2CB02B032500F0A00F0160F8B0F0340DA397F4F0600580B8B6F49
:205218001CF042F440C46D009103C2F8FF18E97F580B40C48BFF00406D0088035808CEF6A9
:205238003BD00240325F78083C033BB0024040C46D007C03580C54D0C22F42F0580C82010A
:2052580010AF34F13BA00010580CC2FF370F68F0780C10AF58084B1F01228B0303F034FFC0
:2052780009A220094B12012289A26009DF02EEFF74D040A440C56D0068031D00E5003B50CE
:20529800060049AF0A0ABE013B5004003E0E3B6006005F0F78003B6004005F0F7400580AE0
:2052B8003FF80400FFDF6F0009A00A08580AAB1F20A076093B700610580B3E143B700410F3
:2052D8007E12C2F861FF25D876063700684049AF0B0A3C033B00034040C46D00270314FF3C
:2052F800EE0B580DAE29768C3B500600580B3E043B5004007E0561FF06D86D001703820BC5
:205318003C1A09F00008F60A580DAE283B500610580B3E143B5004107E1D61FFFAD77605A7
:2053380037006840B01F3C033B00034040C46D00FD02C21B3F8BE77F61FFEBD7580B40C4E4
:205358008FDF0F416D00F202C2FA54DFC21F0EA43BB002403C04325A3BD0024074DF40C4F7
:205378006D00E40261FFC7D78B00034040C46D00DD0261FFC0D78B01034040C46D00D60297
:205398003C6209AA28094EA854DFC21F61FFAED76D00CC023C1954D0C21074D014F47643F9
:2053B800B01F3C033B00034040C46D00BF023B600600580B3E063B6004003E03ABF81F88A5
:2053D800C2FAFF1AEA7F3B600600580B3E063B6004003E0314FF6E02F684580D6F2F34001B
:2053F80061FF97D7580A3BE00240325F3C0854D03B000340C21074D0C2FFC2F840C46D008F
:205418009502768BFF1FF57F3C0861FF82D704F440C46D008B02C2F8768314FFEEF73B6011
:205438000600580B3E0E3B6004003E0B580D2E2B3C0854DFC21F61FF59D76D007702C2F871
:20545800DF08F9FF580EA29F3C0A54D03B00024040C4C21074D06D006902C2FFFF1FF77F80
:2054780000902010404C405D89A68C09DA00780209D40008DF045002DA257E4409D001045A
:205498007E08B01D49A5080A40C46D0048023CF1820A0BAA108809DF01003BD002007E0468
:2054B8008F1A40A13CF93BB002007E07BBF0FE0F26A08F8040A13CF03B0002007E066F3A9F
:2054D800ECFF8F0A41A13CE83B0003007E048F2A40A13CE23B3002007E048F4A40A13CDCF1
:2054F8003BA00200FE03D803B04FF80309F83CF9CE848F1A40A1325809DF01003C0D13A858
:2055180020FF8B0F1D8009DF01008B0F1D0037006800BFA0F6FF3BE002005F0F23808F0AC3
:2055380042A109DF01003BA00200FE05D803B04FF80309F93CF9CE968F1A40F1BBF0FDAF06
:2055580026FA09DF01003C0D13A920FF8B0F1D9009DF01008B0F1D0037006800BFA0F6FF2C
:205578003BC006007E048F0A48A13C1E3B8006007E048F0A44A13C183BC004007E048F0A85
:2055980050A13C123BA006007E04B71A81A43C0C3BA007007E04B71A01A53C063B40070074
:2055B800FE01B71A81A53BC006003E043B8006007E0709D000087E04B71A01A6B01D09DFC4
:2055D80001003B3006005F0F2F808F1A00F1EE0E3C093B00024049A5080A40C46D009F01BB
:2055F800C2F87F890400FF28F67FD80340C449A5080AB04FF80309F03CF9370048406D00FE
:205618008E01DF0F377F3C093B00024049A5080A40C46D008401C2F87F892C7FFF28F67F7E
:205638001DFF28FF3B400600BE013B9006003E0E3BF006003E0B3B8007003E083B80050070
:205658003E053B5007005F0F598082023B4006003E043B9006007E0282123B0008010F0A8D
:2056780080105F0104006F9A05003B8000003C0282403B8000105F100980D80349FF080A5D
:20569800F80309F078F93C15D803B04FF80309F03CF90B0000080B0110483B0004010F0A69
:2056B80080105F010D807628370448000B0000080B0110483C13370468403C0F3B00040001
:2056D8005F010B807626370450000B0000483C06370470403C02F62282056F5A0600BBD0E9
:2056F800FF0F260A3C0282190BFA106889A440090B8910481D00CB003B300700FE066F5A75
:205718000680BBF0FF9F9BF9FF97D8030BA8104840C5029649A6080AB04FF80309F4BCF948
:205738006D00AB021DFFA6FE3B600600BE063B600400BE033B500600BE003B5004003E0D89
:205758003B7006003E0A3B7004003E073B1006003E043B1004007E0DD8038F0A0211AB693C
:205778008091B04FF80302F609F03CF974A03C2C3B200700FE086F6A0800D803B04FF80346
:2057980009F03CFA3C06D803B04FF80309F03CF98F0A02F1EA69DA004BF051F174AF3B6089
:2057B80006603C123B200500FE09D8038F0A02F1EA6949FF080AF80309F478F96DFF2ED4CB
:2057D8003B60066074A20B89104849A5080A02A740C46DFF2BFA1DFF4DFE3B0007005F0F59
:2057F8005D806F8A45006F0A0E80DA113C093B00024049A5080A40C46D009100C2F83F8F38
:20581800F8FFD803A03E49FF080A09FF3FF449A5080A370F684040C46D000001FCE73BA00D
:20583800034049A5080A40C46D007900D803A03E49FF040A09FF3FF449A5080A370F6840EB
:2058580040C46D00EB00FCE7DA113C093B00024049A5080A40C46D006200C2F83F8FF8FFF2
:20587800D80349FF080AF8031DFF04FED8033B8000400245B04FF8038F2A407109F03CF913
:20589800820189A040093B80076049A5080A40C46D00DF001DFFEEFD3BE006005F0F37803C
:2058B8003B0008010F0A80F03E036F9A0E00D803B04FF80309FFBCF909A00809820189F063
:2058D80040091DFFD7FD3B000401260ADA407EAAD803B04FF80309FFBCF95802B4FF1DFF0A
:2058F800C9FD5F0A0B80D803B04FF80309FFBCF9580234FF1DFFBEFDD803B04FF80309FF03
:20591800BCF9580274FF1DFFB5FD910000F6DA1959FF2C1009A20809009037046840545F2F
:20593800C21F745F1D000200D44FBCF440F41D001F05CC414C4280F07FF0068034F4CC41FF
:20595800B01FEC410090404F405C3C06370F684040C46DFFEBFF09FF0100EEF900903BF043
:205978000F00804F1603063F0FF0100082FFC6F0C2F4604F804FB70F02F060F2B014542F08
:20599800260F742F77000004FCF60090804F16033BF00F008F3F00100F10100082F1C610A2
:2059B800C2F4604F8041B7010220095101008F3F0030B0140F3110106022C21F5422160360
:2059D8002602A612742277000004FDF0ED7F0090404F0B4510A849FD160A026840FCDA0058
:2059F80034DF820702860BAB10486DFFFBD323820A0A0B2310A88BA060F2CA708B0003F04F
:205A180089DF3FF48B0220F28B0300F5EEEB04DF24FFEEFE40C200900248404F8FC83F40A5
:205A3800405CDA090B4F2001DA37AB0F83F042F46DFF75FF8FF8000140F4DA0940C50B0F42
:205A58002011DA37AB0F834142041DFF68FF026E2020DA58404F0B4510A8405C027909AC60
:205A7800600982085FEF7300DA643EEDDA693EEBDA6F5FEF6C00DA75BEE4DA785FEF67008A
:205A98001D00ED00D2000B0C50F10B1D00F20BD190F2EE073BD002800BC0C0C00BD1D0D0F9
:205AB8000BCD104840A43BA000606DFF93FFF6B6BA0C8B0D00F4DF0FDF8040A46D007B0466
:205AD800370268C0DF081180DA753EE88F890101DA087E043BB002803C078F8901F18B0F8E
:205AF80001F2AB08A28F768CABFA1FAA8F3900F16E0740F4028440C56DFF11FF82086F09DC
:205B180014808F2900F18B0F20F2864F8B0F02F03C0740F402F440C56DFF01FFC2FA7FAB5F
:205B380004003FACF87F768E40F4028440C56DFFF6FE3C08C2FB61FFD4D36DFFF0FEABFABD
:205B58001FAA3FBCF97F1D008A008BFE268240A48F3820F08B8F00600BCD10486DFF3AFF0F
:205B7800DA78FEE314AF40A26E10092000088BF01BF0370F6810DA193F1F05808B0002F0EF
:205B9800342F092F0104EEF240A46D001404370268F078068B0C20F28B0D00F5EE0AF6B61B
:205BB800DF086A806F296800821BBBB0FFFF26F96F291B006F191300768E61FF92D36DFF54
:205BD800AEFEABFA1FAA40F402E440C56DFFA7FEABFA1FAABBB0FFFF26F9DA6F7EE5580663
:205BF8003FBF0300921B6F29090076875806C22BC22F370F68F078066F0915808F2900F133
:205C18008B0F20F2864F8B0F02C03C0740F402C440C56DFF84FEC2FA7FAB050058063FAF28
:205C3800F77F6F291900DF08170061FF5AD36DFF76FEABFA1FAA40F402E440C56DFF6FFE54
:205C5800ABFA1FAA3C08C2FB61FF4BD36DFF67FEABFA1FAA58063FBFF87FBBF0F74F40A458
:205C7800BBF0FF6F40F5269440C602A59BF6FF671D00030000900248404F025F405C02696F
:205C9800406D6D009803022A6F0819803C083B00024040C440D56DFF42FEC2FF3FFAF97F03
:205CB8003FF9F77F3C0BC2F909F40100DF04110040C440D56DFF33FE8AFFDF09F6FF3C08CA
:205CD8003B00024040C4C2FF40D56DFF28FEEEF90090910000F6D9FF0400D4F2912000561C
:205CF800D955408A01240046015420F4EE0891200056D955C08A014530F4EE0482FF60F21C
:205D18000090F4F400908F141E20009020086D0076036D002C0482146D00D00B82146D0066
:205D380068106D0078031D00B600910000F6D9FF140014FFDF0FAB00910000F6D9FF140086
:205D5800DA0034FF6D00B80A82048205910000F6D9FF3C3009F6C00882476D0088153B0042
:205D780005408205910000F6D9FF3C30082682276D007D153B000A408205910000F6D9FF33
:205D98003C30083682276D00721582043B000150910000F6D9FF3C30084682276D006715E7
:205DB8003B0005403B000150910000F6D9FF3C30085682276D005B153B000A403B000150FF
:205DD800910000F6D9FF3C30086682276D004F1582043B000250910000F6D9FF3C3008868C
:205DF80082576D004415DA0634AF3B8007403B000250910000F6D9FF3C3009F616098247E8
:205E18006D005D14DA0634AF82043B000350910000F6D9FF3C3009F61A0982476D004F142F
:205E3800DA0634AF3B8007403B000350910000F6D9FF3C30488682476D004114DA0634AF10
:205E580082043B000450910000F6D9FF3C30489682476D0034143B8007403B0004509100CC
:205E780000F6D9FF3C3009F66E0882576D00FF14DA0634AF82043B000550910000F6D9FFCA
:205E98003C3048C682476D001A143B803E406D007F181DFF4CFF00906D00E90282046D008D
:205EB800AB096D00B8023C013C000090BD043100B0C4404C54CF910000D6B70F0180D9DD6D
:205ED8003410D4DF74C801C800E654EF6E04AE0342F83CF954F001F000267DC2058042088A
:205EF80074F840FCEE1082046DFFF5FEB04E7DE20A80325802846DFFEEFE802F1EF3DA0016
:205F180074CFD4DF80CF80F00B0F90F174DF00900D00000282046D006F0982046DFF8AD66A
:205F38008278DA010F8F00F0892F28290D00400200800D00000282046D005E0982046DFFB3
:205F580079D6DA0982180FF80080892828290D00400200800D00000282046D004D09821417
:205F78006DFF68D68278DA010F8F00F0892F28290D00400200800D00000282046D003C09DD
:205F980082146DFF57D6DA0982180FF80080892828290D00400200800D00000282046D00E3
:205FB8002B09910000F6D9FF1010D4FF2D0F00000D00400200800D00000282046D001C0911
:205FD80082046DFF7EF2762482046DFF70F282446DFF77F2762482446DFF69F20D00400248
:205FF80000800D00000282046D00060982146DFF68F2762B82146DFF5AF2910000F6D9FF4E
:206018001C10D4FF2D0F000082546DFF5AF2762482546DFF4CF20D00400200800D000002A7
:2060380082046D00E90882346DFF4BF2762B82346DFF3DF2910000F6D9FF1810D4FF2D0F7D
:20605800000082746DFF3DF2762482746DFF2FF20D00400200800D00000282046D00CC08D5
:2060780091000046D9441CD06DFF88D50D00400200800D00000282046D00BE086D00A002B9
:206098000D00400200800D00000282046D00B4080D00400200800D00000282046D00AC08D6
:2060B80091000046D94408F06DFF68D50D00400200800D00000282046D009E08910000F635
:2060D800D9FF1410D4FF2D0F00000D00400200800D00000282046D008F0891000046D94441
:2060F80074006DFF4BD50D00400200800D00000282046D008108910000F6D9FF2010D4FFCC
:206118002D0F00000D00400200800D00000282046D00720891000046D94460206DFF2ED5FD
:206138000D00400200800D00000282046D0064086D002A0B0D0040020080C234B70402F0F6
:206158006E659249DF096300910000F6D9FF341054FFEE1582046DFFBEFD802F325F16032F
:2061780092446DFFB8FD8020DFF051001022F4F291000046B542301082007420D4FC820AB8
:206198003C0310CCB0FC54CF6E036F0FFCFFF4FC3C1DB70801F010CF6F08188054FFEE11DA
:2061B80082046DFF98FD49F4040A7D420F80325802846DFF90FD802F1EF874CA82083C0CC9
:2061D800AE0442F874C840CF40FC54C876856F08E2FF3F98E0FFDF082680BF1918000294FC
:2061F8006DFF79FD802F9EF249CF040A01F220F4EE0D012F30F4EE12802F325F1603102F52
:2062180092446DFF68FD802F5EF3A002009001CF2020802F960174CF40FC01C900F674FA8A
:206238003C0A9A493FF8078001C900F6A29874F83C0202898F1940F174CF49C2040A00906B
:20625800DF043000404FBF842780804F8F3F000180518F3100115F101F802E06C2F4045FFF
:20627800344F494F010A80FF2E16045F24FFC2E4045F24FF8F7400018FD41FF06E0B02F189
:206298004052C2F160160922480189F24801FC6CD05502047646C2F46042045F24FFFC2E9C
:2062B80040420090404FBF852380804F2E05C2F53444494F010A80FF2E1424F4C2E524F4D2
:2062D8008F7500F106D5DF051200D200764A370468008F802010A6108F002110A61002013D
:2062F800C2F5605289F04801FC2E02F57655C2F5605224F4FC2F40420090024F370FE81B17
:206318008F1F1E00DAFF7E17024F7444B70F89FB6E123C0B8FF00150DA7F7FF10900DA0095
:20633800B70F81FFA65F744F02420090DA963FF10A007444DA00B70F81FF8FF00120A6F2A9
:206358000090B704890B8F71012082F38B6109110F1300302630B700890BA652A602744261
:206378006B0231F4B70F812FA6520090024F8204370F68506D00762102F23C0100902010AB
:2063980049A6100AA00FF4AF89A4840982FF780240A46DFF68F8D801DA0034FF0090370474
:2063B8006800044F7E04B0F440420090EEF9A0020090404F044FEEFF01F420F080F2C2F2BF
:2063D80000903C08C2F4044F04506E023E0352020090DF04F9FF82020090404F3C04C2F46B
:2063F800045F24FF7647145FEEFB3C04DA0024FFC2F4DF04FDFF404200906D00ED066D0035
:2064180036006D003F006D00801582046D00F40600904DC0E1FF16073C016E083C01910078
:2064380000F6D9FF381014FF6EFB4DC0E1FF16073C01910000F6D9FF381010FFDA0134FFA7
:206458008218DA003C0B910000F6D9FF381010FF14F0E20837086880C21FBF2FF6FF821444
:206478006D009615DF08EE7F00906DFF38F102246DFF8CF06DFF47F102246DFFCBF00090E4
:20649800910000F6D9FF3C106DFFB1EC68224DC0E1FF8F7F00413C01910000F6D9FF3C1082
:2064B8006DFFE8EB6812910000F6D9FF3C106DFFF3EC74F2910000FFBCF16DFFD5EC913084
:2064D80000FF39FF3506160F4B0F41F14BF251F03C013C01910000F6D9FF3C106CF30090EF
:2064F800404F0258F64791000026D9220C00142FEE023C1F91000026D9220800142F6E03A4
:206518003C013C0091000026D9220800DA00C21F342F6D0055063C0C91100048D94438EBD9
:20653800A00640F502846D0075006D0004003CF500902008DA0074AFDA007801DA0074AF59
:206558003C0FDA0078013C045801C21F780158013BF0FF017FF0FAFF54AFC21F74AF54AF9C
:206578003BF0FF007FF0EFFF0090201849A4000A6D003102910000F8D9FF9086F80249A4BF
:20659800000A6D00EC018204BB00205C9B150050820682076D00D41C91000046D94424300C
:2065B800820491000056D95520203B0004506D008002820482156D00DB1E0090910000F6D0
:2065D800D9FF100014FF6E13820491000046D94420306D00BA1E91000046D944243091003F
:2065F8000056D955203082146D0059030090404676423C0E910000F6D9FF100014FF6E0840
:2066180091100048D94405FB02546D0003000090D9AAE86F404C405D0248406E820089A060
:206638008C08DA00ACA7DA007804DA00ACAADA00ACAB40D46DFFBFFE89A210099100002692
:20665800D9220C20092FC0086E08910000F6D9FF0C20C84F2D0F0000910000F6D9FF100038
:2066780014F0DF007B01910000F6D9FF0C2009FFC008DF0F3F0109A096088CABC21FACAB64
:20669800910000F6D9FF0C20C83F82043700705040C42D0F000040D46DFF8DFE89A2100944
:2066B800910000F6D9FF0C2009F0C208910000F6D9FF0C20086F4BF0010289A094083C0132
:2066D80009DF0008B01DEEFDDA00ACA73C11B0FD09D00008DA2F3E0509D00008DA5C7E050C
:2066F80009AFCE08C21FACA75804C2FF780409AFCE08FF2F05805804FF0FEB7F58040EFCAC
:20671800B01DF4AD49A4180A91100058D9552BDB6DFF37FE3C1709AFCE08EE0BF4AD49A4AE
:20673800180A91100058D95534DB6DFF2AFE3C0AF4AD49A4180A91100058D9552BDB6DFFC6
:2067580020FEDA00ACA63C4CDA00ACA73C2349A4180A6DFF30FE09A0CC088CAA09A1CE08E7
:2067780003F00AF17FF203803C1A09AFCE0810AF49FF184A09A0CC088CAA09A1CE0803F0AC
:206798000AF110A2092F180834FF09AFCE08C21FACA709A0CE088CAA3FF0DB7F09AFCE081B
:2067B80010AF49FF184ADA0034FF910000F6D9FF0C2008708CABE2F08CABC21FACAB91003F
:2067D80000F6D9FF0C20C83F82043700705049A4184A2D0F000009AFCC08C21FACA609A927
:2067F800CC0849A4180A6DFFE6FD8CAA4BF211029A103FF9ABFF74A849A4180A9110005819
:20681800D95501EB6DFFBDFD910000F6D9FF0C20087F09A09608E2F08CABC21FACAB9100F5
:2068380000F6D9FF0C20C83F82043700705049A4180A2D0F0000A00F7DEF5B00DA00ACA6D5
:206858003C4CDA00ACA73C2240E46DFFB4FD09A0CC088CAA09A1CE0803F00AF17FF20380B7
:206878003C1A09AFCE0810AF49FF184A09A0CC088CAA09A1CE0803F00AF110E2092F000860
:2068980034FF09AFCE08C21FACA709A0CE088CAA3FF0DC7F09AFCE0810AF49FF184ADA00DB
:2068B80034FF910000F6D9FF0C20087F09A09608E2F08CABC21FACAB910000F6D9FF0C2068
:2068D800C83F82043700705049A4184A2D0F000009AFCC08C21FACA609A8CC0840E46DFFBD
:2068F8006AFD8CAA4BF211029A103FF8ACFF3C3549A4185A82043B0010506DFFD5FC910048
:2069180000F6D9FF0C20C82F40C42D0F0000A00F7DEF1000F4AD89A8040989AE880949A46F
:20693800185A91100058D9550AEB6DFF2AFD3C0CF4AD89A8040949A4185A91100058D95571
:2069580023EB6DFF1EFD910000F6D9FF0C20C82F49A4185A2D0F00000090910000F6D9FF7E
:206978000C20094FC008B4FF910000F6D9FF0C20094FC208ACF1910000F6D9FF0C20094FD3
:20699800C408ACF2910000F6D9FF0C200C462CF6910000F6D9FF0C200C472CF7910000F6EE
:2069B800D9FF0C2009428809E822910000F6D9FF0C2009428C09E83291000026D9220C2072
:2069D800CC44EC24910000F6D9FF1000DA0134FF0090DA00B44FBBF0FFFFAC41BBF0FFFF56
:2069F800AC42DAFF2C46DAFF2C47A00FEC42A00FEC43A00FEC44009082046D003E1E0090F1
:206A1800404FA00201F2104491100048D94411FB3B5005506DFF66FD820814FF960134FFBE
:206A3800DA006CF2DA006CF3485F6CF4081F82003E0682103E0A8220BE003C17C8148204EA
:206A580048556DFF31FC3C11C8148204485F532F20506DFF29FC3C09C8148204485F534F1F
:206A780020506DFF21FC3C01DA0034FF02823C0100904C43424F6C433C064C430940140964
:206A9800A20F6C434C4509400C097FF0F8FF00904C42424F6C423C064C4209401409A20FE5
:206AB8006C424C45094008097FF0F8FF0090404F024F405C0258A00201F210449110004887
:206AD800D94411FB3B2022506DFF0CFD8202E81C820034F02CF1DA006CF2DA006CF36848C7
:206AF80068583C010090404F405C406D0249A00201F2104491100048D94411FB3B10165022
:206B18006DFFF0FCA00201D2104491100048D94411FB3B2016506DFFE5FC82088200A0026E
:206B38007DC2058082381D00900014FF16036E0574D082681D009F0040F46D009F0054D025
:206B58007F020B8074D28278F62714FFB70F81F134FF1D00900014FF960834FF485F483086
:206B7800520A54D03F0A2B80081F82003E0682103E0C8220BE063C21C812483F102554D43F
:206B980040C46DFF5FFB3C19C812483F532F20F0102554DF532F204040C46DFF53FB3C0D7A
:206BB800C812483F534F20F0102554DF534F204040C46DFF47FB3C013C43081F82003E07E4
:206BD8008210BE0482205F0F27003C3AC812483F102540C402A46DFF35FB01CA0046C815D2
:206BF80054D4A2A46DFF2EFB3C2BC812483F532F20F01025532A204040C46DFF23FB532A03
:206C180020F010C4C81554DFA2AF532F20406DFF19FB3C16C812483F534F20F01025534A7E
:206C3800204040C46DFF0EFB534A20F010C4C81554DFA2AF534F20406DFF04FB3C0114FFC4
:206C5800B70F81F134FFDF09168014F0DA0B7E0382283C1014FF960234FF54D440F46DFF2D
:206C78000AFF484F54D0420F6CF414FFB70F81F034FF02823C010090404FA002012F104404
:206C980091100048D94411FB3B6007506DFF2AFC485F484052023C010090404F405C024881
:206CB800A00201F2104491100048D94411FB3B000B506DFF17FC8209A0027DC20580823900
:206CD8001D00B50014FF16056E0482491D00AF0014FF960434FF484F3F8FA480485F48201B
:206CF800520A7F8A69800810DA003E0882115F012000DA025F0F3E003C5DC812482F10243D
:206D180040C502A46DFF9EFA40F402A46DFFC2FEC812482F102401CA00560BA880406DFF21
:206D380091FA0BA8804040F46DFFB4FE3C43C812482F532F20F01024532A204040C56DFF07
:206D580081FA40F402A46DFFA5FEC812482F532F20F01024532A20F010C55AA8532F20405A
:206D78006DFF70FA0BA8804040F46DFF93FE3C22C812482F534F20F01024534A204040C5EA
:206D98006DFF60FA40F402A46DFF84FEC812482F534F20F01024534A20F010C55AA8534FF0
:206DB80020406DFF4FFA0BA8804040F46DFF72FE3C013C33081F82003E068210BE00822098
:206DD800BE0D3C2BC812482F102440C502846DFF39FA40F402846DFF5DFE3C1FC812482F8D
:206DF800532F20F010245328204040C56DFF2AFA40F402846DFF4EFE3C10C812482F534F94
:206E180020F010245348204040C56DFF1BFA40F402846DFF3FFE3C01484FA28F6CF43C028F
:206E3800825914FFB70F01F134FF02923C0100902058404C0B451088A00F01FC1044911073
:206E58000048D944D10B3B301C506DFF4BFB0290A00F7DCF04801D0088004B083121820172
:206E78004B180110370161F06E05DA2D34CFB01C3C0E3708E8FBBA0F6E0ADA3034CFB01C2E
:206E9800DA2E34CFB01CDA3034CF3C6E4B0241F16B0F31F83C06C2F07B0012144B1F41F0FA
:206EB800DF00FBFF4B0F31418206534620F010AFDA0A4BF2010274F19A16370F6860DA0AFA
:206ED8004BF20122DF02F3FF3C189AF6534F20F010AF54F00E079AF6534F20F010AF54FF65
:206EF8003C079AF6534F20F010AF54FF325F8B0F03F034CFB01CC2F6DF06E9FFDF09350054
:206F18008202DA2E34CFB01CF644DA3034CF3C2C3C0F534220F010AFDA0A4BF4010268C151
:206F38009A12370F6820DA0A4BF40142C2F9DF09F2FF3C189AF2534F20F010AF48CF0EF758
:206F58009AF2534F20F010AF48CF3C079AF2534F20F010AF48CF325F8B0F03F034CFB01CC1
:206F7800C2F2DF02E9FF0090404FA002012F104491100048D944D10B3B5018506DFFB2FA4A
:206F98008202820382047B00F853A0027DF203803C5209F00008DA2D7E048212B01F3C0633
:206FB80009F00008DA2B7E02B01F3C0C7B00120409F100088B011D104B0141116B03613132
:206FD800B01F09F00008DA303FF0070009F00008DA397F0FED7F09F00008DA2E5F0F27805D
:206FF800B01F3C107B0012F409F000088B001D004B0041016BF461407B0012F44BF5415055
:20701800B01F09F00008DA303FF00F0009F00008DA393F0F0A003B80B2F69BEFE6F44BF5CD
:2070380001F06F0FE1FF4B5451406B04213376236733BF3F02323C010090404FA002012F63
:20705800104491100048D944D10B3B6021506DFF49FA40F46DFFAFF982018203A0027DF2C6
:2070780003803C43DF03340009F00008DA613FF00C0009F00008DA663F0F070009F00008D2
:207098008B901AF03C2009F00008DA413FF00C0009F00008DA463F0F070009F000088B906E
:2070B8001CF03C1109F00008DA303FF00C0009F00008DA393F0F070009FF00088B0F1DF0F9
:2070D8003C023C130641160FA6F13C0B09F00008DA307E0709F00108DA787E03B01F8213F8
:2070F800B01F022FC2F2EEBB02123C010090404FA002012F104491100048D944D10B3B4028
:2071180005506DFFEFF982008202A0027DF203803C2209F10008DA2D7E148210B01F3C0678
:2071380009F10008DA2B7E12B01F3C09DA0A09F100088B011D1003F20A21B01F09F10008FC
:20715800DA303FF1070009F10008DA397F1FF07F760232523C0100902010404C0248A00F36
:2071780001FC104491100048D944D10B3BC00C506DFFB8F9DA00A00F7DCF03803C1FF68423
:20719800DA3034CF3C1B3C0E10AF3BA000004B08110234F1C21F370F68F03BA000004B0857
:2071B8001182DF08F3FF3C0910AF09F03FF88B00030034C0B01CC2FFEEF800906D000C0019
:2071D8006D00D40F6D00E10F6D00030F82046D00130000904DC0E2FF370FE1F78B0F20F21D
:2071F8003C010D00400300003C013C018B0F00223C010090F6430D00000300902010404F4F
:20721800821440F46D002C00C2F2370268F049A4000A40F502F46DFFE2F810AFDA0034FF7A
:2072380049A4000A6DFFA2FE3C0100902010404F821440F46D001400C2F2370268F049A42A
:20725800000A40F502F46DFFCAF810AFDA0034FF49A4000A6DFF4DFF3C0100900248404F92
:2072780082093BA0004040F46DFF9BF882008202A0047D240800802080F1A210C2103700FE
:207298006800DA003C1410F2092100083BC002305F310580C219370968905F890680C21F6C
:2072B800370F68203C06C21F370F68F03F0FEDFF3C01009020088208911000F8D9FFFD0BF5
:2072D80049FF000A49A2000AA04404FF242FFC4E910000F6D9FF1C0014FFDF1F46809100E8
:2072F80000F6D9FF1C00DA0234FF91000046D94408903BA002406DFF54F8B01249A4020A61
:20731800822440256DFF6BF849A4000A6DFF97FE37026800910000F6D9FF0890081182222E
:207338003C0A910000F6D9FF089001F200F614FFC6F1C212910000F6D9FF089001F200F691
:2073580014F3DA2A5F3FEFFF5F01050082181D00B20091000046D944089091000056D9550F
:207378003C306D000903910000F6D9FF1C00DA0034FF910000F6D9FF180014FFDF1F45803B
:20739800910000F6D9FF1800DA0234FF91000046D94408703BA002406DFF03F8B01249A4B0
:2073B800020A822440256DFF1AF849A4000A6DFF46FE37026800910000F6D9FF08700811E8
:2073D80082223C0A910000F6D9FF087001F200F614FFC6F1C212910000F6D9FF087001F283
:2073F80000F614F3DA2A5F3FEFFF5F01040082183C6191000046D944087091000056D955CC
:207418003C306D008302910000F6D9FF1800DA0034FF910000F6D9FF240014FFDF1F458019
:20743800910000F6D9FF2400DA0234FF91000046D94408B03BA002406DFFB3F7B01249A414
:20745800020A822440256DFFCAF749A4000A6DFFF6FD37026800910000F6D9FF08B00811A9
:2074780082223C0A910000F6D9FF08B001F200F614FFC6F1C212910000F6D9FF08B001F262
:2074980000F614F3DA2A5F3FEFFF5F01040082183C1191000046D94408B091000056D9553B
:2074B8003C306D007803910000F6D9FF2400DA0034FF02823C0100902098911000F8D9FF56
:2074D800DB2B49FF000A49A2000AC5041B0004FF242FFC4E911000F8D9FFF72B49FF000ADE
:2074F80049A21C0AA0A404FF242FFC4E911000F8D9FFC23B49FF000A49A2270AA0A404FF5C
:20751800242FFC4E911000F8D9FFCD3B49FF000A49A2320AA0A404FF242FFC4E911000F847
:20753800D9FFD83B49FF000A49A23D0AA0A404FF242FFC4E911000F8D9FFC21B49FF000A40
:2075580049A2081AA0A404FF242FFC4E911000F8D9FFCD1B49FF000A49A2131AA0A404FF18
:20757800242FFC4E911000F8D9FFD81B49FF000A49A21E1AA0A404FF242FFC4E911000F800
:20759800D9FFE31B49FF000A49A2291AA0A404FF242FFC4E911000F8D9FFEE1B49FF000ACD
:2075B80049A2341AA0A404FF242FFC4E911000F8D9FFF91B49FF000A49A23F1AA0A404FF34
:2075D800242FFC4E911000F8D9FFC42B49FF000A49A20A2AA0A404FF242FFC4EDF1404004A
:2075F800DF14AD8091000046D9443060820491000056D95530403B0008506DFF5AFA3B40F6
:207618001F406D00C50C8234BB00205C9B1500503B5001603BE000706D009214823449A49B
:20763800000A3BC001506D0013183B800C406D00AF0C823449A4270A3BB000506D00081879
:207658003B2003406D00A40C823449A41C0A3BB000506D00FD173B2003406D00990C82346C
:2076780049A4320A3BB000506D00F2173B2003406D008E0C823449A43D0A3BB000506D00E1
:20769800E7173B2003406D00830C823449A4081A3BB000506D00DC173B2003406D00780C4B
:2076B800823449A4131A3BB000506D00D1173B2003406D006D0C823449A41E1A3BB00050B8
:2076D8006D00C6173B2003406D00620C823449A4291A3BB000506D00BB173B2003406D0064
:2076F800570C823449A4341A3BB000506D00B0173B2003406D004C0C823449A43F1A3BB065
:2077180000506D00A5173B2003406D00410C823449A40A2A3BB000506D009A173B200340B2
:207738006D00360C910000F6D9FF2000DA0134FF823482156D001C163C25DF242480910070
:207758000046D9443060820491000056D95530403B0008506DFFADF98234BB00205C9B15D1
:2077780000503B5001603BE000706D00E913910000F6D9FF2000DA0134FF823482156D007A
:20779800F71500902010DA0089AF0609910000F6D9FF200014FFDF0FB8003C0A910000468F
:2077B800D944306049A50A0A82146DFF78FA823449A40A0A6D00C915DF02F2FF0CAA3BA029
:2077D80000005F0FA280DA0689AF060991000046D944306049A5000A49A6060A82146DFF5D
:2077F80084F949A4030A91100058D955CF2B82346DFFE9F5DF022480910000F6D9FF1C00D9
:2078180014FF9E2C910000F6D9FF1C00DA0134FF91000046D94430606DFF30FA89A2060996
:2078380091000046D944306091000056D955089049A6060A82046DFF58F93C5A49A4030A2D
:2078580091100058D955D32B82346DFFBCF5DF022480910000F6D9FF180014FF9E2C9100AE
:2078780000F6D9FF1800DA0134FF91000046D94430606DFF03FA89A2060991000046D944E1
:20789800306091000056D955087049A6060A82046DFF2BF93C2D49A4030A91100058D95514
:2078B800D72B82346DFF8FF5DF022380910000F6D9FF240014FF9E2C910000F6D9FF2400A1
:2078D800DA0134FF91000046D94430606DFFD6F989A2060991000046D9443060910000561E
:2078F800D95508B049A6060A82046DFFFEF891000046D94430606DFF85F8910000F6D9FFD7
:207918001400DA0134FF0090404C405F8208822440C46DFFA5FC01C20026092F0008370FC2
:207938006800DA2C5F0F2500827440C46DFF98FC01C200466DFF7CFC89F22E083B9000408B
:2079580040C46DFF8DFC01C200D63BB0004040C46DFF86FC01C200C640D46DFF51FC022FD9
:2079780040C46DFF4DFC6B0221FF6CFC821802823C010090404C405F8208822440C46DFF8B
:207998006FFC01C20026092F0008370F6800DA413E04DA445F0F9C808218DA012CF8824429
:2079B80040C46DFF5DFC01C20026092F000889FF1E08826440C46DFF53FC01C20026092F49
:2079D800000889FF1F08823440C46DFF49FC01C200466DFF15FC0229825440C46DFF40FC3A
:2079F80001C200466DFF0CFC4B093101DA644BF00102A85009FFCA08534F26F04B0F41F1DA
:207A18006B0F31394B0331F1ACF609FFCC084B0F61F16B0F31F3BB0000089BB05B044B0F6B
:207A380041F04B0F31F1ACF74B023101DA644BF00102A88009FFD008534F26F04B0F41F197
:207A58006B0F31124B0131F1ACF909FFD2084B0F61F16B0F31F1BB0000089BB05B044B0F4D
:207A780041F04B0F31F1ACFA09FFCA084B0F61F17B0027044B0351006B0021FF89FF16099E
:207A980009FFD0084B0F61F17B0027044B0151006B0021FF89FF1A09827440C46DFFE0FB88
:207AB80001C200466DFFACFBBBD0CCFC9BCFFEF34BF241F06CF83B80004040C46DFFD0FBDC
:207AD80001C200466DFF9CFB68923C03DA002CF809CF07088B0F1D00DA0A09C108088B0163
:207AF8001D1003F00AF12CF409CF09088B0F1D00DA0A09C10A088B011D1003F00AF12CF50B
:207B180009CF0B088B0F1D00DA0A09C10C088B011D1003F00AF12CF63B90004040C46DFFA5
:207B38009FFB01C20026092F00088B0F1D00DA0A01C20026092101088B011D1003F00AF10C
:207B58002CF301C20026092F02088B0F1D00DA0A01C20026092103088B011D1003F00AF163
:207B78002CF201C20026092F04088B0F1D00DA0A01C20026092105088B011D1003F00AF140
:207B98001B0F7DF0B4FF40F46D00290002823C010090404F405C8208822440F46DFF60FB12
:207BB80001F20026092F0008370F6800DA41FE00DA0189CF2808821440F46DFF51FB01F2B5
:207BD80000466DFF1DFB89C22A0982183C04DA0089CF280802823C0100900C448B8F00F05E
:207BF8002C440C443B7001007FF045800C448B8F1EF02C440C43C21F2C430C42DE283BC0F7
:207C180001200940C00882414B100102F6170940C008DA644BF00102F6180940C0083B0005
:207C380019104B100102F612C2123C113BF001200C421E4B0C421E6909404208DA093E05EB
:207C580009404208DA0B7E033BE001200C437FF21280DA012C430C42C21F2C420C42BFDFB2
:207C78000A800C428B4F1FF02C42094FC008C21FB44F0090910000F6D9FF001009FFC008EA
:207C9800532F20406DFF5BF2402C910000F6D9FF340014FFEE13DA006E093B201E406D00A7
:207CB800A809B042DA04742F3C093B201E406D00A009B0427B4000F0742F82048205910096
:207CD80000F6D9FF001009FFC008C2FF370F7060910000F6D9FF380009FFC008C2FF370F99
:207CF80070706D006B0382003C0E532020F010CF91000026D9222800092FC008B4FFC21024
:207D180037007000910000F6D9FF001009FFC0083FF0EDFFDA003C0D910000F6D9FF0010B8
:207D380009F4C00840C46D009606C21F370F70F0910000F6D9FF380009F0C0083F0FEEFF3F
:207D5800910000F6D9FF340014FFEE13DA016E093B201E406D004D09B042DA04742F3C09DE
:207D78003B201E406D004509B0427B4000F0742F40C46DFF9DF00090201849A4000A6DFF0F
:207D98002AF6DA01B4AF910000F6D9FF001009FFC008ACA1910000F6D9FF380009FFC0087A
:207DB800ACA2910000F6D9FF300014FF82003E0682103E0982203E0C3C0CDA062CA6DA0854
:207DD8002CA73C07DA082CA6DA102CA73C023C01911000F8D9FF56F8F803910000F8D9FF6E
:207DF800CC27F80449A4000A6DFFB9F500902010DF045580910000F6D9FF3400DA0034FF53
:207E1800910000F6D9FF0C103B101EF0B4FF910000F6D9FF04103B401EF0B4FF910000F68D
:207E3800D9FF08103B201EF0B4FFDAD3B4AFDAD9ACA23B3019F0ACA482248205BB00706889
:207E58009B3639603BE00C706D00DA093B001E408215820682376D004609910000F6D9FF2D
:207E78000C1094F48215820682376D003C09910000F6D9FF081094F48215821682376D0068
:207E98003209910000F6D9FF041094F48215821682376D0028091D008500910000F6D9FF0D
:207EB8003400DA0134FF910000F6D9FF0C103B001EF0B4FF910000F6D9FF04103B401EF0F5
:207ED800B4FF910000F6D9FF08103B201EF0B4FF3B001E408215820682376D0004099100C8
:207EF80000F6D9FF041094F48215820682376D00FA08910000F6D9FF081094F4821582168B
:207F180082376D00F0083B301E408215820682376D00E9083B501E408215820682376D00FE
:207F3800E2083B101E408215821682376D00DB083B9016408215821682376D00D4083BA031
:207F580016408215821682376D00CD083BB016408215821682376D00C6083BC0164082153D
:207F7800821682376D00BF083B001A408215821682376D00B8083B101A408215821682372D
:207F98006D00B1083B201A408215821682376D00AA083B301A408215821682376D00A30822
:207FB800910000F6D9FF2C0014F46D00DC01910000F6D9FF3C0009F4C008910000F6D9FF0D
:207FD800280009F5C0086D00C301DA016E14910000F6D9FF041094F46D000B08B04282100E
:207FF800910000F6D9FF041094FF161F0FF0100074203C14910000F6D9FF041094F46D00D3
:20801800F807B0427B100000910000F6D9FF041094FF161F0FF010007420DA006E14910001
:2080380000F6D9FF0C1094F46D00E307B0428210910000F6D9FF0C1094FF161F0FF0100089
:2080580074203C14910000F6D9FF0C1094F46D00D007B0427B100000910000F6D9FF0C10E5
:2080780094FF161F0FF01000742082546D009007DA016E14910000F6D9FF0C1094F46D00D6
:20809800B807B0428210910000F6D9FF0C1094FF161F0FF0100074203C14910000F6D9FFF0
:2080B8000C1094F46D00A507B0427B100000910000F6D9FF0C1094FF161F0FF01000742088
:2080D8003B8007406D006407910000F6D9FF340014FFEE13DA006E093B201E406D00890700
:2080F800B042DA04742F3C093B201E406D008107B0427B4000F0742F3B1001406D00B30511
:208118003B8007406D0044073B6003406D00AB05910000F6D9FF2C0014FF82003E0882109A
:208138003E0A82203E0D8230BE003C1482046D0030053C103B000C406D002B053C0B3B0018
:2081580007406D0026053C063B000A406D0021053C013BA003406D00860582546D0019051A
:208178003B200B406D007F053BC000406D0011053BC000406D000D0582046D000A053B306B
:2081980003406D0006053B3003406D0002053B700B406D0068053B5003406D00FA043BB0F6
:2081B8000B406D0060053B9002406D00F2043B200C406D00580582146D00EB043B300C4000
:2081D8006D0051053B9001406D00E3043B400C406D0049053B0002406D00DB043B500C4042
:2081F8006D0041053BA001406D00D3043B600C406D0039053BF001406D00CB043B000D4092
:208218006D0031053B400A406D00C3043B100A406D00BF043B000E406D0025053B000D403D
:208238006D00B7043B8000406D00B3043BE000406D00AF043B9000406D00AB043B90004032
:208258006D00A70482546D00A4043B1003406D00A0043B3003406D009C043B8004406D003D
:2082780098043B7001406D0094043B4001406D0090043B5001406D008C043B1003406D00D8
:2082980088043B4003406D0084043B100E406D00EA043B000D406D007C043B8000406D00B6
:2082B80078043BE000406D0074043B9000406D0070043B9000406D006C043B5001406D00DD
:2082D80068043B1003406D0064043B3003406D0060043B8004406D005C043B7001406D0013
:2082F80058043B4001406D0054043B5001406D0050043B1003406D004C043B4003406D0086
:2083180048043B1002406D00AE043B9002406D00AA04910000F6D9FF340014FFEE13DA01A3
:208338006E093B201E406D006406B042DA04742F3C093B201E406D005C06B0427B4000F041
:20835800742F6DFF99FC6DFF19FD0090910000F6D9FF3C00B4F4910000F6D9FF2800B4F5DC
:208378000090910000F6D9FF2C0034F4DA003E48DA013E46DA02BE42DA03BE403C1D910042
:2083980000F6D9FF0010DAF0B4FF910000F6D9FF38003B0014F0B4FF3C0F910000F6D9FF37
:2083B80000103B0014F0B4FF910000F6D9FF3800DAF0B4FF3C010090024F0B561088027AFC
:2083D800910000F6D9FF001009F0C0080B0F304191100048D944E33B3BA014506DFF82F089
:2083F800910000F6D9FF380009F0C0080B08304191100048D944E33B3BB014506DFF72F048
:20841800910000F6D9FF001009F0C0080B09304191100048D944E33B3BC014506DFF62F04E
:20843800910000F6D9FF380009F0C0080B0A304191100048D944E33B3BD014506DFF52F005
:208458003BA002406D000F0402F46D00700202946D006D023BB002406D00050402846D008A
:20847800660202A46D0063023BC002406D00FB03009049AA00CA0B451088026A910000F634
:20849800D9FF001009F0C0080B08304191100048D944E33B3BE025506DFF24F0910000F6DC
:2084B800D9FF380009F0C0080B09304191100048D944E33B3BF025506DFF14F0910000F693
:2084D800D9FF340014FFEE13DA006E093B201E406D008F05B042824074203C093B201E4013
:2084F8006D008705B0427B4000F0742F910000F6D9FF300014F0DA003E09DA015F0F4C00E2
:20851800DA025F0FC2001D00C1009A58370F70609A79370F70700B8910486DFF4FFF8200F0
:208538003C318B0A1EF0536F20F0911000F8D9FF39FB10FF01F000F614F182023C206F0151
:208558001000DA0603F20AF0532F20F010AF91000026D9223C00092FC008B4FF3C0EDA0608
:2085780003F20AF0532F20F010AF91000026D9222800092FC008B4FF86F1C212BF82E1FFAA
:20859800C210BF60D0FF49A4000A3B0003406D0062023C7B9A78370F70608BF900F0370F24
:2085B80070700B8910486DFF09FF82033C648B0A1E00530021F0911000F8D9FF618B10FFBB
:2085D80001F300F614F08B0A1E10530121F0911000F8D9FF618B10FF01F300F60884820108
:2085F8003C206F001000DA0803F10A23532220F010AF91000026D9223C000922C008B4F2BA
:208618003C0EDA0803F10A23532220F010AF91000026D92228000922C008B4F286F0C211F5
:20863800BF81E1FF82003C246F041200DA0803F00A138B0104F0532F20F010AF9100002621
:20865800D9223C00092FC008B4FF3C10DA0803F00AF38B0F04F0532F20F010AF9100002664
:20867800D9222800092FC008B4FF86F4C210BF80DDFFC213BF839DFF49A4000A3B00084078
:208698006D00E9013C023C01910000F6D9FF340014FFEE13DA016E093B201E406D00A90424
:2086B800B042DA04742F3C093B201E406D00A104B0427B4000F0742F009020180B4510882F
:2086D8000B6710A809AC5808910000F6D9FF001009F0C0080B08304191100048D944E33B6B
:2086F8003BA032506DFFFEEE910000F6D9FF380009F0C0080B09304191100048D944E33BAC
:208718003BB032506DFFEEEE82000BB0304191100048D944E33B3BC032506DFFE3EEDA081E
:208738000BBF504191100048D944E33B3BD032506DFFD8EEDA000BCF304191100048D944B8
:20875800E33B3BE032506DFFCDEEDA060BCF504191100048D944E33B3BF032506DFFC2EEE7
:208778007B00F8D349A4000A82043B1001506DFF9BED49A4000A3B0002401ACB92256DFF12
:2087980093ED3C067B0012F44BFD41D0C2FBFF1BFBFF4B0A31F14B0D31014B0F01024B00AB
:2087B80041F16BDF714A49A4000A02C56DFF42F349A4000A0B8910486D00030000900B45D8
:2087D8001088404C910000F6D9FF001009FFC0080BF8304191100048D944E33B3BB02B5020
:2087F8006DFF80EE910000F6D9FF380009FFC0080BF9304191100048D944E33B3BC02B5011
:208818006DFF70EE820A3C2C910000F6D9FF300014F0DA003E07DA01BE0282215F011D0015
:208838003C1C8260030A0AF8370F704001CA00F609F6000802956DFF1EFE3C0FDA0803FAD0
:208858000AF8370F704001CA00F609F6000802956DFF11FE3C023C01C21A370A70A001CABB
:2088780000F609FF0008EED1009020100B4510A80269027C910000F6D9FF001009FFC0082B
:208898000BFA304191100048D944E33B3B0030506DFF28EE910000F6D9FF380009FFC00882
:2088B8000BFB304191100048D944E33B3B1030506DFF18EEDA000BCF304191100048D9449D
:2088D800E33B3B2030506DFF0DEEDA0A0BCF504191100048D944E33B3B3030506DFF02EE66
:2088F800DA0149A4000A82043BC000506DFFDCEC49A4000A3B00024002C56DFFD5ECFFAC76
:208918000A803C0453AF20F0C2FCFF1CFDFF4BF9118249A4000A02946DFF20F449A4000AB3
:208938000BAB10486DFF4DFF00900248910000F6D9FF340014FFEE07822402856D003B0A05
:208958001D008800DA006E093B201E406D005103B042824074203C093B201E406D00490390
:20897800B0427B4000007420DA016E093B301E406D003F03B042DA08742F3C093B301E404F
:208998006D003703B0427B8000007420DA006E093B501E406D002D03B042DA20742F3C09EC
:2089B8003B501E406D002503B0427B0002F0742F8F883F406D000A02DA016E093B501E40D5
:2089D8006D001703B042DA20742F3C093B501E406D000F03B0427B0002F0742FDA006E0969
:2089F8003B501E406D000503B042DA20742F3C093B501E406D00FD02B0427B0002F0742FD6
:208A18008FF80F416D00E201DA016E093B501E406D00EF02B042DA20742F3C093B501E40C1
:208A38006D00E702B0427B0002F0742FDA016E093B201E406D00DD02B042DA04742F3C09B7
:208A58003B201E406D00D502B0427B4000F0742F0090404F024891000026D9223400142F2F
:208A7800EE08822440F402856D00DE091D009000DA006E093B201E406D00BB02B042DA0482
:208A9800742F3C093B201E406D00B302B0427B4000F0742FDA016E093B301E406D00A90288
:208AB800B042DA08742F3C093B301E406D00A102B0427B8000F0742F3C55DA006E093B501C
:208AD8001E406D009602B042DA20742F3C093B501E406D008E02B0427B0002F0742F09F462
:208AF800C00886846D007201DA016E093B501E406D007F02B042DA20742F3C093B501E40C6
:208B18006D007702B0427B0002F0742FDA006E093B501E406D006D02B042DA20742F3C096B
:208B38003B501E406D006502B0427B0002F0742F09FFC0088FFF0F416D004801DA016E09A8
:208B58003B501E406D005502B042DA20742F3C093B501E406D004D02B0427B0002F0742FD5
:208B7800B02F028FC2F8EEAADA016E093B201E406D003F02B042DA04742F3C093B201E40F1
:208B98006D003702B0427B4000F0742F00900248910000F6D9FF340014FFEE068224028536
:208BB8006D008A093C5EDA006E093B201E406D002002B042DA04742F3C093B201E406D008C
:208BD8001802B0427B4000F0742FDA016E093B301E406D000E02B042DA08742F3C093B3064
:208BF8001E406D000602B0427B8000F0742FDA006E093B501E406D00FC01B042DA20742FD7
:208C18003C093B501E406D00F401B0427B0002F0742F02846D00DA00DA016E093B501E40A2
:208C38006D00E701B042DA20742F3C093B501E406D00DF01B0427B0002F0742FDA016E0969
:208C58003B201E406D00D501B042DA04742F3C093B201E406D00CD01B0427B4000F0742F14
:208C780000900248910000F6D9FF340014FFEE2BDA006E093B001E406D00BB01B042DA0163
:208C9800742F3C093B001E406D00B301B0427B1000F0742F822402856D000E09DA016E0907
:208CB8003B001E406D00A501B042DA01742F3C093B001E406D009D01B0427B1000F0742F87
:208CD8001D008300DA006E093B201E406D009101B042DA04742F3C093B201E406D0089016B
:208CF800B0427B4000F0742FDA006E093B101E406D007F01B042DA02742F3C093B101E40D6
:208D18006D007701B0427B2000F0742FDA016E093B301E406D006D01B042DA08742F3C0984
:208D38003B301E406D006501B0427B8000F0742FDA006E093B501E406D005B01B042DA2010
:208D5800742F3C093B501E406D005301B0427B0002F0742F02846D003900DA016E093B505E
:208D78001E406D004601B042DA20742F3C093B501E406D003E01B0427B0002F0742FDA0183
:208D98006E093B201E406D003401B042DA04742F3C093B201E406D002C01B0427B4000F041
:208DB800742FDA016E093B101E406D002201B042DA02742F3C093B101E406D001A01B04294
:208DD8007B2000F0742F0090911000F8D9FF946AC8628F9420F0911000F8D9FF946AC86F4B
:208DF80054F0B7008404A60F742F911000F8D9FF946AC88286C4911000F8D9FF946AC88FB7
:208E180054FFB70F04F0A6F47424009000900D00000282046DFFF0F19100004F82046DFF27
:208E3800D3DC910000F6D9FF2410DA0034FF0D00400200800D00000282046DFFDDF1C5F474
:208E5800004082046DFFC0DC910000F6D9FF2810DA0034FF0D004002008002484DC0E1FF82
:208E780016073C01370F48404DC0E20F3700E1078B0020F23C013C01EE0D6DFFC3DC09204F
:208E980010093C013C014C243C01A20F3F8FFDFF3C3A82FF5F4F3700DA003E44DA01BE4AE4
:208EB8003C32910000F6D9FF2410DA0134FF6DFF93F185FF100042F8A5F8300002246DFF6E
:208ED8009BF13C01910000F6D9FF241014FFEEFB3C1A910000F6D9FF2810DA0134FF6DFFBB
:208EF8007BF185FF1040428FA5FF304002246DFF83F13C01910000F6D9FF281014FFEEFB5F
:208F18003C023C01009020104DC0E2FF370FE1F78B0F20823C010D00400300003C013C01AF
:208F3800820034A0DA002CA2DA1F2CA3DA002CA1DA017801DADCACA4DA002CAA9100004FC2
:208F580049A5000A6DFF89DC9100004F82046DFF3BDCDA0034AFDA002CA2DA1F2CA3DA0040
:208F78002CA1DA017801DADDACA4DA012CAAC5F4004049A5000A6DFF70DCC5F400408204D8
:208F98006DFF22DC76830D0000030090024FBB00C4097FF017803C0A3B0080429BB4E64E11
:208FB8006DFF5DFFBB00C409A20FBB00C4093FF0F5FF3B50C3400654E2F46DFF50FF3C0731
:208FD8003B50C3400654E2F46DFF49FF0090DA003C0C534F2000600F9140003F30F3D93FD9
:208FF800D438820074F0C21FBF4FF57F0090BB00FEFF26F4DA005F4F3200DA405F4F3400EC
:209018003B0014F05F4F35003B0016F05F4F36003B001AF05F4F37003B001CF05F4F38009A
:209038003B001EF05F4F39003B0028F05F4F3A003B002AF05F4F3B003B002CF05F4F3C002E
:209058003B002EF05F4F3D003B0040F05F4F3E003B0042F05F4F3F003C429140002FD9228A
:20907800000A3C3E9140002FD922008A3C399140002FD922000B3C349140002FD922004B9E
:209098003C2F9140002FD92200CB3C2A9140002FD922400B3C259140002FD922404B3C2098
:2090B8009140002FD922000C3C1B9140002FD922004C3C169140002FD922008C3C119140FC
:2090D800002FD92200CC3C0C9140002FD922008D3C079140002FD92200CD3C023C013C01EF
:2090F80000900B451088026AF69DDA003E74DA023E743C05DA003C05DA083C03DA103C0123
:209118003C08DA043E723C03DAC03C03DA803C0102846DFF6EFF8FF80141402402F56DFFC7
:209138007EC602846DFF65FF8FF80141820540246DFFA7C6DF19198076AC02846DFF59FFF3
:209158008FF801F182100FF01000892004093C0C02846DFF4EFF8FF801F17B1000000FF09D
:209178001000892004090090911000F8D9FFBC4AD4F46DFF4ABD911000F8D9FFBC4AC8246C
:209198006DFF43BD009020389100014F6DFFF5C3910001FF19FF00C0AE1F9100014F8204C1
:2091B800BB0068599B85B9546DFFBDC59100014F82246DFF9DC549A4000A9100015F6DFF57
:2091D80055C582083C1982093C13370868F02CA4370948F02CA549A4240A49A5000A6DFF75
:2091F800A4C449A4240A82146DFF6EC5C219DA083FF9ED7FC218BF48E87F009049AA20BA99
:209218000B4510880B6710A809ACA04809ADA44809AEA848DA644BFB01020B0800419110C2
:209238000048D944CD4B3BB03D506DFF5BE9DA644BFC01020B08004191100048D944CD4B77
:209258003BC03D506DFF4EE9DA644BFD01020B08004191100048D944CD4B3BD03D506DFFCC
:2092780041E93B3019F03EEEDA644BFE01020B08004191100048D944CD4B3B003E506DFFDB
:2092980031E9910000F6D9FF18D0B4FE370848406DFF42C8402CB4AE49A4103A49A5283A11
:2092B8000B8B10480BCD10686D00900149A4040A40C56DFF72CCDA002CA4BB00C2FB9BEF04
:2092D800C3F47805DA002CAC49AF103AF80949A4300A49A5040A6DFF3ACA49A4303A49A575
:2092F800300A6DFF16CA4B0A61F1783DDA003E99DA01BE93DA02BE9EDA035F9F27003C31F0
:2093180009AF7838B70F81F189AF383809AF7838961089AF38383C2509AF7838B70F81F136
:2093380089AF383809AF7838B70F01F289AF38383C1809AF7838960889AF383809AF78383A
:20935800961089AF38383C0D09AF7838960889AF383809AF7838B70F01F289AF38383C01AA
:2093780009AF7838962089AF383809A0F838DA0837F006F389AFB83809AF7938B70F01F2EA
:2093980089AF393809A2E83989A2CC493B3019F07EE609AF7838960489AF383849A43C1A3B
:2093B80049A5303A6DFFC3C83B3019F05FEF2D80D83CD4FFC8AF09FF5108B70F01F389FFD6
:2093D800110882048205820640C46DFFEEC7910000F6D9FF18D03B3019F0B4FFDA003E8894
:2093F800DA013E89DA023E8ADA033E8B3C0D3B2001E03C0A3B8007E03C073BE00DE03C0471
:209418003B4014E03C01DA0509C0560837F003F289CF1608534820F0910000F6D9FF08D00E
:2094380010FF4CC674FF534820F0910000F6D9FF08D010FF534820F091000026D92208D05A
:209458001022092FC208B77F85F3ACF1534820F0910000F6D9FF08D010FF534820F0910048
:209478000026D92208D01022142FB71F03F234FF534820F0910000F6D9FF08D010FF5348DC
:2094980020F091000026D92208D01022142FB71F83F034FF534820F0910000F6D9FF08D047
:2094B80010F2534820F0910000F6D9FF08D010FF081FB71F03F12C21534820F0910000F631
:2094D800D9FF08D010FF534820F091000026D92208D01022092FC008B71F83F3B4FF5348B4
:2094F80020F0910000F6D9FF08D010F2534820F0910000F6D9FF08D010FF082F96202C22DF
:20951800534820F0910000F6D9FF08D010F2534820F0910000F6D9FF08D010FF082FB70F61
:2095380081F12C22534820F0910000F6D9FF08D010F2534820F0910000F6D9FF08D010FF7E
:20955800082FB70F01F32C22534820F0910000F6D9FF08D010F2534820F0910000F6D9FFC6
:2095780008D010FF082FB71F03F02C22534820F0910000F6D9FF08D010F2534820F091007E
:2095980000F6D9FF08D010FF081FB71F83F22C21534820F0910000F6D9FF08D010F25348C0
:2095B80020F0910000F6D9FF08D010FF0830DA664BFE0122DA064BF301229AD2370F68F00E
:2095D80037F004F22C2300900B67108894AF404F405C3B80000089F014083B00080028C084
:2095F8003B0008002840820089F01508820089C005083B00080089C0040882005F400D00F2
:2096180082105F40C20082205F408B0182305F4087021D00CF03F65791100028D922AC8A62
:20963800F4F23C12DF15088091100028D922BC8AF4F23C0A820491100048D944CD4B3B202D
:2096580004506DFF4FE7DF68088091100028D9228C8AE8223C12DF78088091100028D92258
:209678009C8AE8223C0A820491100048D944CD4B3B6004506DFF36E73BC000005F09088055
:2096980091100028D922BC7AE8423C0A820491100048D944CD4B3B9004506DFF23E73B20B4
:2096B80001007E07911000F8D9FF8C9AF4CF3C6A3B8001007E07911000F8D9FFB49AF4CF49
:2096D8003C613BE001007E07911000F8D9FF88AAF4CF3C583B4002007E07911000F8D9FFC7
:2096F8009CAAF4CF3C4F3BA002007E07911000F8D9FFB0AAF4CF3C463B0003007E079110E8
:2097180000F8D9FF84BAF4CF3C3D3B6003007E07911000F8D9FF98BAF4CF3C343BC00300D0
:209738007E07911000F8D9FFACBAF4CF3C2B3B2004007E07911000F8D9FF80CAF4CF3C22CB
:209758003B8004007E07911000F8D9FF94CAF4CF3C193B0006007E07911000F8D9FFA09A55
:20977800F4CF3C103B3019007E04A00FF4CF3C0A820491100048D944CD4B3B7005506DFFF4
:20979800B1E61D0017033B6006005F05088091100028D922B8DAF4F23C143B7006005F05B5
:2097B800088091100028D92288EAF4F23C0A820491100048D944CD4B3BF005506DFF92E69F
:2097D8003BC006005F08088091100028D92288DAE8223C1E3BD006005F080880911000282E
:2097F800D92298DAE8223C143BE006005F08088091100028D922A8DAE8223C0A82049110BD
:209818000048D944CD4B3B4006506DFF6BE63B2007005F09088091100028D922A8CAE84273
:209838003C143B3007005F09088091100028D922B8CAE8423C0A820491100048D944CD4B04
:209858003B8006506DFF4EE63B8007007E07911000F8D9FF98EAF4CF3C613BE007007E07FE
:20987800911000F8D9FFACEAF4CF3C583B4008007E07911000F8D9FF80FAF4CF3C4F3BA056
:2098980008007E07911000F8D9FF94FAF4CF3C463B0009007E07911000F8D9FFA8FAF4CF40
:2098B8003C3D3B6009007E07911000F8D9FFBCFAF4CF3C343BC009007E07911000F8D9FF9A
:2098D800D00AF4CF3C2B3B200A007E07911000F8D9FFE40AF4CF3C223B800A007E07911017
:2098F80000F8D9FFF80AF4CF3C193BE00A007E07911000F8D9FFCC1AF4CF3C103B301900D2
:209918007E04A00FF4CF3C0A820491100048D944CD4B3B5007506DFFE5E51D004B023BC0D4
:209938000C005F05088091100028D922E03AF4F23C323BD00C005F05088091100028D9221E
:20995800F03AF4F23C283BE00C005F05088091100028D922C04AF4F23C1E3BF00C005F05BF
:20997800088091100028D922D04AF4F23C143B000D005F05088091100028D922E04AF4F22B
:209998003C0A820491100048D944CD4B3BF007506DFFA8E53B200D005F080880911000282A
:2099B800D922F02AE8223C1E3B300D005F08088091100028D922C03AE8223C143B400D000F
:2099D8005F08088091100028D922D03AE8223C0A820491100048D944CD4B3B4008506DFF7F
:2099F80081E53B800D005F09088091100028D922E02AE8423C323B900D005F090880911062
:209A18000028D922E01AE8423C283BA00D005F09088091100028D922F01AE8423C1E3BB06E
:209A38000D005F09088091100028D922C02AE8423C143BC00D005F09088091100028D9222D
:209A5800D02AE8423C0A820491100048D944CD4B3BB008506DFF46E53BE00D007E079110B8
:209A780000F8D9FFF04AF4CF3C583B400E007E07911000F8D9FFC45AF4CF3C4F3BA00E0099
:209A98007E07911000F8D9FFD85AF4CF3C463B000F007E07911000F8D9FFEC5AF4CF3C3D7F
:209AB8003BC00F007E07911000F8D9FFC06AF4CF3C343B2010007E07911000F8D9FFD46A92
:209AD800F4CF3C2B3B8010007E07911000F8D9FFE86AF4CF3C223BE010007E07911000F8C7
:209AF800D9FFFC6AF4CF3C193B4011007E07911000F8D9FFD07AF4CF3C103B3019007E0417
:209B1800A00FF4CF3C0A820491100048D944CD4B3B7009506DFFE6E41D004C013B201300BF
:209B38005F05088091100028D922E4AAF4F23C323B3013005F05088091100028D922C4AADF
:209B5800F4F23C283B4013005F05088091100028D922D4AAF4F23C1E3B5013005F0508801D
:209B780091100028D922F4AAF4F23C143B6013005F05088091100028D922C4BAF4F23C0A2D
:209B9800820491100048D944CD4B3B100A506DFFA9E43B8013005F08088091100028D922EA
:209BB800C49AE8223C323B9013005F08088091100028D922D49AE8223C283BA013005F08F5
:209BD800088091100028D922E49AE8223C1E3BB013005F08088091100028D922F48AE82206
:209BF8003C143BC013005F08088091100028D922F49AE8223C0A820491100048D944CD4BBA
:209C18003B800A506DFF6EE43BE013005F09088091100028D922E47AE8423C323BF0130043
:209C38005F09088091100028D922C48AE8423C283B0014005F09088091100028D922D48A1B
:209C5800E8423C1E3B1014005F09088091100028D922E48AE8423C143B2014005F0908800E
:209C780091100028D922F47AE8423C0A820491100048D944CD4B3BF00A506DFF33E43B4003
:209C980014007E08911000F8D9FFD4BAF4CF1D0090003BA014007E08911000F8D9FFE4CA0F
:209CB800F4CF1D0086003BB014007E07911000F8D9FFF8CAF4CF3C7C3B0015007E0791107E
:209CD80000F8D9FFCCDAF4CF3C733B1015007E07911000F8D9FFE0DAF4CF3C6A3B6015005B
:209CF8007E07911000F8D9FFF4DAF4CF3C613BC015007E07911000F8D9FFC8EAF4CF3C5819
:209D18003B2016007E07911000F8D9FFDCEAF4CF3C4F3B8016007E07911000F8D9FFF0EA0F
:209D3800F4CF3C463BE016007E07911000F8D9FFC4FAF4CF3C3D3BF016007E07911000F846
:209D5800D9FFD8FAF4CF3C343B4017007E07911000F8D9FFECFAF4CF3C2B3B6018007E073E
:209D7800911000F8D9FFE8BAF4CF3C223BC018007E07911000F8D9FFFCBAF4CF3C193B2065
:209D980019007E07911000F8D9FFD0CAF4CF3C103B3019007E04A00FF4CF3C0A820491100E
:209DB8000048D944CD4B3B100C506DFF9BE33C0100900B451088370848406DFFADC253488B
:209DD80020F0910000F6D9FF08D010FF54F082013710010089202019BB00F00F26908680AE
:209DF800892024193C01092F42181607EEFD534820F0910000F6D9FF08D010FF54FF8210B8
:209E1800370F01F0892F20198FF90FF1892F24193C01092F41186F3FFE7FBBF0FFFF892F2B
:209E3800141900900248404C0259370848406DFF73C2534820F0910000F6D9FF08D010FFC3
:209E580054F08201371001008920201909C0C008BB00F01F26108680892024193C01092F07
:209E780042181607EEFDDF190F80534820F0910000F6D9FF08D010FF54FF8210370F01F0D4
:209E9800892F201909CFC00816FFB02C892F24193C01092F42181607EEFDC2F9DF09D8FFE2
:209EB8003C01092F41186F3FFE7FBBF0FFFF892F14190090024F0258370F48406DFF2CC2A0
:209ED800534F20F0910000F6D9FF08D010FF54FF8210370F01F0892F2019892824193C013A
:209EF800092F42181607EEFD3C01092F41186F3FFE7FBBF0FFFF892F14190090A002DA001D
:209F18003E48DA013E4BDA023E4EDA03BE413C1591000026D9221CD03C1091000026D9220E
:209F380008F03C0B91000026D92274003C0691000026D92260203C013C01009020200B4596
:209F580010A80B7610884DC0E2FF370FE1F78B0F20C23C010D00400300003C013C01370A48
:209F780048406DFFECB191000046D9444C4040256DFFAFB502A46D00250202A46D00B40280
:209F9800910000F6D9FF4C40DA0889FF2C08910000F6D9FF4C40DA04ACF4910000F6D9FF58
:209FB8004C404B0B61F16CF1910000F6D9FF4C40DA072CFAA00FF4AFA00FF80449A4180AFA
:209FD80049A5080A0BA9104802866D002800DA102CACDA8089AF1C08DA0089AF1D08910000
:209FF80000F6D9FF4C4049A2000AE8A202A46DFF87FF91000056D9554C4040246DFF2FB385
:20A01800820502A46D00B401820502A46D00F60202CF6E030D0000030090DA003E4CDA0126
:20A038005F4F4000DA025F4FC600DA035F4F27011D008901F658910000F8D9FF183080FFFA
:20A05800744F3C1CDF150980910000F8D9FF283080FF744F3C13DF250980911000F8D9FF08
:20A078006CAA80FF744F3C0ADF350980911000F8D9FF7CAA80FF744F3C01F668910000F890
:20A09800D9FF382080FF745F3C0ADF160980910000F8D9FF083080FF745F3C011D005401C8
:20A0B800DF450980911000F8D9FF6CCA80FF744F3C49DF550980911000F8D9FF7CCA80FF7A
:20A0D800744F3C40DF650980911000F8D9FF4CDA80FF744F3C37DF750980911000F8D9FFC2
:20A0F8005CDA80FF744F3C2EDA087E58911000F8D9FF6CDA80FF744F3C25DA097E589110FA
:20A1180000F8D9FF7CDA80FF744F3C1CDA0A7E58911000F8D9FF4CEA80FF744F3C13DA0B90
:20A138007E58911000F8D9FF5CEA80FF744F3C0ADA0C7E58911000F8D9FF6CEA80FF744F2D
:20A158003C01DF460980911000F8D9FF4CBA80FF745F3C2EDF560980911000F8D9FF5CBA84
:20A1780080FF745F3C25DF660980911000F8D9FF6CBA80FF745F3C1CDF360980911000F8CE
:20A19800D9FF7CBA80FF745F3C13DF760980911000F8D9FF4CCA80FF745F3C0ADF2609806D
:20A1B800911000F8D9FF5CCA80FF745F3C011D00CB00DA0D7E58911000F8D9FF8C0A80FF36
:20A1D800744F3C2EDA0E7E58911000F8D9FF9C0A80FF744F3C25DA0F7E58911000F8D9FF92
:20A1F800AC0A80FF744F3C1CDA107E58911000F8D9FFBC0A80FF744F3C13DA117E5891100D
:20A2180000F8D9FF8C1A80FF744F3C0ADA127E58911000F8D9FF9C1A80FF744F3C01DA0BDB
:20A238007E68911000F8D9FF7CEA80FF745F3C25DA097E68911000F8D9FF4CFA80FF745FC4
:20A258003C1CDA0A7E68911000F8D9FF5CFA80FF745F3C13DA0C7E68911000F8D9FF6CFAB9
:20A2780080FF745F3C0ADA087E68911000F8D9FF7CFA80FF745F3C013C66DA137E589110EA
:20A2980000F8D9FFAC2A80FF744F3C37DA147E58911000F8D9FFBC2A80FF744F3C2EDA1595
:20A2B8007E58911000F8D9FF8C3A80FF744F3C25DA167E58911000F8D9FF9C3A80FF744F87
:20A2D8003C1CDA177E58911000F8D9FFAC3A80FF744F3C13DA187E58911000F8D9FFBC3A30
:20A2F80080FF744F3C0ADA197E58911000F8D9FF8C4A80FF744F3C01DA0E7E68911000F8C8
:20A31800D9FFAC1A80FF745F3C1CDA0F7E68911000F8D9FFBC1A80FF745F3C13DA0D7E6859
:20A33800911000F8D9FF8C2A80FF745F3C0ADA107E68911000F8D9FF9C2A80FF745F3C01B0
:20A358003C023C010090404F82086DFFD9FDD424094F5208161F3C016E07D424821440F52B
:20A378006DFF76B0821802823C0100900258910000F6D9FF4C40D4FF370448406DFFDFAF73
:20A3980091000046D9444C4040256DFFA2B340F46DFF45B0370868F06E03DA013C02DA006F
:20A3B80009F0431837F001F289FF031876850C2196042C213C050C21B70F01F12C21009062
:20A3D800DA003E4CDA015F4F2B00DA025F4F4900DA035F4F67001D008600910000F6D9FF86
:20A3F8004C4091000026D92220E0E8C2910000F6D9FF4C4091000026D92238D0E8E291005D
:20A4180000F6D9FF4C40DA0189FFAE08910000F6D9FF4C40DA0189FFB4083C64910000F680
:20A43800D9FF4C4091000026D9224C00E8C2910000F6D9FF4C4091000026D92224F0E8E27D
:20A45800910000F6D9FF4C40DA0189FFAE08910000F6D9FF4C40DA0189FFB4083C439100C6
:20A4780000F6D9FF4C4091000026D9227810E8C2910000F6D9FF4C4091000026D922501089
:20A49800E8E2910000F6D9FF4C40DA0189FFAE08910000F6D9FF4C40DA0189FFB4083C226E
:20A4B800910000F6D9FF4C4091000026D9226430E8C2910000F6D9FF4C4091000026D9220C
:20A4D8007C20E8E2910000F6D9FF4C40DA0189FFAE08910000F6D9FF4C40DA0189FFB408F0
:20A4F8003C010090DA003E4BDA015F4F2600DA025F4F4000DA035F4F5A003C75910000F67E
:20A51800D9FF4C40DA0A89FFA008910000F6D9FF4C40DA0B89FFA208910000F6D9FF4C40BE
:20A53800DA0C89FFA408910000F6D9FF4C40DA0089FF26083C61910000F6D9FF4C40DA0DFF
:20A5580089FFA008910000F6D9FF4C40DA0E89FFA208910000F6D9FF4C40DA0F89FFA408A6
:20A57800910000F6D9FF4C40DA0089FF26083C44910000F6D9FF4C40DA1089FFA008910032
:20A5980000F6D9FF4C40DA1189FFA208910000F6D9FF4C40DA1289FFA408910000F6D9FFC2
:20A5B8004C40DA0089FF26083C27910000F6D9FF4C40DA1389FFA008910000F6D9FF4C4011
:20A5D800DA1489FFA208910000F6D9FF4C40DA1589FFA408910000F6D9FF4C40DA0089FFE8
:20A5F80026083C0A820491100048D944F44B3BC006506DFF77DF00900258910000F6D9FFA8
:20A618004C40D4FF370448406DFF99AE91000046D9444C4040256DFF5CB240F46DFF0CAF93
:20A63800370868F06E03DA013C02DA0009F0431837F081F389FF031876850C2196042C2166
:20A658003C050C21B70F01F12C210090404F025F6DFF56FCD42440F502F46DFFEFAF009074
:20A67800200834A56DFF4CFCD42449A5000A82146DFFE4AF00900248404F3C0909FF0008CA
:20A69800B01F370F685002846DFFECFF09FF0008EEF60090000600F000B503F002000000D4
:20A6B80090000000000600F000B503F00300000090000000000700F000B503F00100000021
:20A6D80000000000000700F000B503F00500000001000000000700F000C003F0090000000A
:20A6F80002000000000700F000B103F00A00000004000000000700F000D303F00D000000CD
:20A7180005000000000700F000A203F00300000006000000000700F000A203F002000000F9
:20A7380090000000000700F000B103F00C00000090000000000700F000B503F0000000009B
:20A7580090000000000700F000B503F00100000090000000000700F000B503F0040000007E
:20A7780090000000000700F000B503F00500000090000000000700F000C003F00A00000049
:20A7980090000000000700F000D303F00C00000090000000000700F000D303F00D000000EE
:20A7B80090000000000800F000B403F00300000000000000000800F000A203F001000000C1
:20A7D80001000000000800F000B003F00600000003000000000800F000D303F008000000F6
:20A7F80004000000000800F000A203F00000000006000000000800F000A203F0000000001D
:20A8180090000000000800F000B003F00500000090000000000800F000B403F002000000BF
:20A8380090000000000800F000B403F00300000090000000000800F000D303F00800000078
:20A8580090000000000800F000D303F00900000090000000000900F000B503F00700000051
:20A8780000000000000900F000C003F00300000002000000000900F000A003F00100000082
:20A8980004000000000900F000C103F00600000005000000000900F000A003F00000000058
:20A8B80098000000000900F000A003F00100000090000000000900F000B503F00600000024
:20A8D80090000000000900F000B503F00700000090000000000900F000C003F000000000EC
:20A8F80090000000000900F000C003F00300000090000000000900F000C103F007000000BD
:20A9180090000000000600F000000000000700F001000000000800F002000000000900F0AE
:20A9380003000000002A00F000000000002B00F001000000000081F800000000000083F8D2
:20A958000100000000000000000000000000000000000000000000000000000000000000DE
:20A97800000000000000010000010F00010F000000000000000000000000000000A003F00B
:20A998000000000000A203F00200000000B003F00A00000000B103F00B00000000B303F006
:20A9B8000D00000000B403F00E00000000B503F00F00000000C003F01400000000C103F08B
:20A9D8001500000000C203F01600000000C303F01700000000D203F02000000000D303F007
:20A9F80021000000001C00F000C003F00C00000000000000001C00F000C003F00C00000088
:20AA1800A0000000001C00F000C003F00E00000098000000001C00F000C003F00B0000004F
:20AA380098000000001C00F000C003F00D000000A8000000001C00F00000000000C003F033
:20AA58000800000098000000001C00F00D00000000B503F00000000098000000001C00F0D9
:20AA78000100000000C003F00900000098000000001C00F00200000000C003F00D0000009B
:20AA980098000000001C00F00300000000B103F00A00000098000000001C00F004000000A1
:20AAB80000B103F00B00000098000000001C00F00500000000B103F00200000098000000E8
:20AAD800001C00F00600000000C003F00A00000098000000001C00F00700000000D303F01E
:20AAF8000500000090000000001C00F00800000000C003F00600000098000000001C00F038
:20AB18000900000000C003F00300000098000000001D00F000B003F0010000000000000015
:20AB3800001D00F000B103F00300000001000000001D00F000B003F0010000009000000007
:20AB5800001D00F000B003F00300000098000000001D00F000B103F0090000009800000040
:20AB7800001D00F000B003F00200000098000000001D00F000B103F0060000009800000024
:20AB9800001D00F00000000000C003F008000000A0000000001D00F00100000000C003F074
:20ABB80009000000A0000000001D00F00200000000C003F00D000000A0000000001D00F058
:20ABD8000300000000B103F00A000000A0000000001D00F00400000000B103F00B0000004C
:20ABF800A0000000001D00F00500000000B103F002000000A0000000001D00F00600000032
:20AC180000D303F00A00000090000000001D00F00700000000D303F0050000009800000045
:20AC3800001D00F00800000000B003F00400000098000000001D00F00900000000B003F0EF
:20AC580005000000A0000000001E00F000B503F00400000000000000001E00F000B503F0C7
:20AC78000700000001000000001E00F000C103F00200000002000000001E00F000C103F02C
:20AC98000300000002000000001E00F000B503F00200000004000000001E00F000B303F027
:20ACB8000300000098000000001E00F000B503F00500000098000000001E00F000B503F0D8
:20ACD8000600000098000000001E00F000B303F00000000098000000001E00F000B303F0BE
:20ACF8000100000098000000001E00F000B503F00300000098000000001E00F000B503F09C
:20AD180006000000A8000000001E00F000B503F00800000098000000001E00F00000000009
:20AD380000B503F00200000098000000001E00F00100000000B403F0020000009800000069
:20AD5800001E00F00200000000B403F00600000098000000001E00F00300000000B403F0CE
:20AD78000300000098000000001E00F00500000000B503F00100000098000000001E00F0BE
:20AD98000600000000D303F00D000000A0000000001E00F00700000000C003F00A00000050
:20ADB800A0000000001E00F00800000000C003F006000000A0000000001E00F00900000055
:20ADD80000C003F003000000A0000000001F00F000A203F00500000000000000001F00F04D
:20ADF80000D303F00D00000003000000001F00F000C203F00100000004000000001F00F08D
:20AE180000C103F00200000005000000001F00F000C103F00300000005000000001F00F085
:20AE380000C203F003000000A0000000001F00F000A203F00600000098000000001F00F051
:20AE580000B003F00600000098000000001F00F000C203F00000000098000000001F00F02E
:20AE780000D303F00C00000098000000001F00F000C203F000000000A0000000001F00F0DD
:20AE980000C203F001000000A0000000001F00F000A203F00700000098000000001F00F0F2
:20AEB80000C203F00300000098000000001F00F000D303F00B00000098000000001F00F0A3
:20AED8000000000000A203F00400000098000000001F00F00B00000000D303F00A0000003F
:20AEF80098000000001F00F00C00000000C203F00200000098000000001F00F00D0000001C
:20AF180000C303F00100000098000000001F00F00100000000A203F000000000980000008D
:20AF3800001F00F00100000000D303F00900000098000000001F00F00200000000A203F0DC
:20AF58000100000098000000001F00F00200000000D303F00800000098000000001F00F0BA
:20AF78000300000000A203F00200000098000000001F00F00400000000A203F003000000DC
:20AF980098000000001F00F00500000000A203F00800000090000000001F00F006000000AB
:20AFB80000A003F00800000090000000001F00F00700000000A003F009000000900000000C
:20AFD800001F00F00700000000D303F00700000098000000001F00F00800000000B003F024
:20AFF8000500000098000000001C00F000000000001D00F001000000001E00F00200000072
:20B01800001F00F003000000040017B7D138000000000000030017B7D13800000000000051
:20B03800020017B7D1380000000000000300000020B00080013B050017B75139120112020C
:20B05800FF0F3F0312221402FFFFFF0F020000000F000000010000000F0000000000000011
:20B078003F000000000000003F000000D5140000FF7F0000002D3101000000F00000000084
:20B09800000100F0010000004E414E006E616E00494E4600696E66004D656D6F7279206D6C
:20B0B800616E6167656D656E74206572726F722C204C6F63617465206661756C7473207497
:20B0D80068726F75676820646562756767696E67002E2E2F6C69627261726965732F696EB1
:20B0F80066696E656F6E5F6C69627261726965732F694C4C442F54433236422F54726963F8
:20B118006F72652F4370752F547261702F4966784370755F547261702E63004163636573D0
:20B1380073696E6720616E206E756C6C20616464726573732C204C6F636174652066617576
:20B158006C7473207468726F75676820646562756767696E6700496E737472756374696F63
:20B178006E204572726F722C204C6F63617465206661756C7473207468726F756768206427
:20B198006562756767696E6700436F6E74657874206D616E6167656D656E74206572726F55
:20B1B800722C204C6F63617465206661756C7473207468726F75676820646562756767699A
:20B1D8006E67004D656D6F727920616363657373206661696C757265206F72205573652001
:20B1F800616E20756E696E697469616C697A6564207065726970686572616C2C204C6F6319
:20B21800617465206661756C7473207468726F75676820646562756767696E670043707518
:20B2380020417373657274696F6E206572726F722C204C6F63617465206661756C74732061
:20B258007468726F75676820646562756767696E67000002020202020202020203010101F1
:20B2780001020202020202020202020202020202020202044040404040404040404040408D
:20B29800404040202020202020202020204040404040404088888888888808080808080876
:20B2B8000808080808080808080808080808404040404040909090909090101010101010C6
:20B2D800101010101010101010101010101040404040020000000000000000000000000074
:20B2F800000000000000000000000000000000000000000000000000000000000000000036
:20B31800000000000000000000000000000000000000000000000000000000000000000015
:20B338000000000000000000000000000000000000000000000000000000000000000000F5
:20B358000000000000000000000000000000000000000066696C653A2025730066696C65A3
:20B378003A206D646B2F2573006C696E653A202564000D0A66696C65202573206C696E6596
:20B398002025643A2025732E0D0A000D0A66696C65202573206C696E652025642E0D0A0090
:20B3B800417373657274206572726F72004C6F67206D657373616765002E2E2F6C6962725E
:20B3D80061726965732F7A665F636F6D6D6F6E2F7A665F636F6D6D6F6E5F6669666F2E63BF
:20B3F800000000000000000000002F000000000700070000147F147F1400242A7F2A1200B5
:20B41800626408132300364955225000000503000000001C224100000041221C00001408A8
:20B438003E08140008083E0808000000A060000008080808080000606000004020100804D8
:20B4580002003E5149453E0000427F4000004261514946002141454B31001814127F100003
:20B478002745454539003C4A49493000017109050300364949493600064949291E0000365E
:20B49800360000000056360000000814224100001414141414000041221408000201510913
:20B4B8000600324959513E007C1211127C007F49494936003E41414122007F4141221C00EC
:20B4D8007F49494941007F09090901003E4149497A007F0808087F0000417F41000020401C
:20B4F800413F01007F08142241007F40404040007F020C027F007F0408107F003E4141410D
:20B518003E007F09090906003E4151215E007F091929460046494949310001017F01010001
:20B538003F4040403F001F2040201F003F4038403F0063140814630007087008070061518B
:20B5580049454300007F414100020408102040000041417F00000402010204004040404075
:20B5780040000001020400002054545478007F4844443800384444442000384444487F00A6
:20B59800385454541800087E0901020018A4A4A47C007F080404780000447D40000040806D
:20B5B800847D00007F102844000000417F4000007C04180478007C0804047800384444445B
:20B5D8003800FC242424180018242418FC007C0804040800485454542000043F4440200048
:20B5F8003C4040207C001C2040201C003C4030403C004428102844001CA0A0A07C004464F3
:20B61800544C4414141414141400000000000000000000000000000000000000F8000000BE
:20B6380000000000333000000000100C06100C0600000000000000000040C07840C078401B
:20B6580000043F04043F040400007088FC08300000001820FF211E0000F008F000E01800BE
:20B678000000211C031E211E0000F00888700000001E2123241927211010160E00000000FA
:20B69800000000000000000000000000E018040200000000071820400000020418E0000017
:20B6B800000040201807000000404080F0804040000202010F01020200000000F0000000FA
:20B6D800000101011F01010100000000000000000080B0700000000000000000000000008D
:20B6F8000000010101010101010000000000000000003030000000000000000000806018D3
:20B7180004006018060100000000E010080810E000000F102020100F00001010F800000008
:20B73800000020203F20200000007008080888700000302824222130000030088888483003
:20B75800000018202020110E000000C02010F8000000070424243F240000F808888808087C
:20B77800000019212020110E0000E0108888180000000F112020110E0000380808C8380831
:20B79800000000003F000000000070880808887000001C222121221C0000E010080810E0A4
:20B7B800000000312222110F00000000C0C00000000000003030000000000000800000007C
:20B7D80000000080600000000000008040201008000001020408102000404040404040407A
:20B7F80000040404040404040000081020408000000020100804020100007048080808F01E
:20B81800000000003036010000C030C828E810E0000718272423140B000000C038E000006D
:20B8380000203C23020227382008F8888888700000203F202020110E00C0300808080838C0
:20B8580000071820202010080008F808080810E000203F202020100F0008F88888E8081043
:20B8780000203F20202320180008F88888E8081000203F200003000000C0300808083800E4
:20B898000007182020221E020008F808000008F808203F210101213F20000808F8080800C5
:20B8B800000020203F2020000000000808F8080800C08080807F00000008F888C02818084A
:20B8D80000203F20012638200008F8080000000000203F20202020300008F8F800F8F8084B
:20B8F80000203F003F003F200008F830C00008F808203F200007183F00E01008080810E066
:20B91800000F10202020100F0008F808080808F000203F210101010000E01008080810E0E6
:20B93800000F18242438504F0008F8888888887000203F2000030C302000708808080838F3
:20B95800000038202121221C00180808F8080818000000203F2000000008F808000008F828
:20B9780008001F202020201F000878880000C83808000007380E010000F80800F80008F893
:20B9980000033C0700073C0300081868808068180820302C03032C30200838C800C83808E5
:20B9B800000000203F2000000010080808C83808002038262120201800000000FE020202C5
:20B9D800000000007F40404000000C30C000000000000000010638C00000020202FE000011
:20B9F80000004040407F0000000000040202020400000000000000000000000000000000E2
:20BA1800008080808080808080000202040000000000000000000000000000808080800006
:20BA3800000019242222223F2008F8008080000000003F112020110E0000000080808000BD
:20BA580000000E112020201100000000808088F800000E112020103F2000008080808000F0
:20BA780000001F222222221300008080F0888888180020203F202000000000808080808015
:20BA980000006B94949493600008F8008080800000203F210000203F200080989800000045
:20BAB800000020203F20200000000000809898000000C08080807F000008F80000808080C0
:20BAD80000203F24022D302000000808F8000000000020203F202000008080808080808005
:20BAF80000203F20003F20003F8080008080800000203F210000203F200000808080800092
:20BB180000001F202020201F00808000808000000080FFA12020110E0000000080808080D0
:20BB380000000E112020A0FF80808080008080800020203F2120000100000080808080802E
:20BB5800000033242424241900008080E0808000000000001F2020000080800000008080B2
:20BB780000001F202020103F20808080000080808000010E300806010080800080008080F1
:20BB9800800F300C030C300F0000808000808080000020312E0E3120008080800000808096
:20BBB8008080818E701806010000808080808080000021302C2221300000000000807C02E1
:20BBD8000200000000003F404000000000FF00000000000000FF0000000002027C8000008E
:20BBF800000040403F00000000000601010202040400000000000000002E2E2F6C69627226
:20BC180061726965732F7A665F636F6D6D6F6E2F7A665F636F6D6D6F6E5F66756E63746922
:20BC38006F6E2E63003078000000F1D906010300F00300FD15F1D906010300F00400FE1720
:20BC5800F1D906010300F00600001BF1D906010300F00700011DF1D906010300F008000230
:20BC78001FF1D906010300F040003A8FF1D906010300F020001A4F524D430047474100546E
:20BC9800485300F1D906421400000A05006400000060EA0000D0070000C8000000B8EDF1D9
:20BCB800D906010300F00001FB10F1D906010300F00501001AF1D906010300F00100FB11D8
:20BCD800F1D906010300F00200FC132E2E2F6C69627261726965732F7A665F6465766963B6
:20BCF800652F7A665F6465766963655F6970733230302E63002E2E2F6C6962726172696546
:20BD1800732F7A665F6472697665722F7A665F6472697665725F7370692E63002E2E2F6C71
:20BD380069627261726965732F7A665F6472697665722F7A665F6472697665725F756172FF
:20BD5800742E630000A60160248E0080248E0080248E0080248E0080248E0080002D310166
:1BBD7800FFFF400100F8F000E401E201E10100010000000000000001000101DB
:20BD9400010000000000006074BD00800400000001000000040000605CBD00800400000077
:20BDB400010000000800006086BD008001000000010000000C00006087BD00800100000010
:20BDD400010000001000006088BD008001000000010000001400006089BD008001000000DC
:20BDF40001000000180000608ABD008001000000010000001C0000608BBD008001000000A8
:20BE140001000000200000608CBD00800100000001000000240000608DBD00800100000073
:20BE3400010000002800006078BD008002000000010000002C0000608EBD00800100000055
:20BE540001000000300000608FBD008001000000010000003400006090BD0080010000000D
:20BE740001000000380000607ABD008002000000010000003C0000607CBD00800200000004
:20BE940001000000400000607EBD008002000000010000004400006080BD008002000000CC
:20BEB400010000004800006082BD008002000000010000004C00006084BD00800200000094
:20BED400010000005000006060BD008014000000010000006400006091BD00800100000058
:20BEF400010000006800006092BD008001000000020000006C000060000000000E000000B9
:20BF1400020000007C000060000000006500000002000000E400006000000000760200000C
:20BF3400020000005C030060000000004100000002000000A00300600000000025000000C1
:20BF540002000000C80300600000000041000000020000000C0400600000000025000000C8
:20BF74000200000034040060000000004100000002000000780400600000000025000000CF
:20BF940002000000A0040060000000004100000002000000E40400600000000025000000D7
:20BFB400020000000C050060000000004000000000000000000000000000000000000000BA
:02000004800278
:2000000000000000700059B30000000000000000000000000000000064B81E799B47E18668
:02000004800F6B
:0A414000910000E8D9EE1E26DC0E07
:0A416000910000E8D9EE0A26DC0EFB
:0A418000910000E8D9EE2E16DC0EC7
:0A41A000910000E8D9EE1E26DC0EA7
:0A41C000910000E8D9EE0A36DC0E8B
:0A41E000910000E8D9EE2E26DC0E57
:0A420000910000E8D9EE1E26DC0E46
:0A422000910000E8D9EE0446DC0E20
:0A424000910000E8D9EE2836DC0EEC
:0A426000910000E8D9EE1E26DC0EE6
:0A428000910000E8D9EE3E46DC0E86
:0A42A000910000E8D9EE2246DC0E82
:0A43C000910000E8D9EEE8C5DC0E1C
:0A43E000910000E8D9EECAD5DC0E0A
:0A440000910000E8D9EEECD5DC0EC7
:0A442000910000E8D9EECEE5DC0EB5
:0A450000910000E8D9EECEF5DC0EC4
:0A452000910000E8D9EEFAF5DC0E78
:0A456000910000E8D9EE3406DC0EED
:0A478000910000E8D9EEF0E5DC0E30
:0A5B8000911000E8D9EEE688DC0E73
:0A5BA000911000E8D9EECC98DC0E5D
:20600000910000F8D9FF5EB10D00000202F4DC0F0000000000000000000000000000000020
:20602000910000F8D9FF7C910D00000202F4DC0F0000000000000000000000000000000002
:20604000910000F8D9FF5A810D00000202F4DC0F0000000000000000000000000000000014
:20606000910000F8D9FF78610D00000202F4DC0F00000000000000000000000000000000F6
:20608000910000F8D9FF56510D00000202F4DC0F0000000000000000000000000000000008
:2060A000910000F8D9FF74310D00000202F4DC0F00000000000000000000000000000000EA
:2060C000910000F8D9FF42E10D00000202F4DC0F000000000000000000000000000000004C
:1260E000910000F8D9FF40D10D00000202F4DC0F0090BC
:040000058000002057
:00000001FF
