:0200000480007A
:2000000000000000700059B30000000000000000000000000000000064B81E799B47E18668
:0C002000910000F8D9FFEA80DC0F00908E
:200030000F05D011174580010B00D0010F00B02142218B0101110F2010006B0500200090C2
:200050003256FF0626003B00FEFF3FF617000F6510308B0602601745802600903256FF0693
:2000700018003B00FEFF3FF60F000F6500308B060260174580260090A2F63705C13F0F656B
:2000900010200090A2F682030F6500200090DA207FF60700174580360F6400200090A2F60C
:2000B00082020F6400300090000600F000B403F00100000000000000000600F000B503F03D
:2000D0000300000001000000000600F000B403F00000000090000000000600F000B403F042
:0800F000010000009000000077
:20010000910000F8D9FF5EB10D00000202F4DC0F000000000000000000000000000000007F
:20012000910000F8D9FF7C910D00000202F4DC0F0000000000000000000000000000000061
:20014000910000F8D9FF5A810D00000202F4DC0F0000000000000000000000000000000073
:20016000910000F8D9FF78610D00000202F4DC0F0000000000000000000000000000000055
:20018000910000F8D9FF56510D00000202F4DC0F0000000000000000000000000000000067
:2001A000910000F8D9FF74310D00000202F4DC0F0000000000000000000000000000000049
:2001C000910000F8D9FF42E10D00000202F4DC0F00000000000000000000000000000000AB
:1201E000910000F8D9FF40D10D00000202F4DC0F00901B
:2001F800820C822D3C130757FFCF8755BFDFCE57460546048B1480408B05A050CE7746078A
:2002180046068B1680608B07A07082028203820082013A260B2700F26E023C4F0B6430F13A
:200238000B7500F20B75A0F26E04024002513C453A640B7500F26E0382123C3F3B0004E0EB
:200258000B6030F10B7100F20B71A0F2DE1087559FFF06116701801F8B1FE00602480259C3
:2002780006156745805F0614C2FE3CEB0284029506F067101F0006F1C21E82087AE86E1DC8
:2002980087559FFF06116701801F8B1FE0060B60C0A00B71D0B007BB9FFF06156745805F51
:2002B800061406136723803F8B1FE0266E0302A002B1C2183FE8E67F76C7460346028B1263
:2002D80080208B03A030DF2D0B00071DE0FF76F7460146008B1080008B01A01000903B00D2
:2002F800034040F440C5007074DF3B00034040C4007061000E00370A6800DA0A4BF011026B
:200318000070610006003BE0024040C4007054DFC21F74DF00706D0013240090404F6D0016
:20033800DE21022F02F46D00DA2014F0B700010034F002F46D00F3210090FF440B0053840C
:2003580020F0911000F8D9FFB05A10FFD4F23C02A0023C010090094F4C18161F3C018200C8
:200378003E0E82103E0E82203E0F8240BE003B800000BE003B000100BE003C1282023C1239
:200398006D008A1D3C0F6D00D31C3C0C6D00F71C3C096D005B1C3C066D00441C3C038202C7
:2003B8003C013C01009082F282003C17538020F0911000F8D9FFB05A10FFD4FF7D4F0D8039
:2003D800538020F0911000F8D9FFB05A10FF481F370F48203C04C210BF40EAFF3C010090BC
:2003F800404F40F46DFFB9FF09FFD408370F6CF0C21F4B0F41F14BF251203C0100906DFF24
:20041800D4FF53C220F060FF9140003F30F3D93F002849F2080A3C0100906DFFC6FF53C29A
:2004380020F060FF9140003F30F3D9320028B0423C0100906DFFB9FF53C220F060FF914097
:20045800003F30F3D93200283C010090494F081A3C0554FF345FB015C2F4FF14FCFF024274
:200478003C0100902010404F0B541088026A89A7080909FF4C18161F78033C0140F46DFF3B
:20049800B1FFC2188B4860F3370F68F074AF8B1A60F3370F68F0780154AF4B0F61F14BF9D1
:2004B80041503BF026F19B3FA8F34BF5413082044B5251004B00716182108F461FF06E0DA9
:2004D8007B0018144B1941104B1251104B0171118F411FF06E023C010269821882074B00B7
:2004F80061014B0241F04B0661014B0F51006B0031F582014B1F01F0AE046B0031B53C05F3
:200518006B0031F567FFBFBF4B3B01F016038B0F20F26E028214822D3C39DF2D05808210C5
:20053800821E3C0773D70A004B8011028B1000E03C234B0D61A14BA241A0036D0AC04B0CFB
:2005580061F14BFA51C06B0C31F5820A4BAF01F0AE046B0C31A53C056B0C31F567FFBFAF16
:200578004BAB01F0370F61F16E0602AB02D8036D0A900207C2107F0EDEFF4B3B01F016030A
:200598008B0F20F26E023C09C21DF647736D0AF03BF0FF007FF0C3FF820440F46D00360034
:2005B80009FFE00837097000370F0CF089FFA00809FFE20837087000370F0CF089FFA208FC
:2005D80009F0560854AFC2FF370F68F037F004F089FF160809F05708580137F004F089FF35
:2005F800170858026E03DA013C02DA0009F0570837F081F389FF170840F409A40C096D0009
:20061800050082123C010090094F4C18374F05F0894F0C18F6493C01094F4F18370FE1F3D4
:200638003C01EEFB3C093C01094F4F18370FE1F33C01DF1FFBFF0090494F041A3C0A145FED
:2006580074FFB015C2F43C010C4E161FFF1FFE7FFF14F7FF02423C0100902008F4A4405DB6
:20067800D4DFF44F40F46DFF5BFE820440F46DFFCDFFDA0009F05A0837F002F089FF1A0889
:2006980009DFC80809F0D408C2FF370F70F037F00CF0ACFA09D46C0840F46DFFB7FF09D401
:2006B800040909D54A0809D64D0809D74C0840F46DFFDAFE0228820440F46DFFA7FF09DF27
:2006D8007C086E0382103C028200087F370F01F22CF709DF56086E03DA013C02DA0009F035
:2006F8005B0837F001F389FF1B0809DF540809F05B0837F081F389FF1B0809DF510809F099
:20071800590837F083F089FF190809DF530809F05B0837F001F289FF1B0809DF550809F07B
:200738005C0837F004F089FF1C0809D0580808CF370F02F32CFC09DF590809F0500837F042
:2007580002F389FF100809DF500809F0D80837F003F3ACFC09D05A0808DF8BF02003370017
:200778006800370F04F02CFD09DF5B0809F051088BFF20F3370F68F037F004F089FF110802
:2007980009DF520809F05A0837F002F089FF1A0809DCA809BD0C7900D4CEBD0E280009C0AB
:2007B800040809C95D084CE16E2109E4840909E44808370068506D00320B09E4840909E46B
:2007D800480802956D005D0BD4E2DA016E0382103C0282000C27370F81F22C27D4E20CEC04
:2007F8000920460837F002F02C2609CE8809BD0E1E0009C00C0809C95D084CE16E1709E4FB
:20081800840909E44808370068506D00080B09E4840909E4480802956D00330BD4E20CECE0
:200838000920440837F003F02C2409CE9009BD0E150009C5540809C95D0809E4840909E4A9
:2008580048080CECA6F56D00EA0A09E4840909E4480802956D00150B09CE9809BD0E150009
:2008780009C55C0809C95D0809E4840909E448080CECA6F56D00D30A09E4840909E44808AC
:2008980002956D00FE0A09D46C0840F46DFFBEFEDA0089FF001982FF6CFFDA00D4A22C2E76
:2008B80009DF6D082E0CDA016E03DA013C02DA0009F0421837F001F089FF021809DF6D08E0
:2008D8002E1CDA016E03DA013C02DA0009F0421837F001F189FF021809DF6D082E2CDA01D7
:2008F8006E03DA013C02DA0009F0431837F001F189FF031809DF6D082E3CDA016E03DA017E
:200918003C02DA0009F0431837F081F189FF031809DF6D082E4CDA016E03DA013C02DA0001
:2009380009F0431837F001F389FF0318DA002C2DDA002C2C09DF7D082C2FD2008920540988
:20095800DA006C240C2F82003E0482103E043C0682193C063BC000903C0382093C014CDC69
:200978006E0C09D4B00909D4AE0802956D001020D4A4894284093C0909D4AE0802956D00DC
:20099800F31FD4A4894284094CDE6E0C09D4B80909D4B40802956D00FB1FD4A48942880990
:2009B8003C0909D4B40802956D00DE1FD4A48942880909D9660809DFE208EE03DF3922809F
:2009D80040F46DFF2CFD09DFE2081420370F68F037F008F0342F0C21379F82F12C210C231E
:2009F80096022C23DA016E03DA013C02DA0009F0431837F001F289FF03180C2196042C2194
:200A180009DFE008EE03DF39228040F46DFF14FD09DFE0081420370F68F037F008F0342F6E
:200A38000C21379F82F12C210C2396022C23DA016E03DA013C02DA0009F0431837F081F397
:200A580089FF03180C2196042C2109DFE4086E2140F46DFFD6FC09DFE4081420370F68F04C
:200A780037F008F0342F0C21379F82F12C210C2396022C23DA016E03DA013C02DA0009F0CB
:200A9800421837F001F089FF02180C2196042C21DA016E03DA013C02DA0009F0500837F05F
:200AB80081F089FF1008DA016E0382103C02820008CF370F81F02CFC09FF5008960189FF3A
:200AD800100808CF96012CFC02823C010090F445DA00894F3C08DA01894F2C08DA01AC441E
:200AF8007B107EF46C41DA032C4ADA002C4CDA032C4DDA00894F1008DA01894F1108DA01C8
:200B1800894F1208DA00894F1308DA00894F1608DA00894F1408DA07894F1508DA01894FD7
:200B38001808DA01894F1908DA00894F1A08DA00894F1B08DA00894F1C08DA00894FA208CE
:200B5800DA00894FA008DA00894FA408DA00894F2608DAFF894F2D08A00FEC4AA00FEC4E31
:200B7800A00FEC4CDA00894FAE08DA00894FB408DA00894F3D080090D44F09FF7608160159
:200B98003C016E0909FF7E08960189FF3E080C4E96012C4E09FF7608370F61F13C016E0959
:200BB80009FF7E08960489FF3E080C4E96022C4E09FF7708370F61F13C016E0909FF7F0859
:200BD800960489FF3F080C4E96042C4E09FF7708370FE1F13C016E0909FF7F08960889FF1E
:200BF8003F080C4E96082C4E09FF7708370F61F33C016E0909FF7F08964089FF3F080C4EC1
:200C180096102C4E0090404F6D00691D022F02F46D00651C821074F002F46D00801D3C0142
:200C380014FF370FE1F0BA0F3C01DF1FFB7F0090FF240B00538420F0911000F8D9FF906AE4
:200C580010FFD4F23C02A0023C010090404F40F46D002F0082504DC0E1FF16073C013E281C
:200C78009110003030F3D933C04F54313C034D00D01F3701E2F05E1382003C173701E2F0F3
:200C9800EE13534220F060FF9130003F30F3D93F1436081F16075E1382103C05081F1607E6
:200CB8005E3282203C02825002023C010090822282003C17538020F0911000F8D9FFA06A32
:200CD80010FFD4FF7D4F0D80538020F0911000F8D9FFA06A10FF481F370F68203C04C2100D
:200CF800BF20EAFF3C010090404F024F40F46DFFE0FF02286E031E325E4382093C028219F8
:200D18005E23821A3C02820ADF1949804DC0E1FF16073C015F8F28006D00F51C0228028488
:200D38006D00051C913000CFD9CC143640F46DFFC0FF534220F010C2142F37AF02F0342F3A
:200D580002846D00131D9110003030F3D933C04F543FB72F82F09110003030F3D933C04F4F
:200D7800743F3C1C6D00BB1C022B02B46D00B71B913000FFD9FF1436534820F010FF91308D
:200D9800002FD9221436534820F01022142F37AF02F034FF02B46D00C21C02923C0100903A
:200DB80082124DC0E1FF16073C01FF2F0B80538F20F0911000F8D9FFA06A10FFD4FF3C02FA
:200DD800A00F3C017DF4048082023C109110003030434933088A543F06F4374F9FF09110B5
:200DF800003030434933088A743F3C010090404FDA0140F46DFFD6FF262F40F46DFF28FFAF
:200E1800F626821440F46DFF71FF262F02F23C010090913000FFD9FF004654FF370F6EF10C
:200E38008FFF83813C01911000A7D9AA408F0D0080043B0098F0CD4FE00F0D00C0044D00B4
:200E5800E0FFB70F14F0CD0FE00F0D00C00482117617DA009601CD4F20090D00C0044DC081
:200E7800E1FF8F7F00213C01913000FFD9FF004653C220F010FF54F037006E018FF08331DF
:200E98003C01913000FFD9FF004653C220F010FF54FF2E1B8F2320F0960154F03700700803
:200EB8008F002100A6F074F08F2320F0960254F0370070088F002100A60F74FF3C0154FFBB
:200ED8001601DF1FFE7FDA00761382003C028210370F81F0CDCF20090D00C004913000FFA6
:200EF800D9FF004653C220F010FF54FF2E1B8F2320F0960154F0370070088F002100A60F3B
:200F180074FF86238F3340F154F0370070088F002100A60F74FF3C0154FF6F0FFF7F0D0046
:200F3800C00482114DC0E1FF8F7F00213C01913000FFD9FF004653C220F010FF54F037005C
:200F58006E018FF083313C01913000FFD9FF004653C220F010FF54FF2E1B8F2320F0960193
:200F780054F0370070088F002100A6F074F08F2320F0960254F0370070088F002100A60F0A
:200F980074FF3C0154FF1601DF1FFE7FDA00761382003C028210370F81F0CD0F04090D0042
:200FB800C004913000FFD9FF004653C220F010FF54FF2E1B8F2320F0960154F0370070085B
:200FD8008F002100A60F74FF86238F3340F154F0370070088F002100A60F74FF3C0154FF2A
:200FF8006F0FFF7F0D00C004913000FFD9FF004654FF2E1B8F2820F0960154F03700700841
:201018008F002100A60F74FF8F2820F0960254F0370070088F002100A60F74FF3C0154FF26
:201038001601DF1FFE7F910000F8D9FF004080FFCD4FE20F0D00C00491F000F8D9FF0004B3
:2010580080FFCD0FE20F0D00C004911000F7D9FF80CF80FFCD8FE20F0D00C004913000FF3F
:20107800D9FF004654FF2E1B8F2820F0960154F0370070088F002100A60F74FF8F2820F0AE
:20109800960354F0370070088F002100A60F74FF3C0154FF6F0FFF7F91000000D9000000DE
:2010B80091000010D911000091000080D988000091000090D9990000911000F7D9FFC00F49
:2010D80091100027D922C001A004802080FFA2F0DA404BF0114282003C1E80FFB70F1CF04A
:2010F8008F4F1F1080FFBBF0FF2F0662262F06AFA6F1F606CD81E30F0D00C0043C0274416A
:201118009AD47E05CDC1E30F0D00C00440F449FF001AC2103F40E3FFDA00744F6D00F31A95
:20113800022F02846D00321A02F46D00731A6DFFF4F86D00E81A913000FF19FF30366F1FA4
:2011580012008F2220F09601913000FF19F03036370070088F002100A60F913000FF59FFB2
:20117800303686228F2240F1913000FF19F03036370070088F002100A60F913000FF59FF0C
:2011980030363C01913000FF19FF30361601DF1FFB7FDA00913000FF59FF181691100048BE
:2011B800D944182B6D00F6169130884F910000F8D9FF1E7180F46DFF1CFE910000F8D9FF5B
:2011D800E455DC0F0090913000FFD9FF0C4654FF370F6EF18FFF83113C01912000A6D9AA28
:2011F800408B0D0080043B0098F0CD4FE00F0D00C0044D00E0FFB70F14F0CD0FE00F0D000E
:20121800C00482127627DA009601CD4F20090D00C0044DC0E1FF8F7F00313C01913000FF11
:20123800D9FF004653C320F010FF54F037006E018FF083413C01913000FFD9FF004653C3E5
:2012580020F010FF54FF2E1B8F2420F0960154F0370070088F002100A6F074F08F2420F001
:20127800960254F0370070088F002100A60F74FF3C0154FF1601DF1FFE7FDA0076238200DC
:201298003C028210370F81F0CDCF20090D00C004913000FFD9FF004653C320F010FF54FFB3
:2012B8002E1B8F2420F0960154F0370070088F002100A60F74FF86248F3440F154F037008F
:2012D80070088F002100A60F74FF3C0154FF6F0FFF7F0D00C00482124DC0E1FF8F7F003189
:2012F8003C01913000FFD9FF004653C320F010FF54F037006E018FF083413C01913000FF5C
:20131800D9FF004653C320F010FF54FF2E1B8F2420F0960154F0370070088F002100A6F033
:2013380074F08F2420F0960254F0370070088F002100A60F74FF3C0154FF1601DF1FFE7FE9
:20135800DA00762382003C028210370F81F0CD0F04090D00C004913000FFD9FF004653C34B
:2013780020F010FF54FF2E1B8F2420F0960154F0370070088F002100A60F74FF86248F3408
:2013980040F154F0370070088F002100A60F74FF3C0154FF6F0FFF7F0D00C004913000FF1C
:2013B800D9FF0C4654FF2E1B8F2120F0960154F0370070088F002100A60F74FF8F2120F06D
:2013D800960254F0370070088F002100A60F74FF3C0154FF1601DF1FFE7F91F000F8D9FF1F
:2013F800000680FFCD4FE20F0D00C00491F000F8D9FF000480FFCD0FE20F0D00C00491204F
:2014180000F6D9FF80CB80FFCD8FE20F0D00C004913000FFD9FF0C4654FF2E1B8F2120F0B8
:20143800960154F0370070088F002100A60F74FF86218F3140F154F0370070088F002100F7
:20145800A60F74FF3C0154FF6F0FFF7F91000000D900000091000010D911000091000080BA
:20147800D988000091000090D9990000912000F6D9FFC00B91200026D922C00DA004802033
:2014980080FFA2F0DA404BF0114282003C1E80FFB70F1CF08F4F1F1080FFBBF0FF2F066281
:2014B800262F06AFA6F1F606CD81E30F0D00C0043C0274419AD47E05CDC1E30F0D00C00431
:2014D80040F449FF001AC2103F40E3FFDA00744F910000F8D9FF2A16DC0F0090200840BF4B
:2014F8003C0180F2370368F4B75F08F037F30834370468F037F308304DC0E1FF16073C01DF
:201518003703680837F003F037F308383C0189A24009820491100048D944892491100058A2
:20153800D9557DC43BE00C506D0026296D004F2E3C013C0000A00D00400200800090200867
:2015580040BF3C0180F2370368F4B74F08F037F30834370468F037F308304DC0E1FF1607CC
:201578003C013703680837F003F037F308383C0189A24009820491100048D944AF04911057
:201598000058D9557DC43BE00B506D00F5286D001E2E3C013C0000A00D004002008000903B
:2015B800200840BF3C0180F2370368F4B73F08F037F30834370468F037F308304DC0E1FF71
:2015D80016073C013703680837F003F037F308383C0189A24009820491100048D94475F4C5
:2015F80091100058D9557DC43B000B506D00C4286D00ED2D3C013C0000A00D00400200800D
:201618000090200840BF3C0180F2370368F4B72F08F037F30834370468F037F308304DC070
:20163800E1FF16073C013703680837F003F037F308383C0189A24009820491100048D944ED
:2016580042F491100058D9557DC43B200A506D0093286D00BC2D3C013C0000A00D00400239
:2016780000800090200840BF3C0180F2370368F4B71F08F037F30834370468F037F30830AD
:201698004DC0E1FF16073C013703680837F003F037F308383C0189A240098204911000489D
:2016B800D94447E491100058D9557DC43B4009506D0062286D008B2D3C013C0000A00D004C
:2016D800400200800090200840BF3C0180F2370368F4B70F08F037F30834370468F037F353
:2016F80008304DC0E1FF16073C013703680837F003F037F308383C0189A24009820491104D
:201718000048D94444C491100058D9557DC43B6008506D0031286D005A2D3C013C0000A016
:201738000D00400200800090200840BF3C0180F2370368F4B77F08F037F30834370468F09F
:2017580037F308304DC0E1FF16073C013703680837F003F037F308383C0189A2400909A040
:2017780040090D00400200800090200840BF3C0180F2370368F4B76F08F037F3083437047E
:2017980068F037F308304DC0E1FF16073C013703680837F003F037F308383C0189A2400951
:2017B80009A040090D00400200800090DA000950DA08370F0EF009505C08370F03F8095010
:2017D8005D08370F81F909505E08370F01FA09505F08370F83FA09506108370F01FE0950E9
:2017F8006008370F03FC6C4582010950640837010310095065083701811109506608370151
:20181800041409506B083701011A09506708370103120950680837018113095069083701CD
:20183800041609506C083701811A09506A083701041809506D083701011B09506E0837018E
:20185800011C09506F083701811C095F70086E0382203C028200095F71086E03DA013C0290
:20187800DA00A6F03701021D095F720837F1041E095F730837F1811B89411009095F06095C
:201898006C42095F0A096C43095F16096C41095F1209744F095F6A086E0A095F6A081E177D
:2018B800095F6A081E24095F0E096C460090F4450090404F405CD4C2D42DF4FD09CF0408D3
:2018D8002CF409CF0408530F22F010D2D9220002E822C82440C56DFF6BFF820009CF630803
:2018F8006E05DA0137F001083C04DA0137F0810809FF0408534F20F010D25920C08109CF4D
:20191800F4086E22D4F209FF0408BC21534F20F060FF9140003F30F3D93F40483C0109C082
:20193800760809CFF40814F1370F68F037F108F034FF081F370F82F12CF1083F96022CF34C
:20195800081F96042CF100902038911000F8D9FFB06A49FF000A49A2000AA0D644FF642F8B
:20197800FC6E49AF000A4942000AA0D644FF642FFC6EF4450090404F6D00B116022F02F4E5
:201998006D00AD1591A0003030F3D933C04F5430B700010091A0003030F3D933C04F7430E2
:2019B80002F46D00BC1600906D005E12913000FF39FF3506370F64F24B0F41F14BF2512064
:2019D8003C013C01009037046800DA084BF00102DA0203F10AF6370F68F0DF150680822296
:2019F8000FF210203C0482120FF210203C010090404F026F82066DFFE8FF6E04681268227B
:201A18003C0268120090404F026F82066DFFDDFF6E04684268523C0268420090404F3B007E
:201A380001606DFFD2FF74F20090404F024F0269820602F46DFFC9FF02283B0001600BF933
:201A580010486DFFC2FF8F0201F0A6F868680090DA01744F0090BC41DA024BF5010253408C
:201A780020F053042100600F9140003F30F3D93FC06910F23C010090804F53042800420F75
:201A980060FF3C0168550090804F53042800420F60FF3C0168350090804F53042800420F3E
:201AB80060FF3C0168450090804F53042800420F60FF3C0168250090804F53042800420F3E
:201AD80060FF3C01481F375F02F06CF10090804F53042800420F60FF3C014890DA006CF924
:201AF80048BF375F02F06CFB68907663DA013C02DA0037F001F0767382103C028200370F7B
:201B180081F06CF90090804F53042800420F60FF3C01DF15048082103C028200481F370F95
:201B380081F56CF10090404C405F8218D4F2F4C2084F2CC4084F3B008000E20FD4F21022A7
:201B5800911000303023D93D000D89CD880909FF05082CC549DE001A89CE8C0909FF5208AA
:201B78005E1709F40508821540E46DFF59FF09F405088215821640E46DFF59FF09F4050824
:201B980009F5500840D46DFFC0FF09F40508086540D46DFF93FF487F6E08C87409F4600831
:201BB80009F561086D00100109FF54081E1509FF5508DF1F278009F4050809F5560809F622
:201BD800540809F7550840D46DFF83FFD4F4084409F505086DFF41FF09F0570809FFD80827
:201BF8001421370F68F037F108F0342F0C21370F82F12C210C2396022C230C2196042C211A
:201C180009FF52085E1E09F40508482540D46DFF4DFF09F40508483540D46DFF37FF3C0D05
:201C380009F40508482540D46DFF38FF09F40508483540D46DFF22FF09F40508821582060D
:201C580040E46DFFD7FE09F405088215820640E46DFFDBFE09FF53085E1509C48C096DFFD1
:201C7800F9FE02823C010090F445DA002C44DA002C45DA146C42DA0A6C43DA01894F10083C
:201C9800DA022C46DA00894F1108DA00894F1208DA01894F1308DA00894F1408DA00894FF9
:201CB8001508DA02894F1608DA00894F1708DA00AC4CA00FEC47DA80894F2008DA00894F8C
:201CD80021080090404F024FC83409F40508820502F66DFF8FFEC83409F40508820502F650
:201CF8006DFF93FEC8346DFFB5FE0090594400C00090194F08C0370F78F04B0F41F1194074
:201D180004C0370078004B0041014B0F51F06D0006004BF241203C0100906DFF47FE3C0144
:201D38000090404F0B54108840F46DFFE4FF4B8251007B00F8136B0131004B0071814B0821
:201D580061116B0131007B00F0134B1001F0370F61F16E02C2186D00C214022A02A46D002E
:201D7800BE13DA00BE90DA013E9EDA023E9CDA033E9ADA043E98DA053E96DA06BE91DA07B9
:201D9800BE963C1C534920F010F2534920F010FF19FF0CC0378F18F0592F0CC03C1019FFAC
:201DB80024C0378F18F059FF24C03C0919FF28C0378F18F059FF28C03C023C0102A46D003C
:201DD800AE140090404F0258481F8FCF1F00481F160F532F2020082F0F2F001082330F2312
:201DF800003091A0012FD922F04F534020F01022542F82F0C630260F2631A61F742FC82460
:201E180008CF09F55008A64502F46D000800C82408C402856D0035000090404F0B4510A81F
:201E380049FC100A82404B0A01828F3A00F1538F20C09140002FD922000E7D2F15806D005E
:201E58004E14022F02F46D004A1309F0201982110FA1101082F2C621261089F0201902F449
:201E78006D005D14534820F010CFDAFF0FCF00F00FCB10B002F302B249F240080090404F56
:201E98000B4510886D002B14022A02A46D00271349FF001ADA084BF801028F7800F1534FF9
:201EB8002040534020F010FFDA0F0F4F00F00F49109002F3029249F2400802A46D002F1467
:201ED80000902020404CDA084BF401826D00F20E534920F010A2534920F010CF488F742F1A
:201EF80009CF500816FFC21F4B0F41F14BF25100534920F010AF14FF163FC21F4B0F41F14A
:201F18004BF05100534920F010AF14FF370F62F39211534920F010AF081F160342F15349E7
:201F380020F010AF081F370F62F142F14B0141F14BF051203C01009020080248405F370583
:201F5800E8FB8B0F20F26E01820949A6000A028440F56D003900DA0037F9019014AF37F9F8
:201F780083900CA137F903920CA237F983930CA337F903950CA437F983960CA537F90398E4
:201F9800081FAE63DA003C02DA0137F98199DA0037F9019A14FFAE53DA003C02DA0137F9D8
:201FB800819ADA0037F9019B09FFC008370F66F3C2FF370F70F037F9859B3789049E02922C
:201FD8003C010090406C82088209DA084BF40122094F500816FF9210534320F0104F09FFA3
:201FF8006008163FC21FE2F0534320F0104F09FF6008370F62F39211534320F0104F09FF99
:202018006108160342F1534320F0104F09FF6108370F62F142F173100AA0B025405D820B85
:202038003C4E534B20F010DF54FFE2AF4B0F61F17B0000044B0F51C0820D820E3C328210C8
:20205800532E20F00FF010004B0041F14BFC51F07B00F0036B00214F6D005C15FF9221806A
:20207800532E20F00FF210F04B0F41F14BCF01F016068B0F20F26E09C2F28B0240F3370F26
:20209800689002E8821D3C0FFF820B809A12C2FF8B0F40F3370F689002E8821D3C04C21E2F
:2020B800BF8ECFFFF6D382798278532B20F010CF2819532B20F010CF34F8C21BBF3BB3FF5F
:2020D8000090404C405F7641820854CF6E016D00F10D3C0109CF500816FFC21F4B0F41F100
:2020F8004BF251F03C017B00F8034BF0513048103B800040821502463700E81BBA016E0343
:202118007B00F8037B00F8134B0151703B0040929B499794024A3C4D4B0A41014B03410087
:202138004B0751107B00F0236B0221114B0131B1DA407FBF05003B0004B03C0973AB0A10B0
:20215800FF410400822B3C034EB2821B4B0B41114B1041006B07311082024B2101F0AE0410
:202178006B0731003C056B0731F067FFBF0F4B9001F06F2F1E804B9001F0AE264B9001F028
:20219800AE036F060580020902A602B56F061180DA004BF001F0AE27DA004BF001F0370FE5
:2021B80061F06E03DA003C02DA016E023C04C2FAFF2AB47F3F5409006F0607006F05058079
:2021D800025F026502F6DA024BF601229AD2370F4800C2F5370568F037F80680DA024BF6D0
:2021F80001421A52C2FF370F68F037F802838E03020F3C02DA0037F802858E0382323C0113
:20221800370268F037F80284088FAE43DA013C02DA0037F80186088FAE33DA003C02DA01C4
:2022380037F88186089F370FE1F237F8018702823C0100900248BC416D003C0DDA004BF86E
:2022580001F0AE217B0008F44BF841F04BF251004B0031F14B0F41F16B0F31F07B00F0131B
:202278004B1F01F0AE244B0031F13C044B0031F1C21F8B1F40134B0161F14BF251F06B0F8B
:2022980031F882004B0F01F0AE084B0161F14BF251F06B0F31583C094B0161F14BF251F0FA
:2022B8006B0F31F867FFBF5F82463C2C4B0661F14BF841F04BF251F07B00F0036B0021FF21
:2022D8004B0F710173600AF04B0F61F14BF251306B0331F882044B4F01F0AE046B033138B2
:2022F8003C056B0331F867FFBF3F4B5301F0AE247603023502013705E8FB6E02F6023C06AD
:20231800C2163B801FF07F6FD3FFC2F18B0140233C010090FF440B00538420F0911000F806
:20233800D9FF141B10FFD4F23C02A0023C01009082F282003C17538020F0911000F8D9FF5F
:20235800141B10FFD4FF7D4F0D80538020F0911000F8D9FF141B10FF481F370F48203C0414
:20237800C210BF40EAFF3C010090494F102A3C0554FFB45FB025C2F4FF14FC7F0090494F04
:20239800102A3C0554FF745FB045C2F4FF14FC7F0090494F102A3C0554FF345FB015C2F447
:2023B800FF14FC7F0090DA010F4F10F0370F70F009410819765737017008A6F0370110182A
:2023D8003C083701700882F2C6F2262037011018766737017000A6F0370110103C08370130
:2023F800700082F2C62F26F037011010894108190090DA084BF40102534120F0104F49FF94
:20241800241A3C06095FC00874FFB025C2F5FF15FB7F0090DA084BF40102534120F0104FB0
:2024380049FF241A3C05545F74FFB045C2F5FF15FC7F0090DA084BF40102534120F0104FA5
:2024580049FF241A3C05145F74FFB015C2F5FF15FC7F0090094F4518EE047B1000F03C02BC
:20247800DA01CC4D094078080F0F10F06CF10090094288093C010090094F4518EE03DA0152
:202498003C037B1000F0CC4D094078080F0F10F06CF10090404F405C406D0248D4FE40E465
:2024B8006D008F050229DF093680ECE2084F96012CF4E84CA8A8821089F00718E86DA8E8CB
:2024D80048FF6E05C8F240F42D02000009FF49181E1409FF49185E3540F46D0047093C1A2F
:2024F80009FF4918DE4209E2A80909E4A809094FD818C2F837087000370F10F0892F9818A2
:2025180040F46D0033093C06C8AF09E488092D0F000002923C01009082020C44AE04D44F49
:20253800481F6E0282123C0100902010404C405DD4D2D42FF802C8AFF801D4DFF4CF0CC499
:20255800B70F01F02CC409DF640889CF081809DF650889CF091809DF260989CF0C1909DFA6
:202578002A0989CF10190CD8370F61F1D80109F0510837F0010389F0110849DF1C0AF4AF3A
:202598005E1754FFEE05DA0089CF04183C07CCD7481F370F68F089CF041809C04418DA08B4
:2025B8004BF00182534920F009A48409104F029440D56DFF88FD022F6CF809C4441849D588
:2025D800080A4CD109A4840902F56DFFB7FC022F6CCC821009CF44180FF000008F00011096
:2025F8000CD9AE43DA003C02DA0109C444180F4F10F0D80149FF081A8F000140A640A6F1E3
:202618000203021249F2400809CF7308370F64F28F7F004109A484096DFF55FC4B0231F162
:2026380089CF0A09D4AF54FFEE07A00FECCFA00F89CF80193C46D4FF09F2C80989C2F409D9
:202658000CD9370F61F289CF05180CD86F1F2280910000F8D9FF6C12ECCF910000F8D9FF60
:20267800502289CF801940C46DFF08FFD4AFD4FF09D5600809DA6108DA80C82408C4A6F5D3
:202698006DFFCDFBC82408C402A56DFFFAFB3C19A00FECCFA00F89CF8019D4A2D42F09D578
:2026B800600809DA6108D422092F5008C82408C4A6F56DFFB4FBC82408C402A56DFFE1FBB3
:2026D80009DFC808370F66F389CF0618910000F8D9FF1A23ECCA910000F8D9FFE8F2ECCBCF
:2026F800D80209FF46186E119110002F09F00518534920F0D80110FF49FF241A530022F09E
:20271800102280FF592F0C0282023C010090404C40C46D006211A00FECC7DA8089CF20085D
:20273800DA0089CF2108A00FECC7DA0089CF2008DA0089CF2408DA0289CF250882FF89CFD2
:202758002609DA0089CF2A0900902040404C405DCCD5F80F6D00C30F022802846D00BF0EE3
:2027780014FFB70F01F034FF09DF58086E03DA003C02DA0114F037F081F134FF02846D00D5
:20279800CE0F820809D4100909A4BC096DFF54FD370268F037F80880DA0F37F80485DA00D2
:2027B80037F8828C09DF59086E03DA013C02DA0037F8818DDA0137F8048E68484CD489CF16
:2027D8000819820009DFC6086E043BF01FF03C02DA0037F00900820109DFC408EE0409DF83
:2027F80066086E02821137108104820109DFC208EE0409DF66086E0282113710010509DFCF
:202818005B0837F0020809DF5C0837F0020909DF680837F0020D09DF690837F0020E6850B8
:2028380009DEA009BD0E3B00D4EFBCFF0CE409E85508C814088408C5A6F56DFFF0FAC8142C
:20285800088402856DFF1DFBCCE2BCFF0CEC09E85508C814088408C5A6F56DFFE0FAC81428
:20287800088402856DFF0DFBCCE4BD0F180009EF140809E85508C8140884370F68506DFFF1
:20289800CEFAC814088402856DFFFBFAD4F2D4F40C4408C0370F03F02C24D80FECCAF4CC7C
:2028B800DA006CC1A00FECC2910000F8D9FF6C22ECC5910000F8D9FF7042ECC609DF6608E1
:2028D8006E0C910000F8D9FFD222ECC7910000F8D9FFC602ECC83C0B910000F8D9FFFCE2FB
:2028F800ECC7910000F8D9FFE2E2ECC8910000F8D9FFC4A2ECC909DF6608DF0F8C00DA010D
:2029180089CF061849A4000A9110005F6DFFD1F749A4040A49A5000A6DFF18F809DF25087A
:2029380089CF051809CF05182CA8DA0089AF2708DA0189AF3408DA0089AF0A09DA0089AF7A
:202958002A08DA0089AF2F08DA00ACAFDA0089AF2308D80F49FF241A80FF89AF0E09DA005D
:2029780089AF2D08DA0189AF3008DA0089AF2108DA0089AF2208DA0089AF20080CD889AFBA
:202998003A0809DFC40889AFB80849C4380A49A5040A6DFF90F709DF240889CF041809CF93
:2029B80004182CA8DA0089AF2708DA0189AF3408D80F49FF102A80FF89AF0A09DA0089AF3A
:2029D8002A08DA0189AF2F08DA0089AF0E09DA0089AF2D08DA0089AF3008DA00ACAFDA009A
:2029F80089AF2108DA0089AF2208DA0089AF2308DA0089AF20080CD889AF3A0809DFC2089B
:202A180089AFB80849C42C0A49A5040A6DFF53F73C04DA0089CF0618BBF0FFFFD80F89FF09
:202A3800141909CF46186E4509A4BC096DFF82FC914000FFD9FF1068538221F010FF3C01BA
:202A5800823009DF2508370F70F014F1370F68F037F108F034FF081F370F82F12CF1083FB7
:202A780096022CF3081F96042CF109A4BC096DFF61FC914000FFD9FF1068538221F010FF59
:202A9800B04F3C01823009DF2408370F70F014F1370F68F037F108F034FF081F370F82F1A0
:202AB8002CF1083F96022CF3081F96042CF13C6D09DFC4086E2109A4BC096DFF3BFC914033
:202AD80000FFD9FF1068538221F010FF3C0109D0480809DFC40814F1370F68F037F108F0BD
:202AF80034FF081F370F82F12CF1083F96022CF3081F96042CF109DFC2086E2209A4BC09FE
:202B18006DFF18FC914000FFD9FF1068538221F010FFB04F3C0109D0480809DFC20814F1EC
:202B3800370F68F037F108F034FF081F370F82F12CF1083F96022CF3081F96042CF109DFCB
:202B5800C6086E2309A4BC096DFFF4FB914000FFD9FF1068538221F010FF49FF080A3C0185
:202B780009D0480809DFC60814F1370F68F037F108F034FF081F370F82F12CF1083F96028C
:202B98002CF3081F96042CF1D80F09FF5308960189FF13080090404F405C40F46D00690FC8
:202BB800E85CDA0089FF1808DA0089FF1908DA0089FF1A08DA0089FF1B08DA0089FF1C0825
:202BD800DA0089FF2808DA0089FF2908A002E88282FF89FF240882FF89FF2508DA0089FFDF
:202BF8002608BB00C2FB9BEFC3F46CF40090911000CF094804186DFF3DFC402F530822F088
:202C180010C2392F1E02370F61F18B0F2002DF100D80530822F010C2530822F010C4394F6A
:202C38001F029604E92F1F023C01DF00110009FF00196E0609F2801940F42D020000084F78
:202C5800B70F01F02CF4D4F46D001A02530822F010CF39FF1E02370FE1F18B0F20F25E1C52
:202C7800530822F010CF530822F010C2392F1F029604E9FF1F023C010090404C40C46DFFBC
:202C9800F9FB402F9110005F09C1051809C6A80949F7100A530122F01052392F1E02370F62
:202CB800E1F18B0F2002DF100D80530122F01052530122F01054394F1F029604E92F1F02E4
:202CD8003C01DF001A00530122F0105F39FF1E02370F61F18B0F20F25E1C530122F0105FE6
:202CF800530122F01052392F1F029604E9FF1F023C011D00BC0009FF49181E1509FF4918AD
:202D1800DF3F2580530122F0105F39FF1E02370F61F18B0F20F25E1C530122F0105F5301C4
:202D380022F01052392F1F029604E9FF1F023C01534120F0105F534120F01052392FC281DA
:202D58009602E9FFC2811D00920009FF4918DF4F2480530122F0105F39FF1E02370F61F1E9
:202D78008B0F20F25E1C530122F0105F530122F01052392F1F029604E9FF1F023C0153417B
:202D980020F0105F534120F01052392FC2819602E9FFC2813C6B530122F01052392F1E0231
:202DB800370F61F18B0F2002DF100D80530122F01052530122F01054394F1F029604E92F3E
:202DD8001F023C01DF00530088AFBF2F5000530122F01052530122F01054394F1F02960401
:202DF800E92F1F02534120F01052534120F01054394FC2819602E92FC281547FEE0C48CFD2
:202E18008210370F01F0896F201909FF0C19896F24193C2C48CF8210370F01F0896F2019C5
:202E380009FF4618FF9F0A80D47288AF102F09FF7FF8896F24193C1A09F04618DA103F0F97
:202E58000D8088AFC2FF532F20F0D47F10FF09FFC008896F24193C0A88AFC2FF534F20F0EC
:202E7800D47F10FF54FF896F24190090404C09C2A809092FC0188FFF1F813C01BBF0FF0F84
:202E98008920141940C46DFFF5FA402F911000DF6F08070009FF4A18960189FF0A186F1846
:202EB800070009FF4A18960289FF0A186F28070009FF4A18960489FF0A186F78070009FF05
:202ED8004A18968089FF0A186F38070009FF4A18960889FF0A186F48070009FF4A1896108A
:202EF80089FF0A186F58070009FF4A18962089FF0A186F68070009FF4A18964089FF0A18B0
:202F1800DF08110009FF00196E0609F2801940F42D020000084FB70F01F02CF4D4F46D00B2
:202F3800AF0009CF46186E3109C00418530022F010DF39FF1E02370F61F18B0F20F25E1CA6
:202F5800530022F010DF530022F010D2392F1F029604E9FF1F023C0109C00518530022F00A
:202F780010DF39FF1E02370F61F18B0F20F25E1C530022F010DF530022F010D2392F1F0210
:202F98009604E9FF1F023C010090404F40F46DFF71FA0925AC0940242D050000484FC21F1E
:202FB8006CF40090404F40F46DFF64FA0925A80940242D050000483FC21F6CF30090DA01D5
:202FD800494F0408EE0382023C0282123C010090404FD4F2D4220924A80949FC180A094F39
:202FF8004218370FE3013C0188EF0B0F80F1370F508054CFEE0A82003C05094110293C0142
:20301800C2103F80FC7F3C2609F04618FF900B80D4C502846DFFBFF9D4C201280026F4C2DB
:203038003C1909F04618DA103F0F0C80D4C502846DFF9DF9532820F0D4C21022F4C23C0A98
:20305800D4C502846DFF9DF9534820F0D4C21022F4C288EFA28FACFE88EFEE1009FF001926
:203078006E0609F2801940F42D020000084FB70F01F02CF4D4F46D0003000090DA006C4150
:2030980000902008404F49FD100AD4F2D42C09CF4618DF0F7E02911000EF09C4A809F4A461
:2030B8006DFF48F9538221F03C0109C8051809C904184DC0E2FF370FE1F78B0F20A23C01A7
:2030D8000D00400300003C0188AFBF2FE50088AF92F0530822F010E2530822F010E4B94FC0
:2030F800140237007000370F0EF0F92F140209FF4618FF9F10808200530822F010E25308A9
:2031180022F010E4394F1602370F83F2E92F16023C2109F04618DA103F0F1080821053089D
:2031380022F010E2530822F010E4394F1602370F83F2E92F16023C0E8220530822F010E23C
:20315800530822F010E4394F1602370F83F2E92F160254DFEE4049F20C1A802FB70F1C0018
:203178007B0000FDFE014DC0E1FF16073C0149F20C1A8020B7000C0AB770030E7B000011E7
:20319800E21FA2F03C0449F20C1A8020530822F010E259200802820082118222530822F03B
:2031B80010E219231002370303303713813137230434530822F010E259231002530822F062
:2031D80010E2530822F010E4394F12029610E92F12023C3A54DFB70F1C007B0000FD7E0F86
:2031F8004DC0E1FF16073C0154D0B7000C0AB770030E7B000011E21FA2F03C0254D053086B
:2032180022F010E259200802820082118202530822F010E219231002370303303713813160
:2032380037230434530822F010E259231002530822F010E2530822F010E4394F1202B70FD5
:2032580001F2E92F1202D4A24922241A530822F010E4802F594F0C0282008211820253085E
:2032780022F010E219231002370303323713813337230436530822F010E25923100253089B
:2032980022F010E2530822F010E4394F1F029604E92F1F0288A0530922F010E2530922F03F
:2032B80010E4B94F140237007000370F0EF0F92F140209FF4618FF9F10808200530922F037
:2032D80010E2530922F010E4394F1602370F83F2E92F16023C2109F04618DA103F0F10807B
:2032F8008210530922F010E2530922F010E4394F1602370F83F2E92F16023C0E822053098F
:2033180022F010E2530922F010E4394F1602370F83F2E92F1602486FEE4049F2101A802FAB
:20333800B70F1C007B0000FDFE014DC0E1FF16073C0149F2101A8020B7000C0AB770030ECB
:203358007B000011E21FA2F03C0449F2101A8020530922F010E259200C0282008211822251
:20337800530922F010E219231002370303323713813337230436530922F010E25923100298
:20339800530922F010E2530922F010E4394F12029620E92F12023C3B486FB70F1C007B004A
:2033B80000FDFE004DC0E1FF8F7F00013C01486FB70F0CFAB77F031E7B0000F1E2F0A20106
:2033D8003C024861530922F010E259210C02820082118202530922F010E219231002370385
:2033F80003323713813337230436530922F010E259231002530922F010E2530922F010E43E
:20341800394F1202B70F81F2E92F1202530922F010E2530922F010E4394F1F029604E92F76
:203438001F02BBF0FFFFD4A4894F14196DFF82F79140002FD9221068538221F010223C0180
:203458000C2396022C23D4A46DFF74F79140002FD9221068538221F01022B0423C010C2306
:2034780096022C23D4A46DFF65F79140002FD9221068538221F010224922080A3C010C2399
:2034980096022C23530922F010E2530922F010E4394F1F029604E92F1F02534920F010E251
:2034B800534920F010E4394FC2819601E92FC28188AFBF2F2B00530822F010E2530822F07B
:2034D80010E4394F1F029604E92F1F02534820F010E2534820F010E4394FC2819601E92FAE
:2034F800C28109FF4818EE0948CF8200370F01F0D4AF89FF20193C0848CF8210370F01F0DA
:20351800D4AF89FF20193C3F54DFEE0E48CF8210370F01F0D4A2892F201909FF0C19D4AFAE
:2035380089FF24193C3048CF8210370F01F0D4A2892F201909FF4618FF9F0B80D4D288AF8F
:20355800102F09FF7FF8D4AF89FF24193C1C09F04618DA103F0F0E8088AFC2FF532F20F04E
:20357800D4DF10FF09FFC008D4AF89FF24193C0B88AFC2FF534F20F0D4DF10FF54FFD4AFD0
:2035980089FF241976A30D0000031D00EE0088AFBF1FEB00D4F2D422092CA80909FF7308F5
:2035B800370F644209CF421816073C018B4F000109FF47185E12C2F088AF7E02C2F088AF77
:2035D8000B0F80F1370F5080BF18CF0088AF5280A8A088AFEE0382113C02820109FF471858
:2035F800DE11BF28100088AF6E0D4DC0E20F3700E1078B0020923C010D00400300003C01F7
:203618003C084DC0E20F3700E1078B0020923C0109FF4718DE14820089F0071809FF4818DC
:20363800EE0848CF8200370F01F089CF20193C0748CF8210370F01F089CF201954DFEE1E28
:2036580009F00C19DF01130082013C0489C02419C2119AF83FF1FC7F48CF8211371F01F0F7
:2036780089CF201989C024193C08DA003C0489C02419C21F3F8FFD7F3C7409FF4618FF9F58
:203698002480DF011800BF280800D4D59AF840C402F56DFFD1F648CF8210370F01F089CFE6
:2036B8002019D4DF01F800F609FF7FF889CF24193C06D4D540C402856DFFBEF6D4DF01F8C1
:2036D80000F6F4DF3C4E09F04618DA103F0F2780DF011A00BF280800D4D59AF840C402F52A
:2036F8006DFF89F648CF8210370F01F089CF2019C2F8532820F0D4DF10FF09FFC00889CF27
:2037180024193C0BD4D540C402856DFF74F6532820F0D4DF10FFF4DF3C24DF011900BF28A3
:203738000800D4D59AF840C402F56DFF75F648CF8210370F01F089CF2019C2F8534820F086
:20375800D4DF10FF54FF89CF24193C0BD4D540C402856DFF61F6534820F0D4DF10FFF4DF29
:2037780076930D00000300902008404D49DF100AD4D2D42C8CDA82404B0F0102F6188CDAF2
:2037980082404B0F0102370068F03C088CDA82404B0F0102370068F0C21F370F688009DF14
:2037B80049189E4B8CDA3B0001004B0F0102F6198CDA3B0001004B0F0102370068F03C09C6
:2037D8008CDA3B0001004B0F0102370068F0C21F42F8C2F83708688009CF4618DF0F210200
:2037F800911000EF09C4A809F4A46DFFA3F5538221F03C0109C9051809CA04184DC0E2FF18
:20381800370FE1F78B0F20B23C010D00400300003C01530922F010E2530922F010E4B94081
:20383800140237800E00F92014028220530922F010E2530922F010E4394F1602370F83F2A7
:20385800E92F160254FFB70F1C007B0000FD7E0F4DC0E1FF16073C0154F0B7000C0AB77067
:20387800030E7B000011E21FA2F03C0254F0530922F010EF59F008028200821182025309C9
:2038980022F010EF19F31002370303303713813137230434530922F010EF59F310025309BF
:2038B80022F010EF530922F010E2392F1202B70F01F2E9FF120209DF49189E4DD4AF49FF4F
:2038D8001C1A530922F010E280FF592F0C02820082118202530922F010EF19F310023703C7
:2038F80003323713813337230436530922F010EF59F31002530922F010EF530922F010E251
:20391800392F1F029604E9FF1F028CDA82404B0F0102F6188CDA82404B0F010237006800AC
:203938003C088CDA82404B0F010237006800C210530A22F010EF530A22F010E2B92F140268
:2039580037007000370F0EF0F9FF14028220530A22F010EF530A22F010E2392F1602370F1F
:2039780083F2E9FF16024CD6EE4049DF101A80FFB70F1C007B0000FDFE014DC0E1FF160736
:203998003C0149DF101A80F0B7000C0AB770030E7B000011E21FA2F03C0449DF101A80F0EA
:2039B800530A22F010EF59F00C02820082118222530A22F010EF19F310023703033237132C
:2039D800813337230436530A22F010EF59F31002530A22F010EF530A22F010E2392F120270
:2039F8009620E9FF12023C3C4CD6B70F1C007B0000FDFE004DC0E1FF8F7F00013C014CD6B0
:203A1800B70F0CFAB77F031E7B0000F1E2F0A2013C0309D11809530A22F010EF59F10C028A
:203A3800820082118202530A22F010EF19F31002370303323713813337230436530A22F0D9
:203A580010EF59F31002530A22F010EF530A22F010E2392F1202B70F81F2E9FF1202530A14
:203A780022F010EF530A22F010E2392F1F029604E9FF1F02BBF0FFFFD4A4894F14196DFFFE
:203A980059F4914000FFD9FF1068538221F010FF3C01083F96022CF3D4A46DFF4BF491407D
:203AB80000FFD9FF1068538221F010FFB04F3C01083F96022CF3D4A46DFF3CF4914000FF8C
:203AD800D9FF1068538221F010FF49FF080A3C01083F96022CF3530A22F010EF530A22F017
:203AF80010E2392F1F029604E9FF1F02534A20F010EF534A20F010E2392FC2819601E9FF1B
:203B1800C28109DF4918DF3F308009D09408DA103FF00A0009D0F208DA0F37F085F389DFD8
:203B3800B2083C0B09D0F2088CDAC2FF370F70F037F085F389DFB20809D09408DA103FF07D
:203B5800090009DF7008B70F01F089DF30083C0609DF7008960189DF300809DF720896407C
:203B780089DF32083C3709DF4918DF1F248009D09408DA103FF00A0009D0F208DA0F37F0B2
:203B980085F389DFB2083C0B09D0F2088CDAC2FF370F70F037F085F389DFB20809DF70086B
:203BB800960189DF300809DF7208964089DF32083C1109DF7008960189DF300809DF720896
:203BD800964089DF320809DFF208B70F85F389DFB208530922F010EF530922F010E2392FDE
:203BF8001F029604E9FF1F02534920F010EF534920F010E2392FC2819601E9FFC28109DF4B
:203C180049181E464CDCD4AF89FF1C193C054CDCD4AF89FF201976B30D0000033C010090AC
:203C3800913000FFD9FF300654F8370864F0EE0382023C096D003E00370864F04B0F41F13B
:203C58004BF251203C010090913000FFD9FF300654F8370864F2EE0382023C096D002A00D1
:203C7800370864F24B0F41F14BF251203C01009002486D0050018200DA003E84DA013E87CA
:203C98003C0B913000FF19F000263C08913000FF19F004263C0382023C0176094B0061F183
:203CB8007B0028044B0F51F04BF241203C0100906D00DA00913000FF39FF3106370F64021D
:203CD800DA003E0CDA01BE0BDA02BE0EDA035F0F2100DA045F0F23003C26913000FF39FF27
:203CF8000C16160FEE023C0A913000FF39FF0C16160F4B0F41F14BF251203C177B0017F4DD
:203D18004BF251203C127B001FF44BF251203C0D7B0027F44BF251203C087B002FF44BF2A7
:203D380051203C0382023C013C010090910000F6D9FF000054FF4B0F61213C010090913011
:203D580000FF39FF3706370F62F2EE06BB00C22B9BE2CB243C11913000FF39FF3706370F6D
:203D780062F25E19910000F6D9FF000054FF4B0F61213C0282023C010090913000FFD9FFAB
:203D980000066DFFDEFF09FF640816015E1A09FF6E08167FC21F4B0F41F14BF251203C242B
:203DB80009FF6408370FE1F15E1EBB00C20B9BE0CB0409FF6C08167FC21F4B0F41F14BF058
:203DD80051203C1209FF6908370FE5F0C21F4B0F41F14BF2410009FF6C08167FC21F4B0F41
:203DF80041F14BF051203C010090913000FFD9FF00066DFFA6FF09FF540816015E1A09FF56
:203E18005E08167FC21F4B0F41F14BF251203C2909FF5408370FE1F15E1EBB00C20B9BE014
:203E3800CB0409FF5C08167FC21F4B0F41F14BF051203C1709FF5908370FE7F0C21F4B0F6D
:203E580041F14BF2411009FF5C08167F921009FF5B08160FC21FE2F04B0041F14BF151207A
:203E78003C010090913000FF39FF3306370F62F282003E0482103E083C0ABB00C22B9BE28B
:203E9800CB243C013C066DFFB2FF3C0382023C013C0100906DFFE8FF913000FF39FF310630
:203EB800370F6402DA003E0CDA01BE0CDA02BE0FDA035F0F2200DA045F0F24003C279130CB
:203ED80000FF39FF3206160FEE0382023C0A913000FF39FF3206160F4B0F41F14BF25120EC
:203EF8003C177B001FF44BF251203C127B0027F44BF251203C0D7B002FF44BF251203C08B0
:203F18007B0037F44BF251203C0382023C013C0100906DFFA9FF913000FF39FF3106370FDF
:203F38006402DA003E0CDA01BE0CDA02BE0FDA035F0F2200DA045F0F24003C27913000FF91
:203F580039FF3106160FEE0382023C0A913000FF39FF3106160F4B0F41F14BF251203C1719
:203F78007B001FF44BF251203C127B0027F44BF251203C0D7B002FF44BF251203C087B0007
:203F980037F44BF251203C0382023C013C010090404F820891000026D922000009FF08196F
:203FB800742F6D009C0302296D00AD03022A02946D0095029130002F392F3046370FE1B186
:203FD8009130002F392F304696089130002FE92F304602946D00A30302A46D00A8023C013C
:203FF8009130002F392F3306370FE1F3EEFA9130002F392F3306B70F02F29130002FE92FC3
:2040180033069130002F392F330696409130002FE92F33069130002F392F180696109130CA
:20403800002FE92F18063C019130002F392F3306370FE1F3EEFA9130002F392F3706B71FC8
:2040580002F29130002FE92F37069130002F392F370696409130002FE92F37066D00B00141
:20407800A62802A46D008203DF087E8102A46D005E023C019130002F392F1406370FE1F2A1
:204098006EFA9130002F39201C0608AF37F007F09130002FE92F1C069130002F39201B06CC
:2040B800088F37F004F09130002FE92F1B069130002F39201906089F37F087F09130002F70
:2040D800E92F19069130002F392F180696409130002FE92F18069130002F392F1A06B70FE1
:2040F80001F09130002FE92F1A069130002F392F180696209130002FE92F18069130002F4D
:20411800392F1A0696019130002FE92F1A069130002F392F1A0696049130002FE92F1A0606
:20413800BB70714B9B1485436D00A7013C019130002F392F1406370F61F16EFA9130002F55
:20415800392F1806B70F01F09130002FE92F18063C019130002F392F3306370FE1F3EEFA14
:204178009130002F392F3306B71F02F29130002FE92F33063C019130002F392F3306370F77
:20419800E1F3EEFA48346D0078019130002F19203006485F82F1C61F26F0485F4841261F00
:2041B800A6F0DA0137F0020EDA0137F0010F9130002FD922300674203C019130002F392FE3
:2041D8003706370FE1F3EEFA9130002F19203406487F82F1C61F26F0487F4861261FA6F0A5
:2041F800DA0137F0020EDA0137F0010F9130002FD922340674203C019130002F392F03161C
:20421800370FE1F3EEFA9130002F19200016489F82F1C61F26F0489F4881261FA6F0DA018A
:2042380037F0010F9130002FD922001674203C019130002F392F0F16370FE1F3EEFA91301D
:20425800002F19200C1648BF82F1C61F26F048BF48A1261FA6F0DA0137F0010F9130002F7A
:20427800D9220C1674209130002F1920002648DF82F1C61F26F048DF48C1261FA6F09130C5
:20429800002FD922002674209130002F1920042648FF82F1C61F26F048FF48E1261FA6F0CF
:2042B8009130002FD9220426742002A46D005E029100802F192F140209F0041982F1C610CD
:2042D800260F09F0041982F1C610260F09F0041909F100192610A60F02946D000001910054
:2042F800802FD9221402742F02946D001802820C3C3702A46D001B013C019130002F392F61
:204318001406370FE1F26EFA9130002F39201C0653CC20F0C8121022142F37F007F0913022
:20433800002FE92F1C0602A46D00200253CC20F0C81210224C226E0953CC20F0C81210226C
:20435800092288092D02000053CC20F0C8121022092402096D009100C21C370C68C014FF8D
:204378003FFCC9FF02A46D00E200913000FF39FF1806B70F01F3913000FFE9FF180602A4F1
:204398006D00F40102946D00AA00913000FF39FF2C469608913000FFE9FF2C46913000FF14
:2043B80039FF304637BF81F1913000FFE9FF304602946D00B40102823C0100903B002880C5
:2043D80082096D008C01022A913000FF39F01006B7008202913000FFE9F01006913000FF6B
:2043F80039F01206910000F6D9FF000054F13B005AF29B6F02F04BF111229AF2370F68F0A4
:2044180037F005F0913000FFE9FF1206913000FF39FF10069604913000FFE9FF10063C0501
:20443800C2F8F68382193C0D913000FF39FF10066F1FF87F913000FF39FF11066F0FF27F3C
:2044580002A46D004C00913000FF39FF2C469608913000FFE9FF2C46913000FF39FF304655
:204478009608913000FFE9FF304602A46D00570102923C01009002486DFFF6FC913000FF34
:2044980039FF3506160F4B0F41F14BF251F03C014B8F41F04B0F71F185F110003C0185F026
:2044B8001000A2103FF0FDFF0090DA018B0401000F0F10F0913000FF59FF24860090DA01B1
:2044D8000F4F00F0913000FF19F0208626F0760382123C0282023C0100904DC0E1FF16074B
:2044F8003C0153CF20F060FF9130003F30F3D93F004654FF2E1B8F2420F0960154F03700E4
:2045180070088F002100A60F74FF86248F2440F154F0370070088F002100A60F74FF3C019D
:2045380054FF1601DF1FFE7F0090913000FF19FF30366F1F12008F2420F09601913000FFF6
:2045580019F03036370070088F002100A60F913000FF59FF303686248F2440F1913000FFF4
:2045780019F03036370070088F002100A60F913000FF59FF30363C01913000FF19FF3036A7
:204598001601DF1FFB7F00904DC0E1FF16073C01913000FFD9FF004653CF20F010FF54FF2B
:2045B8002E1B8F2420F0960154F0370070088F002100A60F74FF8F2420F0960254F037009F
:2045D80070088F002100A60F74FF3C0154FF1601DF1FFE7F084F96082CF454FF2E1B8F24ED
:2045F80020F0960154F0370070088F002100A60F74FF86248F3440F154F0370070088F0011
:204618002100A60F74FF3C0154FF6F0FFF7F0090913000FF19FF30366F1F12008F2420F07C
:204638009601913000FF19F03036370070088F002100A60F913000FF59FF30368F2420F047
:204658009602913000FF19F03036370070088F002100A60F913000FF59FF30363C019130EB
:2046780000FF19FF30361601DF1FFB7F913000FF39FF34369608913000FFE9FF3436913043
:2046980000FF19FF30366F1F12008F2420F09601913000FF19F03036370070088F002100FD
:2046B800A60F913000FF59FF303686248F3440F1913000FF19F03036370070088F00210083
:2046D800A60F913000FF59FF30363C01913000FF19FF30366F0FFC7F00904DC0E1FF160781
:2046F8003C0153CF20F060FF9130003F30F3D93F004654FF370F6EF18FFF83213C013C01AF
:204718000090913000FFD9FF303654FF370F6EF18FFF83213C013C0100904DC0E1FF1607B5
:204738003C0153CF20F060FF9130003F30F3D93F004654FF2E1B8F2420F0960154F03700A1
:2047580070088F002100A60F74FF86248F3440F154F0370070088F002100A60F74FF3C014B
:2047780054FF6F0FFF7F0090913000FF19FF30366F1F12008F2420F09601913000FF19F041
:204798003036370070088F002100A60F913000FF59FF303686248F3440F1913000FF19F0A2
:2047B8003036370070088F002100A60F913000FF59FF30363C01913000FF19FF30366F0FF0
:2047D800FC7F0090F647094F40189601894F00183C08DF140780094F40189604894F00184A
:2047F8000090F647094F7C089601894F3C083C08DF140780094F7C089610894F3C08009059
:20481800FF240B00538420F0911000F8D9FF243B10FFD4F23C02A0023C01009082F2820023
:204838003C17538020F0911000F8D9FF243B10FFD4FF7D4F0D80538020F0911000F8D9FFCB
:20485800243B10FF481F370F48203C04C210BF20EAFF3C010090404C405F09C0380909C117
:204878003C0914FFEE0C083F37F00500082F37F00504081F37F1011182183C0F14FF5E1C21
:20489800083F37F00508082F37F0050C081F37F1011382183C02820889C13C0989C0380938
:2048B80040C46DFFBDFF09FFC8086E26081FEE099140002FD9225028538220F010223C095B
:2048D8009140002FD9225028538220F01022B04208A009FFC8081421370F68F037F108F0D1
:2048F800342F0C21370F82F12C210C2396022C230C2196042C2108264CC4820102F009C361
:204918002C0982020F20A0400F31A0503C016DFFA3DB3C0114FF534F20F010C289223009A8
:2049380014F440C46DFF50FF14F440C46DFF5BFF08264CC4820102F009C32C0982020F205F
:20495800A0400F31A0503C016DFF86DB3C0114FF534F20F010C2481F42F28922300902824E
:204978003C010090025FC234B7040200370050808BC801008B8000406D00BE0CBC2640241B
:204998000B8F10486D0004003C010090C234B70402F0370F5000DA00894F1808DA01894F11
:2049B8001908804F8BCF01F0C27FB70F03F0744FDA00AC42DA00AC47DA00894F0A09894FB5
:2049D8000609DA00AC49AC48894094088945960840423C010090F445DA006C410C48960122
:2049F8002C480C4896022C480C48B70F01F12C480C48B70F81F12C480C48B70F01F22C48CA
:204A18000C4896202C480940C808DA0837F006F3AC440C49B70F01F22C49DA00894F0E09A9
:204A3800DA00894F1209DA00894F0A090C49B70F81F22C490C49B70F01F32C49094F58088D
:204A5800B70F01F0894F1808094F5808B70F81F0894F1808094F5808B70F01F1894F180840
:204A7800094F5808B70F81F1894F18080090DA00344FDA00AC41DA00AC42DA00AC43DA0017
:204A98002C48DA00AC45A00FEC43DA006C4400908F841EF08F0F0801B70408FC3704E81B02
:204AB800B71F812BDA7F7FF1048082020090DA967F1F048082023C068B6109F1325F0FF22B
:204AD800002037024820760432523702482000908F841EF08F0F0801B70408FC3704E81B09
:204AF800B71F812BDA7F7FF1048082020090DA967F1F048082023C068B6109F1325F0FF2EB
:204B180000203702502076043252370250200090B70408FC3704E80BB71F811BDA7F3FF096
:204B38000580DA967F0F0480820200908B6009F1325F0FF100103701682000909110004883
:204B5800D94418F51D0002008208404F8209820A820BC81CC82D483C09FF1001DF1F238020
:204B780080CF160180D08F100001FE046E04C2FC04DF24CF76CF8F3C00018FEC1FF06E09AD
:204B980002F140D2C2F16014442164C1FC4E90DD020CDF0CE07FC2FC60C204DF24CFFC2E58
:204BB8003CD9DE2580CF2E03C2FC24C9DF0CD37F8F3C00F106EC76C5C2FC60C264CAFC2F3B
:204BD8006EC9C2FF60F224CBFC2F3CC48F0F1F00DF002E008F3F0001DF102B8080CF8F3F09
:204BF80000D180DF1603FEDB76DB02D440C440D56D00EE0601CD00C601DD00D6A2DC76CFCF
:204C18008F3C00018FEC1FF06E0902F140D2C2F16014442164C1FC4E90DD020CDF0C9B7F2F
:204C380002C440C440D56D00D3063C9400901603DF2F91FF80CF16036E0702F440C46D00DC
:204C5800B00610CCA2FCDF0C867F8F3C004106EC76C5C2FC60C264C8FC2FDF047C7F40C4CA
:204C78006D009F061DFF77FF205089A4380989A62C0989A73409DA01A00F820909AA1019D8
:204C9800780C89A9081989A9280902A089A90019B70089FBF80678113700E8FB780802581F
:204CB800404C029D405D8BFF0FC27B00F8B376C658116E04029C09AD30095808BA0F78133B
:204CD800F68A3B700600580B3E043B7004007E0382183C23580D6F5F21803B100600580B35
:204CF8003E043B100400FE095811EE0382083C1582788F3F000082013C06C2F88FC31F1007
:204D18007723000E0B011028FBF0000026202631BA008B0100F4EEF2DA00780F02A46D0079
:204D380014087625DA2D780F67AABFAFEE0E580D8F8F0101DA087E03DA2B3C068B000102DE
:204D5800580FAB0FA2F0780F09A00019AA1089A00019DF0D1600580B911000F8D9FFBE248B
:204D780010FF081F2E37911000F8D9FF74B4F8063C1B911000F8D9FF78B4F8063C15DF0CBB
:204D98001D00580B911000F8D9FFBE2410FF081F2E36911000F8D9FF7CB43C05911000F813
:204DB800D9FF40C4F8065810BB90FF0F9239580D260F780D1D008C013B100600580B3E05B5
:204DD8003B1004005F0F27805808AB1F18FF780858109230F683580D2E22C210428058084A
:204DF8003BC0F91FC2207FF106003B4006103F1F0400DA033C0A3B60FF1F7FF106003BA010
:204E180000103F1F0400DA02780C580C12091D005F01580849AF0A0A6E7549A4140A02A4AC
:204E38006D004A0B09AC1409022A370CE8FB82006E55BBF028EC49AE130A7B0012D49B5E02
:204E5800CFE33C3F49A20A0A7D2E0C8049AF120A49AE130AA07209F03FF489E03FF4FC2CAD
:204E7800BBD0CC0C58059BC0DC0349A4140A4B0F41406D00210B89A20609DF0914806B0E72
:204E980021F24BDB41B04BDF41406DFF03FE762A4BBC514049A4140A82196D000D0B89A22A
:204EB800060909AF06096B0E21FF4BDF41406DFFF1FD8B0203F089EF3FF4580AC21F780A76
:204ED8005805370FE8FBEEBF3C0304EF24FF49A2130A012E20F4EEFA3C154B0A01F06F2FCA
:204EF80012007B0012043C064B0A41A0580AC2FF780A4B0A41F089AF06094BBF01F06F0F94
:204F1800F5FF3B600610580B028082093E143B6004107E13580A12803B500610580B3E1488
:204F38003B5004107E12C210CE03DA003C038B7000F310A2492E0A0A3C117B0012F449A488
:204F5800060A4BFA41406D00B70A022A09A406096DFFA0FD8B0203F024FF01FE20F4EE069A
:204F780049A2130A012F20F4EEE909EF000840EFC25F3C0A49AF0A0A01EF30F4EE0740EF1C
:204F980009EF3FF4C21F34EF3C08DA3134EF49EF010A580AC21F780A09E00008DA393F0FFE
:204FB800EB7F89F93FF049A20A0A012F20F4EE0609F00008DA305F0FF67F3B500600580BA5
:204FD800BE013B5004003E0E3B6006005F0F3C003B6004005F0F3800580A3FF80400FFDF14
:204FF800330058103B50062049AF0A0A9210580B09A10A083E243B5004207E2C761349AF44
:205018000B0A14FFEE04580DAE227682C21042803C17028276158BF81F2049AF0B0A14FF59
:20503800EE03580D2E22C21082013C0814FFEE03580D2E23C210B01FC2113F21F97F8B4048
:2050580000903C453B600600580B3E043B6004007E0F09A02809FA10AB10A09F581042F934
:20507800F684580D6F2F34001A8992193C300280580A49AF0A0A4EF4581092193C0D09A175
:20509800280958101219021F14F17612B01FABF01F00C2FFEEFA14FF6E02F604580D6F2FD4
:2050B8001700580AC219325F3C04C2FFC219C2F07607FF1FFC7F3C04C219B01FC2F076033A
:2050D80014FFEEFB580D16042B09009F580F6E0D580D16036E0A61FF1CD909A43C0940C447
:2050F8006D004404DA00780FD806BD0F1A803B100600580B3E043B100400FE02580D16037B
:205118006E0F54DFC22F61FFF1D86D002F04580B40C48B7F01406D002904DA017812580DF7
:205138006F0F1680580EA29F3C0F61FFF2D8580D40C416028B0F20F2864F8B0F02406D00DC
:205158001504580EC2FF780EFF1FF17F580F6E0861FFDFD809A43C0940C46D000704D806A3
:20517800BCFA40F440C56D00100454DFC23F74DF1D008A013B100600580B3E053B10040032
:205198005F0F9F808F28200058138B7001018B1F03A1BF1022008201DA177FF0080082126D
:2051B80058110F021020262F6E02821182F2C2F00F0200F0C6F2F6145811262F6E04581153
:2051D800A62F78115811C21F7811EF7F0600DA0078113B2003A05812EE0D54DFC22F61FFC8
:2051F80085D86D00C303580B40C48B7F01406D00BD0361FF8ED802A440C46D00B703F68318
:20521800580D2E2561FF7FD86D00B00358113B8001B054D08F1F00A0428074D03C183B000B
:205238000340DF0B1100C2CB02B032500F0A00F0160F8B0F0340DA397F4F0600580B8B6F08
:205258001CF042F440C46D009103C2F8FF18E97F580B40C48BFF00406D0088035808CEF669
:205278003BD00240325F78083C033BB0024040C46D007C03580C54D0C22F42F0580C8201CA
:2052980010AF34F13BA00010580CC2FF370F68F0780C10AF58084B1F01228B0303F034FF80
:2052B80009A220094B12012289A26009DF02EEFF74D040A440C56D0068031D00E5003B508E
:2052D800060049AF0A0ABE013B5004003E0E3B6006005F0F78003B6004005F0F7400580AA0
:2052F8003FF80400FFDF6F0009A00A08580AAB1F20A076093B700610580B3E143B700410B3
:205318007E12C2F861FF05D876063700684049AF0B0A3C033B00034040C46D00270314FF1B
:20533800EE0B580DAE29768C3B500600580B3E043B5004007E0561FFE6D76D001703820BA5
:205358003C1A09F00008F60A580DAE283B500610580B3E143B5004107E1D61FFDAD7760587
:2053780037006840B01F3C033B00034040C46D00FD02C21B3F8BE77F61FFCBD7580B40C4C4
:205398008FDF0F416D00F202C2FA54DFC21F0EA43BB002403C04325A3BD0024074DF40C4B7
:2053B8006D00E40261FFA7D78B00034040C46D00DD0261FFA0D78B01034040C46D00D60297
:2053D8003C6209AA28094EA854DFC21F61FF8ED76D00CC023C1954D0C21074D014F47643D9
:2053F800B01F3C033B00034040C46D00BF023B600600580B3E063B6004003E03ABF81F8865
:20541800C2FAFF1AEA7F3B600600580B3E063B6004003E0314FF6E02F684580D6F2F3400DA
:2054380061FF77D7580A3BE00240325F3C0854D03B000340C21074D0C2FFC2F840C46D006E
:205458009502768BFF1FF57F3C0861FF62D704F440C46D008B02C2F8768314FFEEF73B60F1
:205478000600580B3E0E3B6004003E0B580D2E2B3C0854DFC21F61FF39D76D007702C2F851
:20549800DF08F9FF580EA29F3C0A54D03B00024040C4C21074D06D006902C2FFFF1FF77F40
:2054B80000902010404C405D89A68C09DA00780209D40008DF045002DA257E4409D001041A
:2054D8007E08B01D49A5080A40C46D0048023CF1820A0BAA108809DF01003BD002007E0428
:2054F8008F1A40A13CF93BB002007E07BBF0FE0F26A08F8040A13CF03B0002007E066F3A5F
:20551800ECFF8F0A41A13CE83B0003007E048F2A40A13CE23B3002007E048F4A40A13CDCB0
:205538003BA00200FE03D803B04FF80309F83CF9CE848F1A40A1325809DF01003C0D13A817
:2055580020FF8B0F1D8009DF01008B0F1D0037006800BFA0F6FF3BE002005F0F23808F0A83
:2055780042A109DF01003BA00200FE05D803B04FF80309F93CF9CE968F1A40F1BBF0FDAFC6
:2055980026FA09DF01003C0D13A920FF8B0F1D9009DF01008B0F1D0037006800BFA0F6FFEC
:2055B8003BC006007E048F0A48A13C1E3B8006007E048F0A44A13C183BC004007E048F0A45
:2055D80050A13C123BA006007E04B71A81A43C0C3BA007007E04B71A01A53C063B40070034
:2055F800FE01B71A81A53BC006003E043B8006007E0709D000087E04B71A01A6B01D09DF84
:2056180001003B3006005F0F2F808F1A00F1EE0E3C093B00024049A5080A40C46D009F017A
:20563800C2F87F890400FF28F67FD80340C449A5080AB04FF80309F03CF9370048406D00BD
:205658008E01DF0F377F3C093B00024049A5080A40C46D008401C2F87F892C7FFF28F67F3E
:205678001DFF28FF3B400600BE013B9006003E0E3BF006003E0B3B8007003E083B80050030
:205698003E053B5007005F0F598082023B4006003E043B9006007E0282123B0008010F0A4D
:2056B80080105F0104006F9A05003B8000003C0282403B8000105F100980D80349FF080A1D
:2056D800F80309F078F93C15D803B04FF80309F03CF90B0000080B0110483B0004010F0A29
:2056F80080105F010D807628370448000B0000080B0110483C13370468403C0F3B000400C1
:205718005F010B807626370450000B0000483C06370470403C02F62282056F5A0600BBD0A8
:20573800FF0F260A3C0282190BFA106889A440090B8910481D00CB003B300700FE066F5A34
:205758000680BBF0FF9F9BF9FF97D8030BA8104840C5029649A6080AB04FF80309F4BCF908
:205778006D00AB021DFFA6FE3B600600BE063B600400BE033B500600BE003B5004003E0D49
:205798003B7006003E0A3B7004003E073B1006003E043B1004007E0DD8038F0A0211AB69FC
:2057B8008091B04FF80302F609F03CF974A03C2C3B200700FE086F6A0800D803B04FF80306
:2057D80009F03CFA3C06D803B04FF80309F03CF98F0A02F1EA69DA004BF051F174AF3B6049
:2057F80006603C123B200500FE09D8038F0A02F1EA6949FF080AF80309F478F96DFF0ED4AB
:205818003B60066074A20B89104849A5080A02A740C46DFF2BFA1DFF4DFE3B0007005F0F18
:205838005D806F8A45006F0A0E80DA113C093B00024049A5080A40C46D009100C2F83F8FF7
:20585800F8FFD803A03E49FF080A09FF3FF449A5080A370F684040C46D000001FCE73BA0CD
:20587800034049A5080A40C46D007900D803A03E49FF040A09FF3FF449A5080A370F6840AB
:2058980040C46D00EB00FCE7DA113C093B00024049A5080A40C46D006200C2F83F8FF8FFB2
:2058B800D80349FF080AF8031DFF04FED8033B8000400245B04FF8038F2A407109F03CF9D3
:2058D800820189A040093B80076049A5080A40C46D00DF001DFFEEFD3BE006005F0F3780FC
:2058F8003B0008010F0A80F03E036F9A0E00D803B04FF80309FFBCF909A00809820189F023
:2059180040091DFFD7FD3B000401260ADA407EAAD803B04FF80309FFBCF95802B4FF1DFFC9
:20593800C9FD5F0A0B80D803B04FF80309FFBCF9580234FF1DFFBEFDD803B04FF80309FFC2
:20595800BCF9580274FF1DFFB5FD910000F6DA1959FF2C1009A20809009037046840545FEF
:20597800C21F745F1D000200D44FBCF440F41D00DC05CC414C4280F07FF0068034F4CC4102
:20599800B01FEC410090404F405C3C06370F684040C46DFFEBFF09FF0100EEF900903BF003
:2059B8000F00804F1603063F0FF0100082FFC6F0C2F4604F804FB70F02F060F2B014542FC8
:2059D800260F742F77000004FCF60090804F16033BF00F008F3F00100F10100082F1C61062
:2059F800C2F4604F8041B7010220095101008F3F0030B0140F3110106022C21F5422160320
:205A18002602A612742277000004FDF0ED7F0090404F0B4510A849FD160A026840FCDA0017
:205A380034DF820702860BAB10486DFFDBD323820A0A0B2310A88BA060F2CA708B0003F02E
:205A580089DF3FF48B0220F28B0300F5EEEB04DF24FFEEFE40C200900248404F8FC83F4065
:205A7800405CDA090B4F2001DA37AB0F83F042F46DFF75FF8FF8000140F4DA0940C50B0F02
:205A98002011DA37AB0F834142041DFF68FF026E2020DA58404F0B4510A8405C027909AC20
:205AB800600982085FEF7300DA643EEDDA693EEBDA6F5FEF6C00DA75BEE4DA785FEF67004A
:205AD8001D00ED00D2000B0C50F10B1D00F20BD190F2EE073BD002800BC0C0C00BD1D0D0B9
:205AF8000BCD104840A43BA000606DFF93FFF6B6BA0C8B0D00F4DF0FDF8040A46D002E0572
:205B1800370268C0DF081180DA753EE88F890101DA087E043BB002803C078F8901F18B0F4D
:205B380001F2AB08A28F768CABFA1FAA8F3900F16E0740F4028440C56DFF11FF82086F099B
:205B580014808F2900F18B0F20F2864F8B0F02F03C0740F402F440C56DFF01FFC2FA7FAB1F
:205B780004003FACF87F768E40F4028440C56DFFF6FE3C08C2FB61FFB4D36DFFF0FEABFA9D
:205B98001FAA3FBCF97F1D008A008BFE268240A48F3820F08B8F00600BCD10486DFF3AFFCF
:205BB800DA78FEE314AF40A26E10092000088BF01BF0370F6810DA193F1F05808B0002F0AF
:205BD800342F092F0104EEF240A46D00C704370268F078068B0C20F28B0D00F5EE0AF6B628
:205BF800DF086A806F296800821BBBB0FFFF26F96F291B006F191300768E61FF72D36DFF34
:205C1800AEFEABFA1FAA40F402E440C56DFFA7FEABFA1FAABBB0FFFF26F9DA6F7EE5580622
:205C38003FBF0300921B6F29090076875806C22BC22F370F68F078066F0915808F2900F1F2
:205C58008B0F20F2864F8B0F02C03C0740F402C440C56DFF84FEC2FA7FAB050058063FAFE8
:205C7800F77F6F291900DF08170061FF3AD36DFF76FEABFA1FAA40F402E440C56DFF6FFE34
:205C9800ABFA1FAA3C08C2FB61FF2BD36DFF67FEABFA1FAA58063FBFF87FBBF0F74F40A438
:205CB800BBF0FF6F40F5269440C602A59BF6FF671D00030000900248404F025F405C02692F
:205CD800406D6D004B04022A6F0819803C083B00024040C440D56DFF42FEC2FF3FFAF97F0F
:205CF8003FF9F77F3C0BC2F909F40100DF04110040C440D56DFF33FE8AFFDF09F6FF3C088A
:205D18003B00024040C4C2FF40D56DFF28FEEEF90090910000F6D9FF0400D4F291200056DB
:205D3800D955408A01240046015420F4EE0891200056D955C08A014530F4EE0482FF60F2DB
:205D58000090F4F400908F141E20009049AA30BA6D0018046D00CE0482003C06532020F0C6
:205D780010AFA860C210DA403FF0FA7F3B0004003C08532020F010AF8B0008F1ACF6C210F3
:205D9800DA803FF0F87F82046D000F10BB00804F82056D00FF0F82046D004D0D6D00FE0392
:205DB8001D0056016D00F50ADAF0B4AFDA50ACA2DA002CA882043B80075091100048D944FA
:205DD800343B3B000F603B0005706D002A133BC05D406D00D718BB0043486D00AF0C820450
:205DF8003B00075091100048D944BF646D00BF13DA1FB4AF3B0005403B0007503B00016087
:205E180091100048D9442E9582476D007A11DA0634AF82043B0008503B603F649B26156C84
:205E380082176D001B12DA0434AF3B0005403B0008503B603F649B2615643B8000706D0033
:205E58000D1282043B0009503B10F86F82276D0087123B0005403B0009503BF00F60824719
:205E78006D00DB1382043B000A503B00006882476D0076123B0005403B000A50BBF0FF6F05
:205E980082676D00CA1382043B000B507B0000683B8000706D0064123B0005403B000B5094
:205EB80082F63B8000706D00B8133B803E406D006918BB0043486D00410CDA40B4AFDA2051
:205ED800ACA23B8005403B00095049A40C0A3B0008603B0004706D0000143B803E406D004C
:205EF8005118BB0043486D00290CDA80B4AFDA40ACA23B8003403B00085049A40C0A3B0045
:205F180008603B0004706D00E8133B803E406D0039186D003E0A82083C123BF065F6B4AF7D
:205F380082048205370870603BF013706D00EE0A3B4001406D0026188BA80080DAF03FF8FF
:205F5800EE7F3BF065F6B4AF820482053BF00E603BF013706D00DA0A3B6013F03C113BF018
:205F78006506B4A0820482053BF00E6002F76D00CD0A3B4001406D0005188B6F1FF0FF0F0A
:205F9800F07F3BF065F6B4AF3BF00E4082053BF00E603BF013706D00B90ADAE63C123BF0E1
:205FB8006506B4A03BF00E4082053BF0137002F66D00AC0A3B4001406D00E4178B6F1FF014
:205FD800FF0FEF7F3BF065F6B4AF3BF00E40820582063BF013706D00990A3B6013F03C1113
:205FF8003BF06506B4A03BF00E408205820602F76D008C0A3B4001406D00C4178B6F1FF00E
:20601800FF0FF07F3B803E406D00BC17BB00804F6D00940B3B401F406D00B4173B007E40D1
:206038006D008C0B3B401F406D00AC173BF001406D00840B3B401F406D00A417BBF0FF4FD7
:206058006D007C0B3B401F406D009C171DFFACFE00906D00CF0282046D00D5086D009E02C9
:206078003C013C000090BD043100B0C4404C54CF910000D6B70F0180D9DD3410D4DF74C853
:2060980001C800E654EF6E04AE0342F83CF954F001F000267DC20580420874F840FCEE1055
:2060B80082046DFF38FEB04E7DE20A80325802846DFF31FE802F1EF3DA0074CFD4DF80CF2F
:2060D80080F00B0F90F174DF00900D00000282046D00990882046DFFADD58278DA010F8F30
:2060F80000F0892F28290D00400200800D00000282046D00880882046DFF9CD5DA0982184E
:206118000FF80080892828290D00400200800D00000282046D00770882146DFF8BD5827832
:20613800DA010F8F00F0892F28290D00400200800D00000282046D00660882146DFF7AD545
:20615800DA0982180FF80080892828290D00400200800D00000282046D005508910000F66C
:20617800D9FF1010D4FF2D0F00000D00400200800D00000282046D00460882046DFFA1F15D
:20619800762482046DFF93F182446DFF9AF1762482446DFF8CF10D00400200800D000002F3
:2061B80082046D00300882146DFF8BF1762B82146DFF7DF1910000F6D9FF1C10D4FF2D0F73
:2061D800000082546DFF7DF1762482546DFF6FF10D00400200800D00000282046D001308CF
:2061F80082346DFF6EF1762B82346DFF60F1910000F6D9FF1810D4FF2D0F000082746DFFFA
:2062180060F1762482746DFF52F10D00400200800D00000282046D00F60791000046D94414
:2062380028A06DFFABD40D00400200800D00000282046D00E8076D0086020D00400200800F
:206258000D00000282046D00DE070D00400200800D00000282046D00D60791000046D9449D
:2062780014C06DFF8BD40D00400200800D00000282046D00C807910000F6D9FF1410D4FF71
:206298002D0F00000D00400200800D00000282046D00B90791000046D94400E06DFF6ED497
:2062B8000D00400200800D00000282046D00AB07910000F6D9FF2010D4FF2D0F00000D0098
:2062D800400200800D00000282046D009C0791000046D9442CF06DFF51D40D0040020080CF
:2062F8000D00000282046D008E076D0090070D0040020080C234B70402F06E659249DF09E3
:206318006300910000F6D9FF341054FFEE1582046DFF01FD802F325F160392446DFFFBFC87
:206338008020DFF051001022F4F291000046B542301082007420D4FC820A3C0310CCB0FC26
:2063580054CF6E036F0FFCFFF4FC3C1DB70801F010CF6F08188054FFEE1182046DFFDBFC16
:2063780049F4040A7D420F80325802846DFFD3FC802F1EF874CA82083C0CAE0442F874C824
:2063980040CF40FC54C876856F08E2FF3F98E0FFDF082680BF19180002946DFFBCFC802F8F
:2063B8009EF249CF040A01F220F4EE0D012F30F4EE12802F325F1603102F92446DFFABFC38
:2063D800802F5EF3A002009001CF2020802F960174CF40FC01C900F674FA3C0A9A493FF810
:2063F800078001C900F6A29874F83C0202898F1940F174CF49C2040A0090DF043000404F68
:20641800BF842780804F8F3F000180518F3100115F101F802E06C2F4045F344F494F010AB9
:2064380080FF2E16045F24FFC2E4045F24FF8F7400018FD41FF06E0B02F14052C2F1601632
:206458000922480189F24801FC6CD05502047646C2F46042045F24FFFC2E40420090404FF4
:20647800BF852380804F2E05C2F53444494F010A80FF2E1424F4C2E524F48F7500F106D5E1
:20649800DF051200D200764A370468008F802010A6108F002110A6100201C2F5605289F069
:2064B8004801FC2E02F57655C2F5605224F4FC2F40420090024F370FE81B8F1F1E00DAFF92
:2064D8007E17024F7444B70F89FB6E123C0B8FF00150DA7F7FF10900DA00B70F81FFA65F2E
:2064F800744F02420090DA963FF10A007444DA00B70F81FF8FF00120A6F20090B704890B54
:206518008F71012082F38B6109110F1300302630B700890BA652A60274426B0231F4B70F26
:20653800812FA6520090024F8204370F68506D00C22002F23C010090201049A6100AA00F3E
:20655800F4AF89A4840982FF780240A46DFFABF7D801DA0034FF0090404F044FEEFF01F49F
:2065780020F080F2C2F200903C08C2F4044F04506E023E0352020090DF04F9FF8202009018
:206598006D0031066D0036006D003F006D00B71482046D00380600904DC0E1FF16073C01B0
:2065B8006E083C01910000F6D9FF381014FF6EFB4DC0E1FF16073C01910000F6D9FF3810FF
:2065D80010FFDA0134FF8218DA003C0B910000F6D9FF381010FF14F0E20837086880C21F1F
:2065F800BF2FF6FF82146D00CD14DF08EE7F00906DFF75F002246DFFC9EF6DFF84F00224B7
:206618006DFF08F00090910000F6D9FF3C106DFFEEEB68224DC0E1FF8F7F00413C019100EA
:2066380000F6D9FF3C106DFF25EB6812910000F6D9FF3C106DFF30EC74F2910000FFBCF15C
:206658006DFF12EC913000FF39FF3506160F4B0F41F14BF251F03C013C01910000F6D9FF7D
:206678003C106CF30090404F0258F64791000026D9220C00142FEE023C1F91000026D922A3
:206698000800142F6E033C013C0091000026D9220800DA00C21F342F6D0099053C0C9110E1
:2066B8000048D9449584A00640F502846D0075006D0004003CF500902008DA0074AFDA00D0
:2066D8007801DA0074AF3C0FDA0078013C045801C21F780158013BF0FF017FF0FAFF54AFAC
:2066F800C21F74AF54AF3BF0FF007FF0EFFF0090201849A4000A6D003102910000F8D9FF34
:2067180096E6F80249A4000A6D00EC018204BB00205C9B150050820682076D00441C91006E
:206738000046D9442430820491000056D95520203B0004506D008002820482156D004B1E3E
:206758000090910000F6D9FF100014FF6E13820491000046D94420306D002A1E9100004638
:20677800D944243091000056D955203082146D0059030090404676423C0E910000F6D9FF55
:20679800100014FF6E0891100048D944A28402546D0003000090D9AAE86F404C405D024879
:2067B800406E820089A08C08DA00ACA7DA007804DA00ACAADA00ACAB40D46DFFCFFE89A278
:2067D800100991000026D9220C20092FC0086E08910000F6D9FF0C20C84F2D0F00009100C5
:2067F80000F6D9FF100014F0DF007B01910000F6D9FF0C2009FFC008DF0F3F0109A0960874
:206818008CABC21FACAB910000F6D9FF0C20C83F82043700705040C42D0F000040D46DFF22
:206838009DFE89A21009910000F6D9FF0C2009F0C208910000F6D9FF0C20086F4BF00102D3
:2068580089A094083C0109DF0008B01DEEFDDA00ACA73C11B0FD09D00008DA2F3E0509D049
:206878000008DA5C7E0509AFCE08C21FACA75804C2FF780409AFCE08FF2F05805804FF0F39
:20689800EB7F58040EFCB01DF4AD49A4180A91100058D95588746DFF51FE3C1709AFCE08D4
:2068B800EE0BF4AD49A4180A91100058D95591746DFF44FE3C0AF4AD49A4180A911000584E
:2068D800D95588746DFF3AFEDA00ACA63C4CDA00ACA73C2349A4180A6DFF40FE09A0CC085C
:2068F8008CAA09A1CE0803F00AF17FF203803C1A09AFCE0810AF49FF184A09A0CC088CAAE8
:2069180009A1CE0803F00AF110A2092F180834FF09AFCE08C21FACA709A0CE088CAA3FF00E
:20693800DB7F09AFCE0810AF49FF184ADA0034FF910000F6D9FF0C2008708CABE2F08CAB9E
:20695800C21FACAB910000F6D9FF0C20C83F82043700705049A4184A2D0F000009AFCC08C1
:20697800C21FACA609A9CC0849A4180A6DFFF6FD8CAA4BF211029A103FF9ABFF74A849A4BD
:20699800180A91100058D9559E746DFFD7FD910000F6D9FF0C20087F09A09608E2F08CABE2
:2069B800C21FACAB910000F6D9FF0C20C83F82043700705049A4180A2D0F0000A00F7DEF12
:2069D8005B00DA00ACA63C4CDA00ACA73C2240E46DFFC4FD09A0CC088CAA09A1CE0803F08E
:2069F8000AF17FF203803C1A09AFCE0810AF49FF184A09A0CC088CAA09A1CE0803F00AF122
:206A180010E2092F000834FF09AFCE08C21FACA709A0CE088CAA3FF0DC7F09AFCE0810AFAB
:206A380049FF184ADA0034FF910000F6D9FF0C20087F09A09608E2F08CABC21FACAB91005C
:206A580000F6D9FF0C20C83F82043700705049A4184A2D0F000009AFCC08C21FACA609A8A5
:206A7800CC0840E46DFF7AFD8CAA4BF211029A103FF8ACFF3C3549A4185A82043B00105020
:206A98006DFFEFFC910000F6D9FF0C20C82F40C42D0F0000A00F7DEF1000F4AD89A80409BB
:206AB80089AE880949A4185A91100058D955A7746DFF44FD3C0CF4AD89A8040949A4185A22
:206AD80091100058D95580846DFF38FD910000F6D9FF0C20C82F49A4185A2D0F0000009025
:206AF800910000F6D9FF0C20094FC008B4FF910000F6D9FF0C20094FC208ACF1910000F64F
:206B1800D9FF0C20094FC408ACF2910000F6D9FF0C200C462CF6910000F6D9FF0C200C47BA
:206B38002CF7910000F6D9FF0C2009428809E822910000F6D9FF0C2009428C09E832910093
:206B58000026D9220C20CC44EC24910000F6D9FF1000DA0134FF0090DA00B44FBBF0FFFF1D
:206B7800AC41BBF0FFFFAC42DAFF2C46DAFF2C47A00FEC42A00FEC43A00FEC440090820432
:206B98006D00A41D0090404FA00201F2104491100048D944AE843B5005506DFF66FD820836
:206BB80014FF960134FFDA006CF2DA006CF3485F6CF4081F82003E0682103E0A8220BE0041
:206BD8003C17C814820448556DFF4BFC3C11C8148204485F532F20506DFF43FC3C09C81484
:206BF8008204485F534F20506DFF3BFC3C01DA0034FF02823C0100904C43424F6C433C06EF
:206C18004C4309401409A20F6C434C4509400C097FF0F8FF00904C42424F6C423C064C4285
:206C380009401409A20F6C424C45094008097FF0F8FF0090404F024F405C0258A00201F22B
:206C5800104491100048D944AE843B2022506DFF0CFD8202E81C820034F02CF1DA006CF2CB
:206C7800DA006CF3684868583C010090404F405C406D0249A00201F2104491100048D94474
:206C9800AE843B1016506DFFF0FCA00201D2104491100048D944AE843B2016506DFFE5FC92
:206CB80082088200A0027DC2058082381D00900014FF16036E0574D082681D009F0040F426
:206CD8006D009F0054D07F020B8074D28278F62714FFB70F81F134FF1D00900014FF960827
:206CF80034FF485F4830520A54D03F0A2B80081F82003E0682103E0C8220BE063C21C81250
:206D1800483F102554D440C46DFF79FB3C19C812483F532F20F0102554DF532F204040C4FD
:206D38006DFF6DFB3C0DC812483F534F20F0102554DF534F204040C46DFF61FB3C013C4319
:206D5800081F82003E078210BE0482205F0F27003C3AC812483F102540C402A46DFF4FFB36
:206D780001CA0046C81554D4A2A46DFF48FB3C2BC812483F532F20F01025532A204040C480
:206D98006DFF3DFB532A20F010C4C81554DFA2AF532F20406DFF33FB3C16C812483F534FA4
:206DB80020F01025534A204040C46DFF28FB534A20F010C4C81554DFA2AF534F20406DFF96
:206DD8001EFB3C0114FFB70F81F134FFDF09168014F0DA0B7E0382283C1014FF960234FF0B
:206DF80054D440F46DFF0AFF484F54D0420F6CF414FFB70F81F034FF02823C010090404FE1
:206E1800A002012F104491100048D944AE843B6007506DFF2AFC485F484052023C01009028
:206E3800404F405C0248A00201F2104491100048D944AE843B000B506DFF17FC8209A00262
:206E58007DC2058082391D00B50014FF16056E0482491D00AF0014FF960434FF484F3F8F4D
:206E7800A480485F4820520A7F8A69800810DA003E0882115F012000DA025F0F3E003C5D0D
:206E9800C812482F102440C502A46DFFB8FA40F402A46DFFC2FEC812482F102401CA0056E0
:206EB8000BA880406DFFABFA0BA8804040F46DFFB4FE3C43C812482F532F20F01024532A5E
:206ED800204040C56DFF9BFA40F402A46DFFA5FEC812482F532F20F01024532A20F010C5D2
:206EF8005AA8532F20406DFF8AFA0BA8804040F46DFF93FE3C22C812482F534F20F010246D
:206F1800534A204040C56DFF7AFA40F402A46DFF84FEC812482F534F20F01024534A20F0CB
:206F380010C55AA8534F20406DFF69FA0BA8804040F46DFF72FE3C013C33081F82003E0675
:206F58008210BE008220BE0D3C2BC812482F102440C502846DFF53FA40F402846DFF5DFEAB
:206F78003C1FC812482F532F20F010245328204040C56DFF44FA40F402846DFF4EFE3C103F
:206F9800C812482F534F20F010245348204040C56DFF35FA40F402846DFF3FFE3C01484FD0
:206FB800A28F6CF43C02825914FFB70F01F134FF02923C0100902058404C0B451088A00F15
:206FD80001FC104491100048D9442EB53B301C506DFF4BFB0290A00F7DCF04801D00880020
:206FF8004B08312182014B180110370161F06E05DA2D34CFB01C3C0E3708E8FBBA0F6E0A5E
:20701800DA3034CFB01CDA2E34CFB01CDA3034CF3C6E4B0241F16B0F31F83C06C2F07B0060
:2070380012144B1F41F0DF00FBFF4B0F31418206534620F010AFDA0A4BF2010274F19A16A9
:20705800370F6860DA0A4BF20122DF02F3FF3C189AF6534F20F010AF54F00E079AF6534F13
:2070780020F010AF54FF3C079AF6534F20F010AF54FF325F8B0F03F034CFB01CC2F6DF06B5
:20709800E9FFDF0935008202DA2E34CFB01CF644DA3034CF3C2C3C0F534220F010AFDA0A36
:2070B8004BF4010268C19A12370F6820DA0A4BF40142C2F9DF09F2FF3C189AF2534F20F047
:2070D80010AF48CF0EF79AF2534F20F010AF48CF3C079AF2534F20F010AF48CF325F8B0F27
:2070F80003F034CFB01CC2F2DF02E9FF00902010404C0248A00F01FC104491100048D9449D
:207118002EB53B0008506DFFB0FADA00A00F7DCF03803C29CE873BD0020034C0B01C325862
:207138003C05F684DA3034CF3C1E3C113BA000004B0801020E123C02325110AF34F1C21FF1
:20715800370F68F03BA000004B080182DF08F0FF3C0910AF09F07FF88B00030034C0B01C30
:20717800C2FFEEF800902010404C0248A00F01FC104491100048D9442EB53BC00C506DFF0E
:2071980074FADA00A00F7DCF03803C1FF684DA3034CF3C1B3C0E10AF3BA000004B0811028E
:2071B80034F1C21F370F68F03BA000004B081182DF08F3FF3C0910AF09F03FF88B000300B7
:2071D80034C0B01CC2FFEEF800906D000C006D00C70F6D00D40F6D00F60E82046D0013001D
:2071F80000904DC0E2FF370FE1F78B0F20F23C010D00400300003C013C018B0F00223C012F
:207218000090F6430D00000300902010DA0089AF0609910000F6D9FF200014FFDF0FB80064
:207238003C0A91000046D9443C3049A50A0A82146DFFF8FD823449A40A0A6D00B918DF02C1
:20725800F2FF0CAA3BA000005F0FA280DA0689AF060991000046D9443C3049A5000A49A696
:20727800060A82146DFF04FD49A4030A91100058D9551AC582346DFF79F9DF022480910039
:2072980000F6D9FF1C0014FF9E2C910000F6D9FF1C00DA0134FF91000046D9443C306DFFBA
:2072B800B0FD89A2060991000046D9443C3091000056D955146049A6060A82046DFFD8FC21
:2072D8003C5A49A4030A91100058D9551EC582346DFF4CF9DF022480910000F6D9FF180099
:2072F80014FF9E2C910000F6D9FF1800DA0134FF91000046D9443C306DFF83FD89A206098E
:2073180091000046D9443C3091000056D955144049A6060A82046DFFABFC3C2D49A4030A91
:2073380091100058D95522C582346DFF1FF9DF022380910000F6D9FF240014FF9E2C910078
:2073580000F6D9FF2400DA0134FF91000046D9443C306DFF56FD89A2060991000046D944C8
:207378003C3091000056D955148049A6060A82046DFF7EFC91000046D9443C306DFF05FCA8
:20739800910000F6D9FF1400DA0134FF0090910000F6D9FF001009FFC008532F20406DFF37
:2073B800ABF7402C910000F6D9FF340014FFEE13DA006E093B201E406D00150EB042DA0496
:2073D800742F3C093B201E406D000D0EB0427B4000F0742F82048205910000F6D9FF0010B0
:2073F80009FFC008C2FF370F7060910000F6D9FF380009FFC008C2FF370F70706D0000050E
:2074180082003C0E532020F010CF91000026D9222800092FC008B4FFC2103700700091008F
:2074380000F6D9FF001009FFC0083FF0EDFFDA003C0D910000F6D9FF001009F4C00840C410
:207458006D00920AC21F370F70F0910000F6D9FF380009F0C0083F0FEEFF910000F6D9FF92
:20747800340014FFEE13DA016E093B201E406D00BA0DB042DA04742F3C093B201E406D008F
:20749800B20DB0427B4000F0742F40C46DFFEDF50090201849A4000A6DFF60FBDA01B4AFBF
:2074B800910000F6D9FF001009FFC008ACA1910000F6D9FF380009FFC008ACA2910000F6EC
:2074D800D9FF300014FF82003E0682103E0982203E0C3C0CDA062CA6DA082CA73C07DA081A
:2074F8002CA6DA102CA73C023C01911000F8D9FF4268F803910000F8D9FF26E7F80449A4FD
:20751800000A6DFFEFFA00902008024F0B561088027A09ABC808910000F6D9FF001009F08A
:20753800C0080B0F304191100048D94426C53BF021506DFF9AF8910000F6D9FF380009F0C5
:20755800C0080B08304191100048D94426C53B0022506DFF8AF8910000F6D9FF001009F0D3
:20757800C0080B09304191100048D94426C53B1022506DFF7AF8910000F6D9FF380009F08A
:20759800C0080B0A304191100048D94426C53B2022506DFF6AF87F9F0580821074A03C0371
:2075B80082F074A07FA80480821E3C0282FEBE910BA880004B00410152914B0141114B1039
:2075D80051D04B0861014B0F61116BD171C03C123C090B98104802B66D00530042E8370815
:2075F80070805FA8F8FF0B9A104802B66D0049003C460BA880000E040BA880003C040BA82D
:207618008000325052910E1352913C03529132517F011D003C130BF8104802B66D00310027
:2076380042E8370870804B0861F16B0C31FF4BDF51406DFF4FEA370270F05FA8EEFF0BFA9B
:20765800104802B66D001D003C1A3C120BF8104802B66D00160054A0420F370F70F04B0FF9
:2076780061016BD0614C6DFF35EA370270805F9FEFFF0B98104802B66D00030000900B4505
:207698001088026A910000F6D9FF001009FFC0080BF8304191100048D94426C53B1020506F
:2076B8006DFFE3F7910000F6D9FF380009FFC0080BF9304191100048D94426C53B202050D4
:2076D8006DFFD3F7910000F6D9FF340014FFEE13DA006E093B201E406D00850CB042DA04DD
:2076F800742F3C093B201E406D007D0CB0427B4000F0742F0B8910480B8910686D008003B3
:2077180002A46D009D08910000F6D9FF340014FFEE13DA016E093B201E406D00640CB04218
:20773800DA04742F3C093B201E406D005C0CB0427B4000F0742F00900248910000F6D9FF64
:20775800001009FFC008532F20406DFFD5F5402C910000F6D9FF340014FFEE13DA006E09B5
:207778003B201E406D003F0CB042DA04742F3C093B201E406D00370CB0427B4000F0742F1F
:2077980082048205910000F6D9FF001009FFC008C2FF370F7060910000F6D9FF380009FF0F
:2077B800C008C2FF370F70706D002A0382003C08532020F010CFB4F8C2103700700091008A
:2077D80000F6D9FF001009FFC0083FF0F3FFDA003C0D910000F6D9FF001009F4C00840C467
:2077F8006D00C208C21F370F70F0910000F6D9FF380009F0C0083F0FEEFF910000F6D9FFC1
:20781800340014FFEE13DA016E093B201E406D00EA0BB042DA04742F3C093B201E406D00BD
:20783800E20BB0427B4000F0742F40C46DFF1DF400902010DF045580910000F6D9FF340077
:20785800DA0034FF910000F6D9FF0C103B101EF0B4FF910000F6D9FF04103B401EF0B4FFCD
:20787800910000F6D9FF08103B201EF0B4FFDAD3B4AFDAD9ACA23B3019F0ACA4822482055B
:20789800BB0070689B3639603BE00C706D00B20C3B001E408215820682376D001E0C910078
:2078B80000F6D9FF0C1094F48215820682376D00140C910000F6D9FF081094F482158216AB
:2078D80082376D000A0C910000F6D9FF041094F48215821682376D00000C1D0085009100C5
:2078F80000F6D9FF3400DA0134FF910000F6D9FF0C103B001EF0B4FF910000F6D9FF041076
:207918003B401EF0B4FF910000F6D9FF08103B201EF0B4FF3B001E408215820682376D00A2
:20793800DC0B910000F6D9FF041094F48215820682376D00D20B910000F6D9FF081094F42C
:207958008215821682376D00C80B3B301E408215820682376D00C10B3B501E408215820605
:2079780082376D00BA0B3B101E408215821682376D00B30B3B9016408215821682376D00D2
:20799800AC0B3BA016408215821682376D00A50B3BB016408215821682376D009E0B3BC0A8
:2079B80016408215821682376D00970B3B001A408215821682376D00900B3B101A408215A1
:2079D800821682376D00890B3B201A408215821682376D00820B3B301A40821582168237F9
:2079F8006D007B0B910000F6D9FF2C0014F46D00DC01910000F6D9FF3C0009F4C0089100AE
:207A180000F6D9FF280009F5C0086D00C301DA016E14910000F6D9FF041094F46D00E30AAF
:207A3800B0428210910000F6D9FF041094FF161F0FF0100074203C14910000F6D9FF041009
:207A580094F46D00D00AB0427B100000910000F6D9FF041094FF161F0FF010007420DA000A
:207A78006E14910000F6D9FF0C1094F46D00BB0AB0428210910000F6D9FF0C1094FF161F70
:207A98000FF0100074203C14910000F6D9FF0C1094F46D00A80AB0427B100000910000F6B5
:207AB800D9FF0C1094FF161F0FF01000742082546D00680ADA016E14910000F6D9FF0C10C2
:207AD80094F46D00900AB0428210910000F6D9FF0C1094FF161F0FF0100074203C149100B4
:207AF80000F6D9FF0C1094F46D007D0AB0427B100000910000F6D9FF0C1094FF161F0FF049
:207B1800100074203B8007406D003C0A910000F6D9FF340014FFEE13DA006E093B201E4043
:207B38006D00610AB042DA04742F3C093B201E406D00590AB0427B4000F0742F3B10014048
:207B58006D008B083B8007406D001C0A3B6003406D008308910000F6D9FF2C0014FF820082
:207B78003E0882103E0A82203E0D8230BE003C1482046D0097073C103B000C406D009207B6
:207B98003C0B3B0007406D008D073C063B000A406D0088073C013BA003406D005E0882543C
:207BB8006D0080073B200B406D0057083BC000406D0078073BC000406D00740782046D000A
:207BD80071073B3003406D006D073B3003406D0069073B700B406D0040083B5003406D0015
:207BF80061073BB00B406D0038083B9002406D0059073B200C406D00300882146D005207A0
:207C18003B300C406D0029083B9001406D004A073B400C406D0021083B0002406D0042079D
:207C38003B500C406D0019083BA001406D003A073B600C406D0011083BF001406D0032077E
:207C58003B000D406D0009083B400A406D002A073B100A406D0026073B000E406D00FD077A
:207C78003B000D406D001E073B8000406D001A073BE000406D0016073B9000406D001207D3
:207C98003B9000406D000E0782546D000B073B1003406D0007073B3003406D0003073B8001
:207CB80004406D00FF063B7001406D00FB063B4001406D00F7063B5001406D00F3063B10F9
:207CD80003406D00EF063B4003406D00EB063B100E406D00C2073B000D406D00E3063B8063
:207CF80000406D00DF063BE000406D00DB063B9000406D00D7063B9000406D00D3063B5000
:207D180001406D00CF063B1003406D00CB063B3003406D00C7063B8004406D00C3063B7034
:207D380001406D00BF063B4001406D00BB063B5001406D00B7063B1003406D00B3063B40A9
:207D580003406D00AF063B1002406D0086073B9002406D008207910000F6D9FF340014FF76
:207D7800EE13DA016E093B201E406D003C09B042DA04742F3C093B201E406D003409B04220
:207D98007B4000F0742F6DFF04FB6DFF84FB0090910000F6D9FF3C00B4F4910000F6D9FFF5
:207DB8002800B4F50090910000F6D9FF2C0034F4DA003E48DA013E46DA02BE42DA03BE4021
:207DD8003C1D910000F6D9FF0010DAF0B4FF910000F6D9FF38003B0014F0B4FF3C0F9100E1
:207DF80000F6D9FF00103B0014F0B4FF910000F6D9FF3800DAF0B4FF3C010090024F0B5608
:207E18001088027A910000F6D9FF001009F0C0080B0F304191100048D94426C53BA014504B
:207E38006DFF23F4910000F6D9FF380009F0C0080B08304191100048D94426C53BB014508B
:207E58006DFF13F4910000F6D9FF001009F0C0080B09304191100048D94426C53BC0145092
:207E78006DFF03F4910000F6D9FF380009F0C0080B0A304191100048D94426C53BD0145049
:207E98006DFFF3F33BA002406D00E70602F46D00D70402946D00D4043BB002406D00DD066B
:207EB80002846D00CD0402A46D00CA043BC002406D00D306009049AA00CA0B451088026AE1
:207ED800910000F6D9FF001009F0C0080B08304191100048D94426C53BE025506DFFC5F331
:207EF800910000F6D9FF380009F0C0080B09304191100048D94426C53BF025506DFFB5F3E8
:207F1800910000F6D9FF340014FFEE13DA006E093B201E406D006708B042824074203C092F
:207F38003B201E406D005F08B0427B4000F0742F910000F6D9FF300014F0DA003E09DA01CD
:207F58005F0F4C00DA025F0FC2001D00C1009A58370F70609A79370F70700B8910486DFFCC
:207F78004FFF82003C318B0A1EF0536F20F0911000F8D9FF969410FF01F000F614F182021D
:207F98003C206F011000DA0603F20AF0532F20F010AF91000026D9223C00092FC008B4FF2C
:207FB8003C0EDA0603F20AF0532F20F010AF91000026D9222800092FC008B4FF86F1C21267
:207FD800BF82E1FFC210BF60D0FF49A4000A3B0003406D00C9043C7B9A78370F70608BF996
:207FF80000F0370F70700B8910486DFF09FF82033C648B0A1E00530021F0911000F8D9FF46
:20801800FE1410FF01F300F614F08B0A1E10530121F0911000F8D9FFFE1410FF01F300F695
:20803800088482013C206F001000DA0803F10A23532220F010AF91000026D9223C000922DE
:20805800C008B4F23C0EDA0803F10A23532220F010AF91000026D92228000922C008B4F296
:2080780086F0C211BF81E1FF82003C246F041200DA0803F00A138B0104F0532F20F010AF55
:2080980091000026D9223C00092FC008B4FF3C10DA0803F00AF38B0F04F0532F20F010AF2A
:2080B80091000026D9222800092FC008B4FF86F4C210BF80DDFFC213BF839DFF49A4000A0A
:2080D8003B0008406D0050043C023C01910000F6D9FF340014FFEE13DA016E093B201E4017
:2080F8006D008107B042DA04742F3C093B201E406D007907B0427B4000F0742F009020081D
:208118000B451088026A404C89A7040909ABC808910000F6D9FF001009F0C0080B083041F2
:2081380091100048D94426C53BB043506DFF9DF2910000F6D9FF380009F0C0080B093041E0
:2081580091100048D94426C53BC043506DFF8DF2A00F01CF104491100048D94426C53BD0CE
:2081780043506DFF82F2DA084BFA01C2910000F6D9FF340014FFEE13DA006E093B201E40D9
:208198006D003107B042DA04742F3C093B201E406D002907B0427B4000F0742F5801E2AFEA
:2081B800C2FF428F370F70601AA9C2FF370F70700B8910486DFF24FE82083C34580174AF65
:2081D80073C80AF010CF3C2782093C1D3B8000E03C1614F09AFE325F0FF010008F1000F173
:2081F8006E0502B46D002C033C0991000026D92228000924C0086D002303C2FEFF1EEB7FB4
:20821800B01FC2193FC9E47F73AC0AF080F0A2C0420F60FF54AF92F03700680074A0EED59B
:20823800C2183FA8CD7F910000F6D9FF340014FFEE13DA016E093B201E406D00D406B0422E
:20825800DA04742F3C093B201E406D00CC06B0427B4000F0742F009020180B4510880B67E6
:2082780010A809AC5808910000F6D9FF001009F0C0080B08304191100048D94426C53BA099
:2082980032506DFFF2F1910000F6D9FF380009F0C0080B09304191100048D94426C53BB03C
:2082B80032506DFFE2F182000BB0304191100048D94426C53BC032506DFFD7F1DA080BBFE9
:2082D800504191100048D94426C53BD032506DFFCCF1DA000BCF304191100048D94426C538
:2082F8003BE032506DFFC1F1DA060BCF504191100048D94426C53BF032506DFFB6F17B0034
:20831800F8D349A4000A82043B1001506DFFA9F049A4000A3B0002401ACB92256DFFA1F04F
:208338003C067B0012F44BFD41D0C2FBFF1BFBFF4B0A31F14B0D31014B0F01024B0041F15D
:208358006BDF714A49A4000A02C56DFF36F649A4000A0B8910486D000A01009020100B453F
:2083780010A80269027C910000F6D9FF001009F0C0080B0A304191100048D94426C53B90D2
:208398002D506DFF72F1910000F6D9FF380009F0C0080B0B304191100048D94426C53BA0CE
:2083B8002D506DFF62F182000BC0304191100048D94426C53BB02D506DFF57F1DA0A0BCFE0
:2083D800504191100048D94426C53BC02D506DFF4CF1DA0149A4000A82043BC000506DFFD3
:2083F80040F049A4000A3B0002408B1C00506DFF38F0FFAC0A803C0453AF20F0C2FCFF1CD6
:20841800FDFF4BF9018249A4000A02946DFF71F649A4000A0BAB10486D00A90000900B4526
:208438001088404C0B6710A809ACC00809ADC40809AE4808910000F6D9FF001009F0C008A0
:208458000B08304191100048D94426C53B403D506DFF0BF1910000F6D9FF380009FFC008B8
:208478000BF9304191100048D94426C53B503D506DFFFBF0A00F01CF104491100048D94436
:2084980026C53B603D506DFFF0F0532C20406DFF33EF402D910000F6D9FF340014FFEE13E4
:2084B800DA006E093B201E406D009D05B042DA04742F3C093B201E406D009505B0427B4066
:2084D80000F0742F1AC8C2FF370F70601AD9C2FF370F70700B8910486DFF92FC82083C288A
:2084F80073B80AF04BDF110273A00AF0532F20F010CF82003C0F532020F010D273A00AF045
:208518004BCF1122532220F010F4094FC008B42FC2103FC0F2FF76E7532C204040D46D00EB
:208538002B033C0540D402C46D001E02C2183FD8D9FF910000F6D9FF340014FFEE13DA0102
:208558006E093B201E406D004E05B042DA04742F3C093B201E406D004605B0427B4000F04D
:20857800742F40D46DFF81ED00900B451088404C910000F6D9FF001009FFC0080BF830419B
:2085980091100048D94426C53BB02B506DFF6DF0910000F6D9FF380009FFC0080BF93041C7
:2085B80091100048D94426C53BC02B506DFF5DF0820A3C2C910000F6D9FF300014F0DA0022
:2085D8003E07DA01BE0282215F011D003C1C8260030A0AF8370F704001CA00F609F600087C
:2085F80002956DFF6AFC3C0FDA0803FA0AF8370F704001CA00F609F6000802956DFF5DFCB4
:208618003C023C01C21A370A70A001CA00F609FF0008EED1009020100B4510A80269027C59
:20863800910000F6D9FF001009FFC0080BFA304191100048D94426C53B0030506DFF15F050
:20865800910000F6D9FF380009FFC0080BFB304191100048D94426C53B1030506DFF05F007
:20867800DA000BCF304191100048D94426C53B2030506DFFFAEFDA0A0BCF50419110004864
:20869800D94426C53B3030506DFFEFEFDA0149A4000A82043BC000506DFFE3EE49A4000AAE
:2086B8003B00024002C56DFFDCEEFFAC0A803C0453AF20F0C2FCFF1CFDFF4BF9118249A408
:2086D800000A02946DFF51F549A4000A0BAB10486DFF4DFF00900B451088404C0B6710A845
:2086F80009ACC00809ADC408910000F6D9FF001009F0C0080B08304191100048D94426C5BE
:208718003B9040506DFFB1EF910000F6D9FF380009F0C0080B09304191100048D94426C50C
:208738003BA040506DFFA1EFA00F01CF104491100048D94426C53BB040506DFF96EF532C0B
:2087580020406DFFD9ED402D910000F6D9FF340014FFEE13DA006E093B201E406D0043049D
:20877800B042DA04742F3C093B201E406D003B04B0427B4000F0742F1AC8C2FF370F7060CB
:208798001AD9C2FF370F70700B8910486DFF38FB820E3C1582003C0C532020F010DF9100AE
:2087B8000026D9222800092FC008B4FFC2103FC0F5FF40D402C46D00D700C21E3FDEECFFDA
:2087D800910000F6D9FF340014FFEE13DA016E093B201E406D000704B042DA04742F3C099F
:2087F8003B201E406D00FF03B0427B4000F0742F820E3C1F73AE0AF04BCF1102532020F043
:2088180010CF09F0C0089AFDE2F04BB001021A8E370F70409AFDA20F429F370F70509100DB
:2088380000F6D9FF3C0009F6C0086DFF2AF7C21E3FCEE2FF40D46DFF18EC00900248910005
:2088580000F6D9FF340014FFEE07822402856D00AC0A1D008800DA006E093B201E406D008A
:20887800C203B042824074203C093B201E406D00BA03B0427B4000007420DA016E093B30AD
:208898001E406D00B003B042DA08742F3C093B301E406D00A803B0427B8000007420DA004A
:2088B8006E093B501E406D009E03B042DA20742F3C093B501E406D009603B0427B0002F010
:2088D800742F8F883F406D007B02DA016E093B501E406D008803B042DA20742F3C093B50CB
:2088F8001E406D008003B0427B0002F0742FDA006E093B501E406D007603B042DA20742F61
:208918003C093B501E406D006E03B0427B0002F0742F8FF80F416D005302DA016E093B50BB
:208938001E406D006003B042DA20742F3C093B501E406D005803B0427B0002F0742FDA018F
:208958006E093B201E406D004E03B042DA04742F3C093B201E406D004603B0427B4000F04D
:20897800742F0090404F024891000026D9223400142FEE08822440F402856D004F0A1D0070
:208998009000DA006E093B201E406D002C03B042DA04742F3C093B201E406D002403B04292
:2089B8007B4000F0742FDA016E093B301E406D001A03B042DA08742F3C093B301E406D00BA
:2089D8001203B0427B8000F0742F3C55DA006E093B501E406D000703B042DA20742F3C09D4
:2089F8003B501E406D00FF02B0427B0002F0742F09F4C00886846D00E301DA016E093B5009
:208A18001E406D00F002B042DA20742F3C093B501E406D00E802B0427B0002F0742FDA0091
:208A38006E093B501E406D00DE02B042DA20742F3C093B501E406D00D602B0427B0002F010
:208A5800742F09FFC0088FFF0F416D00B901DA016E093B501E406D00C602B042DA20742F87
:208A78003C093B501E406D00BE02B0427B0002F0742FB02F028FC2F8EEAADA016E093B2012
:208A98001E406D00B002B042DA04742F3C093B201E406D00A802B0427B4000F0742F0090E9
:208AB8000248910000F6D9FF340014FFEE06822402856D00FB093C5EDA006E093B201E4078
:208AD8006D009102B042DA04742F3C093B201E406D008902B0427B4000F0742FDA016E0983
:208AF8003B301E406D007F02B042DA08742F3C093B301E406D007702B0427B8000F0742FBC
:208B1800DA006E093B501E406D006D02B042DA20742F3C093B501E406D006502B0427B0029
:208B380002F0742F02846D004B01DA016E093B501E406D005802B042DA20742F3C093B50E8
:208B58001E406D005002B0427B0002F0742FDA016E093B201E406D004602B042DA04742FAB
:208B78003C093B201E406D003E02B0427B4000F0742F0090404F024891000026D9223400A3
:208B9800142FEE07822440F402856D00B3093C63DA006E093B201E406D002502B042DA04EE
:208BB800742F3C093B201E406D001D02B0427B4000F0742FDA016E093B301E406D00130293
:208BD800B042DA08742F3C093B301E406D000B02B0427B8000F0742F3C29DA006E093B50BD
:208BF8001E406D000002B042DA20742F3C093B501E406D00F801B0427B0002F0742F14F463
:208C18006D00DE00DA016E093B501E406D00EB01B042DA20742F3C093B501E406D00E3014F
:208C3800B0427B0002F0742FB01F028FC2F8EED6DA016E093B201E406D00D501B042DA041E
:208C5800742F3C093B201E406D00CD01B0427B4000F0742F00900248910000F6D9FF340073
:208C780014FFEE2BDA006E093B001E406D00BB01B042DA01742F3C093B001E406D00B3012E
:208C9800B0427B1000F0742F822402856D000E09DA016E093B001E406D00A501B042DA0130
:208CB800742F3C093B001E406D009D01B0427B1000F0742F1D008300DA006E093B201E4056
:208CD8006D009101B042DA04742F3C093B201E406D008901B0427B4000F0742FDA006E0984
:208CF8003B101E406D007F01B042DA02742F3C093B101E406D007701B0427B2000F0742F62
:208D1800DA016E093B301E406D006D01B042DA08742F3C093B301E406D006501B0427B8000
:208D380000F0742FDA006E093B501E406D005B01B042DA20742F3C093B501E406D00530107
:208D5800B0427B0002F0742F02846D003900DA016E093B501E406D004601B042DA20742F4F
:208D78003C093B501E406D003E01B0427B0002F0742FDA016E093B201E406D003401B04260
:208D9800DA04742F3C093B201E406D002C01B0427B4000F0742FDA016E093B101E406D00FA
:208DB8002201B042DA02742F3C093B101E406D001A01B0427B2000F0742F0090911000F848
:208DD800D9FFA87AC8628F9420F0911000F8D9FFA87AC86F54F0B7008404A60F742F9110DE
:208DF80000F8D9FFA87AC88286C4911000F8D9FFA87AC88F54FFB70F04F0A6F4742400901C
:208E180000900D00000282046DFFFDF19100004F82046DFFD9DC910000F6D9FF2410DA00C7
:208E380034FF0D00400200800D00000282046DFFEAF1C5F4004082046DFFC6DC910000F628
:208E5800D9FF2810DA0034FF0D004002008002484DC0E1FF16073C01370F48404DC0E20FB1
:208E78003700E1078B0020F23C013C01EE0D6DFFC9DC092010093C013C014C243C01A20F7E
:208E98003F8FFDFF3C3A82FF5F4F3700DA003E44DA01BE4A3C32910000F6D9FF2410DA01F9
:208EB80034FF6DFFA0F185FF100042F8A5F8300002246DFFA8F13C01910000F6D9FF2410D4
:208ED80014FFEEFB3C1A910000F6D9FF2810DA0134FF6DFF88F185FF1040428FA5FF3040E5
:208EF80002246DFF90F13C01910000F6D9FF281014FFEEFB3C023C01009020104DC0E2FF4E
:208F1800370FE1F78B0F20823C010D00400300003C013C01820034A0DA002CA2DA1F2CA312
:208F3800DA002CA1DA017801DADCACA4DA002CAA9100004F49A5000A6DFF8FDC9100004FD9
:208F580082046DFF41DCDA0034AFDA002CA2DA1F2CA3DA002CA1DA017801DADDACA4DA01E0
:208F78002CAAC5F4004049A5000A6DFF76DCC5F4004082046DFF28DC76830D0000030090CC
:208F9800024FBB00C4097FF017803C0A3B0080429BB4E64E6DFF5DFFBB00C409A20FBB0058
:208FB800C4093FF0F5FF3B50C3400654E2F46DFF50FF3C073B50C3400654E2F46DFF49FF7B
:208FD8000090DA003C0C534F2000600F9140003F30F3D93FD438820074F0C21FBF4FF57FF6
:208FF8000090BB00FEFF26F4DA005F4F3200DA405F4F34003B0014F05F4F35003B0016F0DE
:209018005F4F36003B001AF05F4F37003B001CF05F4F38003B001EF05F4F39003B0028F07A
:209038005F4F3A003B002AF05F4F3B003B002CF05F4F3C003B002EF05F4F3D003B0040F002
:209058005F4F3E003B0042F05F4F3F003C429140002FD922000A3C3E9140002FD922008A30
:209078003C399140002FD922000B3C349140002FD922004B3C2F9140002FD92200CB3C2A10
:209098009140002FD922400B3C259140002FD922404B3C209140002FD922000C3C1B914000
:2090B800002FD922004C3C169140002FD922008C3C119140002FD92200CC3C0C9140002FED
:2090D800D922008D3C079140002FD92200CD3C023C013C0100900B451088026AF69DDA00DC
:2090F8003E74DA023E743C05DA003C05DA083C03DA103C013C08DA043E723C03DAC03C038A
:20911800DA803C0102846DFF6EFF8FF80141402402F56DFF84C602846DFF65FF8FF8014148
:20913800820540246DFFADC6DF19198076AC02846DFF59FF8FF801F182100FF0100089208D
:2091580004093C0C02846DFF4EFF8FF801F17B1000000FF01000892004090090911000F871
:20917800D9FF906AD4F46DFF50BD911000F8D9FF906AC8246DFF49BD009020389100014F32
:209198006DFFFBC3910001FF19FF00C0AE1F9100014F8204BB0068599B85B9546DFFC3C553
:2091B8009100014F82246DFFA3C549A4000A9100015F6DFF5BC582083C1982093C133708D0
:2091D80068F02CA4370948F02CA549A4240A49A5000A6DFFAAC449A4240A82146DFF74C5C3
:2091F800C219DA083FF9ED7FC218BF48E87F009049AA20BA0B4510880B6710A809ACA048A2
:2092180009ADA44809AEA848DA644BFB01020B08004191100048D94410D53BB03D506DFF43
:2092380024EADA644BFC01020B08004191100048D94410D53BC03D506DFF17EADA644BFDC6
:2092580001020B08004191100048D94410D53BD03D506DFF0AEA3B3019F03EEEDA644BFE95
:2092780001020B08004191100048D94410D53B003E506DFFFAE9910000F6D9FF24A0B4FEA7
:20929800370848406DFF48C8402CB4AE49A4103A49A5283A0B8B10480BCD10686D009001E2
:2092B80049A4040A40C56DFF78CCDA002CA4BB00C2FB9BEFC3F47805DA002CAC49AF103A12
:2092D800F80949A4300A49A5040A6DFF40CA49A4303A49A5300A6DFF1CCA4B0A61F1783DAF
:2092F800DA003E99DA01BE93DA02BE9EDA035F9F27003C3109AF7838B70F81F189AF38388A
:2093180009AF7838961089AF38383C2509AF7838B70F81F189AF383809AF7838B70F01F2B5
:2093380089AF38383C1809AF7838960889AF383809AF7838961089AF38383C0D09AF783804
:20935800960889AF383809AF7838B70F01F289AF38383C0109AF7838962089AF383809A03A
:20937800F838DA0837F006F389AFB83809AF7938B70F01F289AF393809A2E83989A2CC49A4
:209398003B3019F07EE609AF7838960489AF383849A43C1A49A5303A6DFFC9C83B3019F027
:2093B8005FEF2D80D83CD4FFC8AF09FF5108B70F01F389FF110882048205820640C46DFF7B
:2093D800F4C7910000F6D9FF24A03B3019F0B4FFDA003E88DA013E89DA023E8ADA033E8BE4
:2093F8003C0D3B2001E03C0A3B8007E03C073BE00DE03C043B4014E03C01DA0509C05608AB
:2094180037F003F289CF1608534820F0910000F6D9FF14A010FF4CC674FF534820F0910014
:2094380000F6D9FF14A010FF534820F091000026D92214A01022092FC208B77F85F3ACF1F3
:20945800534820F0910000F6D9FF14A010FF534820F091000026D92214A01022142FB71FCB
:2094780003F234FF534820F0910000F6D9FF14A010FF534820F091000026D92214A010229C
:20949800142FB71F83F034FF534820F0910000F6D9FF14A010F2534820F0910000F6D9FF2B
:2094B80014A010FF081FB71F03F12C21534820F0910000F6D9FF14A010FF534820F091008A
:2094D8000026D92214A01022092FC008B71F83F3B4FF534820F0910000F6D9FF14A010F2AE
:2094F800534820F0910000F6D9FF14A010FF082F96202C22534820F0910000F6D9FF14A08E
:2095180010F2534820F0910000F6D9FF14A010FF082FB70F81F12C22534820F0910000F675
:20953800D9FF14A010F2534820F0910000F6D9FF14A010FF082FB70F01F32C22534820F0CE
:20955800910000F6D9FF14A010F2534820F0910000F6D9FF14A010FF082FB71F03F02C22C3
:20957800534820F0910000F6D9FF14A010F2534820F0910000F6D9FF14A010FF081FB71F49
:2095980083F22C21534820F0910000F6D9FF14A010F2534820F0910000F6D9FF14A010FF64
:2095B8000830DA664BFE0122DA064BF301229AD2370F68F037F004F22C2300900B6710885E
:2095D80094AF404F405C3B80000089F014083B00080028C03B0008002840820089F01508C7
:2095F800820089C005083B00080089C0040882005F400D0082105F40C20082205F408B01F5
:2096180082305F4087021D00CF03F65791100028D92280AAF4F23C12DF15088091100028B5
:20963800D92290AAF4F23C0A820491100048D94410D53B2004506DFF18E8DF6808809110B5
:209658000028D922A09AE8223C12DF78088091100028D922B09AE8223C0A82049110004891
:20967800D94410D53B6004506DFFFFE73BC000005F09088091100028D922909AE8423C0A46
:20969800820491100048D94410D53B9004506DFFECE73B2001007E07911000F8D9FFA0AA47
:2096B800F4CF3C6A3B8001007E07911000F8D9FF88BAF4CF3C613BE001007E07911000F89B
:2096D800D9FF9CBAF4CF3C583B4002007E07911000F8D9FFB0BAF4CF3C4F3BA002007E0760
:2096F800911000F8D9FF84CAF4CF3C463B0003007E07911000F8D9FF98CAF4CF3C3D3B60E1
:2097180003007E07911000F8D9FFACCAF4CF3C343BC003007E07911000F8D9FF80DAF4CF7E
:209738003C2B3B2004007E07911000F8D9FF94DAF4CF3C223B8004007E07911000F8D9FF11
:20975800A8DAF4CF3C193B0006007E07911000F8D9FFB4AAF4CF3C103B3019007E04A00FFE
:20977800F4CF3C0A820491100048D94410D53B7005506DFF7AE71D0017033B6006005F054E
:20979800088091100028D9228CFAF4F23C143B7006005F05088091100028D9229CFAF4F2CC
:2097B8003C0A820491100048D94410D53BF005506DFF5BE73BC006005F08088091100028F3
:2097D800D9229CEAE8223C1E3BD006005F08088091100028D922ACEAE8223C143BE00600B7
:2097F8005F08088091100028D922BCEAE8223C0A820491100048D94410D53B4006506DFFFA
:2098180034E73B2007005F09088091100028D922BCDAE8423C143B3007005F0908809110EC
:209838000028D9228CEAE8423C0A820491100048D94410D53B8006506DFF17E73B80070059
:209858007E07911000F8D9FFACFAF4CF3C613BE007007E07911000F8D9FFC00AF4CF3C58BB
:209878003B4008007E07911000F8D9FFD40AF4CF3C4F3BA008007E07911000F8D9FFE80A60
:20989800F4CF3C463B0009007E07911000F8D9FFFC0AF4CF3C3D3B6009007E07911000F82D
:2098B800D9FFD01AF4CF3C343BC009007E07911000F8D9FFE41AF4CF3C2B3B200A007E078F
:2098D800911000F8D9FFF81AF4CF3C223B800A007E07911000F8D9FFCC2AF4CF3C193BE0E8
:2098F8000A007E07911000F8D9FFE02AF4CF3C103B3019007E04A00FF4CF3C0A8204911052
:209918000048D94410D53B5007506DFFAEE61D004B023BC00C005F05088091100028D922E2
:20993800F44AF4F23C323BD00C005F05088091100028D922C45AF4F23C283BE00C005F05C3
:20995800088091100028D922D45AF4F23C1E3BF00C005F05088091100028D922E45AF4F22A
:209978003C143B000D005F05088091100028D922F45AF4F23C0A820491100048D94410D59C
:209998003BF007506DFF71E63B200D005F08088091100028D922C44AE8223C1E3B300D0065
:2099B8005F08088091100028D922D44AE8223C143B400D005F08088091100028D922E44AFB
:2099D800E8223C0A820491100048D94410D53B4008506DFF4AE63B800D005F0908809110E6
:2099F8000028D922F43AE8423C323B900D005F09088091100028D922F42AE8423C283BA053
:209A18000D005F09088091100028D922C43AE8423C1E3BB00D005F09088091100028D9223F
:209A3800D43AE8423C143BC00D005F09088091100028D922E43AE8423C0A820491100048CD
:209A5800D94410D53BB008506DFF0FE63BE00D007E07911000F8D9FFC46AF4CF3C583B402A
:209A78000E007E07911000F8D9FFD86AF4CF3C4F3BA00E007E07911000F8D9FFEC6AF4CF42
:209A98003C463B000F007E07911000F8D9FFC07AF4CF3C3D3BC00F007E07911000F8D9FF76
:209AB800D47AF4CF3C343B2010007E07911000F8D9FFE87AF4CF3C2B3B8010007E0791102F
:209AD80000F8D9FFFC7AF4CF3C223BE010007E07911000F8D9FFD08AF4CF3C193B401100E8
:209AF8007E07911000F8D9FFE48AF4CF3C103B3019007E04A00FF4CF3C0A820491100048AE
:209B1800D94410D53B7009506DFFAFE51D004C013B2013005F05088091100028D922F8BAED
:209B3800F4F23C323B3013005F05088091100028D922D8BAF4F23C283B4013005F05088035
:209B580091100028D922E8BAF4F23C1E3B5013005F05088091100028D922C8CAF4F23C1431
:209B78003B6013005F05088091100028D922D8CAF4F23C0A820491100048D94410D53B10E5
:209B98000A506DFF72E53B8013005F08088091100028D922D8AAE8223C323B9013005F08D0
:209BB800088091100028D922E8AAE8223C283BA013005F08088091100028D922F8AAE822F4
:209BD8003C1E3BB013005F08088091100028D922C8AAE8223C143BC013005F0808809110F8
:209BF8000028D922C8BAE8223C0A820491100048D94410D53B800A506DFF37E53BE013001C
:209C18005F09088091100028D922F88AE8423C323BF013005F09088091100028D922D89AFA
:209C3800E8423C283B0014005F09088091100028D922E89AE8423C1E3B1014005F09088026
:209C580091100028D922F89AE8423C143B2014005F09088091100028D922C89AE8423C0A27
:209C7800820491100048D94410D53BF00A506DFFFCE43B4014007E08911000F8D9FFE8CA52
:209C9800F4CF1D0090003BA014007E08911000F8D9FFF8DAF4CF1D0086003BB014007E079A
:209CB800911000F8D9FFCCEAF4CF3C7C3B0015007E07911000F8D9FFE0EAF4CF3C733B101D
:209CD80015007E07911000F8D9FFF4EAF4CF3C6A3B6015007E07911000F8D9FFC8FAF4CFEF
:209CF8003C613BC015007E07911000F8D9FFDCFAF4CF3C583B2016007E07911000F8D9FF15
:209D1800F0FAF4CF3C4F3B8016007E07911000F8D9FF040BF4CF3C463BE016007E07911081
:209D380000F8D9FF180BF4CF3C3D3BF016007E07911000F8D9FF2C0BF4CF3C343B401700A9
:209D58007E07911000F8D9FF001BF4CF3C2B3B6018007E07911000F8D9FFFCCAF4CF3C2220
:209D78003BC018007E07911000F8D9FFD0DAF4CF3C193B2019007E07911000F8D9FFE4DAD8
:209D9800F4CF3C103B3019007E04A00FF4CF3C0A820491100048D94410D53B100C506DFF5A
:209DB80064E43C0100900B451088370848406DFFB3C2534820F0910000F6D9FF14A010FF19
:209DD80054F082013710010089202019BB00F00F26908680892024193C01092F4218160732
:209DF800EEFD534820F0910000F6D9FF14A010FF54FF8210370F01F0892F20198FF90FF1FE
:209E1800892F24193C01092F41186F3FFE7FBBF0FFFF892F141900900248404C02593708AE
:209E380048406DFF79C2534820F0910000F6D9FF14A010FF54F0820137100100892020191D
:209E580009C0C008BB00F01F26108680892024193C01092F42181607EEFDDF190F80534874
:209E780020F0910000F6D9FF14A010FF54FF8210370F01F0892F201909CFC00816FFB02CFA
:209E9800892F24193C01092F42181607EEFDC2F9DF09D8FF3C01092F41186F3FFE7FBBF0C0
:209EB800FFFF892F14190090024F0258370F48406DFF32C2534F20F0910000F6D9FF14A079
:209ED80010FF54FF8210370F01F0892F2019892824193C01092F42181607EEFD3C01092F14
:209EF80041186F3FFE7FBBF0FFFF892F141900900248404C0259370848406DFF0DC25348DA
:209F180020F0910000F6D9FF14A010FF54F082013710010089202019DF190F80534820F0D4
:209F3800910000F6D9FF14A010FF54F08211371001008920201914CFB01C892F24193C0105
:209F5800092F42181607EEFDC2F9DF09E7FF3C01092F41186F3FFE7FBBF0FFFF892F14193F
:209F78000090A002DA003E48DA013E4BDA023E4EDA03BE413C1591000026D92228A03C1078
:209F980091000026D92214C03C0B91000026D92200E03C0691000026D9222CF03C013C01C0
:209FB800009020200B4510A80B7610884DC0E2FF370FE1F78B0F20C23C010D004003000083
:209FD8003C013C01370A48406DFFB9B191000046D944581040256DFF7CB502A46D002502B8
:209FF80002A46D00B402910000F6D9FF5810DA0889FF2C08910000F6D9FF5810DA04ACF4D6
:20A01800910000F6D9FF58104B0B61F16CF1910000F6D9FF5810DA072CFAA00FF4AFA00F8D
:20A03800F80449A4180A49A5080A0BA9104802866D002800DA102CACDA8089AF1C08DA0082
:20A0580089AF1D08910000F6D9FF581049A2000AE8A202A46DFF87FF91000056D955581030
:20A0780040246DFFFCB2820502A46D00B401820502A46D00F60202CF6E030D000003009087
:20A09800DA003E4CDA015F4F4000DA025F4FC600DA035F4F27011D008901F658910000F8FA
:20A0B800D9FF183080FF744F3C1CDF150980910000F8D9FF283080FF744F3C13DF2509807A
:20A0D800911000F8D9FF40CA80FF744F3C0ADF350980911000F8D9FF50CA80FF744F3C01BE
:20A0F800F668910000F8D9FF382080FF745F3C0ADF160980910000F8D9FF083080FF745F30
:20A118003C011D005401DF450980911000F8D9FF40EA80FF744F3C49DF550980911000F813
:20A13800D9FF50EA80FF744F3C40DF650980911000F8D9FF60EA80FF744F3C37DF7509801D
:20A15800911000F8D9FF70EA80FF744F3C2EDA087E58911000F8D9FF40FA80FF744F3C256A
:20A17800DA097E58911000F8D9FF50FA80FF744F3C1CDA0A7E58911000F8D9FF60FA80FFB5
:20A19800744F3C13DA0B7E58911000F8D9FF70FA80FF744F3C0ADA0C7E58911000F8D9FF4A
:20A1B800800A80FF744F3C01DF460980911000F8D9FF60CA80FF745F3C2EDF56098091101A
:20A1D80000F8D9FF70CA80FF745F3C25DF660980911000F8D9FF40DA80FF745F3C1CDF3692
:20A1F8000980911000F8D9FF50DA80FF745F3C13DF760980911000F8D9FF60DA80FF745FA7
:20A218003C0ADF260980911000F8D9FF70DA80FF745F3C011D00CB00DA0D7E58911000F8CA
:20A23800D9FFA01A80FF744F3C2EDA0E7E58911000F8D9FFB01A80FF744F3C25DA0F7E586D
:20A25800911000F8D9FF802A80FF744F3C1CDA107E58911000F8D9FF902A80FF744F3C13B5
:20A27800DA117E58911000F8D9FFA02A80FF744F3C0ADA127E58911000F8D9FFB02A80FFB6
:20A29800744F3C01DA0B7E68911000F8D9FF900A80FF745F3C25DA097E68911000F8D9FFE3
:20A2B800A00A80FF745F3C1CDA0A7E68911000F8D9FFB00A80FF745F3C13DA0C7E6891102F
:20A2D80000F8D9FF801A80FF745F3C0ADA087E68911000F8D9FF901A80FF745F3C013C6650
:20A2F800DA137E58911000F8D9FF804A80FF744F3C37DA147E58911000F8D9FF904A80FF05
:20A31800744F3C2EDA157E58911000F8D9FFA04A80FF744F3C25DA167E58911000F8D9FFFE
:20A33800B04A80FF744F3C1CDA177E58911000F8D9FF805A80FF744F3C13DA187E58911065
:20A3580000F8D9FF905A80FF744F3C0ADA197E58911000F8D9FFA05A80FF744F3C01DA0E08
:20A378007E68911000F8D9FF803A80FF745F3C1CDA0F7E68911000F8D9FF903A80FF745FAE
:20A398003C13DA0D7E68911000F8D9FFA03A80FF745F3C0ADA107E68911000F8D9FFB03A7B
:20A3B80080FF745F3C013C023C010090404F82086DFFD9FDD424094F5208161F3C016E07FF
:20A3D800D424821440F56DFF43B0821802823C0100900258910000F6D9FF5810D4FF370429
:20A3F80048406DFFACAF91000046D944581040256DFF6FB340F46DFF12B0370868F06E033D
:20A41800DA013C02DA0009F0431837F001F289FF031876850C2196042C213C050C21B70FDD
:20A4380001F12C210090DA003E4CDA015F4F2B00DA025F4F4900DA035F4F67001D008600B5
:20A45800910000F6D9FF581091000026D9222CB0E8C2910000F6D9FF581091000026D9226C
:20A4780004B0E8E2910000F6D9FF5810DA0189FFAE08910000F6D9FF5810DA0189FFB40880
:20A498003C64910000F6D9FF581091000026D92218D0E8C2910000F6D9FF5810910000267B
:20A4B800D92230C0E8E2910000F6D9FF5810DA0189FFAE08910000F6D9FF5810DA0189FFC5
:20A4D800B4083C43910000F6D9FF581091000026D92204F0E8C2910000F6D9FF58109100BA
:20A4F8000026D9221CE0E8E2910000F6D9FF5810DA0189FFAE08910000F6D9FF5810DA01DB
:20A5180089FFB4083C22910000F6D9FF581091000026D9227000E8C2910000F6D9FF581027
:20A5380091000026D9224800E8E2910000F6D9FF5810DA0189FFAE08910000F6D9FF581098
:20A55800DA0189FFB4083C010090DA003E4BDA015F4F2600DA025F4F4000DA035F4F5A0036
:20A578003C75910000F6D9FF5810DA0A89FFA008910000F6D9FF5810DA0B89FFA2089100C8
:20A5980000F6D9FF5810DA0C89FFA408910000F6D9FF5810DA0089FF26083C61910000F6D8
:20A5B800D9FF5810DA0D89FFA008910000F6D9FF5810DA0E89FFA208910000F6D9FF581084
:20A5D800DA0F89FFA408910000F6D9FF5810DA0089FF26083C44910000F6D9FF5810DA10BE
:20A5F80089FFA008910000F6D9FF5810DA1189FFA208910000F6D9FF5810DA1289FFA40848
:20A61800910000F6D9FF5810DA0089FF26083C27910000F6D9FF5810DA1389FFA0089100F3
:20A6380000F6D9FF5810DA1489FFA208910000F6D9FF5810DA1589FFA408910000F6D9FF63
:20A658005810DA0089FF26083C0A820491100048D94437D53BC006506DFF07E0009002587E
:20A67800910000F6D9FF5810D4FF370448406DFF66AE91000046D944581040256DFF29B2DD
:20A6980040F46DFFD9AE370868F06E03DA013C02DA0009F0431837F081F389FF03187685F3
:20A6B8000C2196042C213C050C21B70F01F12C210090200834A56DFF56FCD42449A5000ABC
:20A6D80082146DFFBBAF00900248404F3C0909FF0008B01F370F685002846DFFECFF09FF86
:06A6F8000008EEF60090E0
:20A70000000600F000B503F00200000090000000000600F000B503F00300000090000000D8
:20A72000000700F000B503F00100000000000000000700F000B503F00500000001000000D4
:20A74000000700F000C003F00900000002000000000700F000B103F00A000000040000009B
:20A76000000700F000D303F00D00000005000000000700F000A203F0030000000600000075
:20A78000000700F000A203F00200000090000000000700F000B103F00C0000009000000064
:20A7A000000700F000B503F00000000090000000000700F000B503F001000000900000003A
:20A7C000000700F000B503F00400000090000000000700F000B503F0050000009000000012
:20A7E000000700F000C003F00A00000090000000000700F000D303F00C00000090000000BC
:20A80000000700F000D303F00D00000090000000000800F000B403F003000000000000003C
:20A82000000800F000A203F00100000001000000000800F000B003F00600000003000000E5
:20A84000000800F000D303F00800000004000000000800F000A203F000000000060000009B
:20A86000000800F000A203F00000000090000000000800F000B003F005000000900000008B
:20A88000000800F000B403F00200000090000000000800F000B403F0030000009000000055
:20A8A000000800F000D303F00800000090000000000800F000D303F00900000090000000EB
:20A8C000000900F000B503F00700000000000000000900F000C003F003000000020000001F
:20A8E000000900F000A003F00100000004000000000900F000C103F006000000050000000F
:20A90000000900F000A003F00000000098000000000900F000A003F00100000090000000F6
:20A92000000900F000B503F00600000090000000000900F000B503F00700000090000000A8
:20A94000000900F000C003F00000000090000000000900F000C003F003000000900000007C
:20A96000000900F000C103F00700000090000000000600F000000000000700F001000000A5
:20A98000000800F002000000000900F003000000002A00F000000000002B00F0010000008B
:20A9A000000081F800000000000083F80100000000000000000000000000000000000000A2
:20A9C000000000000000000000000000000000000000010000010F00010F00000000000056
:20A9E000000000000000000000A003F00000000000A203F00200000000B003F00A00000080
:20AA000000B103F00B00000000B303F00D00000000B403F00E00000000B503F00F00000068
:20AA200000C003F01400000000C103F01500000000C203F01600000000C303F017000000EE
:20AA400000D203F02000000000D303F021000000001C00F000C003F00C000000000000005F
:20AA6000001C00F000C003F00C000000A0000000001C00F000C003F00E0000009800000006
:20AA8000001C00F000C003F00B00000098000000001C00F000C003F00D000000A8000000E0
:20AAA000001C00F00000000000C003F00800000098000000001C00F00D00000000B503F076
:20AAC0000000000098000000001C00F00100000000C003F00900000098000000001C00F071
:20AAE0000200000000C003F00D00000098000000001C00F00300000000B103F00A0000003F
:20AB000098000000001C00F00400000000B103F00B00000098000000001C00F00500000035
:20AB200000B103F00200000098000000001C00F00600000000C003F00A0000009800000070
:20AB4000001C00F00700000000D303F00500000090000000001C00F00800000000C003F0C0
:20AB60000600000098000000001C00F00900000000C003F00300000098000000001D00F0C7
:20AB800000B003F00100000000000000001D00F000B103F00300000001000000001D00F04F
:20ABA00000B003F00100000090000000001D00F000B003F00300000098000000001D00F009
:20ABC00000B103F00900000098000000001D00F000B003F00200000098000000001D00F0D9
:20ABE00000B103F00600000098000000001D00F00000000000C003F008000000A0000000AB
:20AC0000001D00F00100000000C003F009000000A0000000001D00F00200000000C003F008
:20AC20000D000000A0000000001D00F00300000000B103F00A000000A0000000001D00F0FC
:20AC40000400000000B103F00B000000A0000000001D00F00500000000B103F002000000E9
:20AC6000A0000000001D00F00600000000D303F00A00000090000000001D00F007000000AD
:20AC800000D303F00500000098000000001D00F00800000000B003F00400000098000000FD
:20ACA000001D00F00900000000B003F005000000A0000000001E00F000B503F0040000007C
:20ACC00000000000001E00F000B503F00700000001000000001E00F000C103F002000000F2
:20ACE00002000000001E00F000C103F00300000002000000001E00F000B503F002000000D3
:20AD000004000000001E00F000B303F00300000098000000001E00F000B503F00500000025
:20AD200098000000001E00F000B503F00600000098000000001E00F000B303F00000000073
:20AD400098000000001E00F000B303F00100000098000000001E00F000B503F00300000055
:20AD600098000000001E00F000B503F006000000A8000000001E00F000B503F00800000019
:20AD800098000000001E00F00000000000B503F00200000098000000001E00F001000000BC
:20ADA00000B403F00200000098000000001E00F00200000000B403F00600000098000000FD
:20ADC000001E00F00300000000B403F00300000098000000001E00F00500000000B503F065
:20ADE0000100000098000000001E00F00600000000D303F00D000000A0000000001E00F025
:20AE00000700000000C003F00A000000A0000000001E00F00800000000C003F006000000FF
:20AE2000A0000000001E00F00900000000C003F003000000A0000000001F00F000A203F061
:20AE40000500000000000000001F00F000D303F00D00000003000000001F00F000C203F044
:20AE60000100000004000000001F00F000C103F00200000005000000001F00F000C103F040
:20AE80000300000005000000001F00F000C203F003000000A0000000001F00F000A203F09F
:20AEA0000600000098000000001F00F000B003F00600000098000000001F00F000C203F0E0
:20AEC0000000000098000000001F00F000D303F00C00000098000000001F00F000C203F09D
:20AEE00000000000A0000000001F00F000C203F001000000A0000000001F00F000A203F0A9
:20AF00000700000098000000001F00F000C203F00300000098000000001F00F000D303F05E
:20AF20000B00000098000000001F00F00000000000A203F00400000098000000001F00F01F
:20AF40000B00000000D303F00A00000098000000001F00F00C00000000C203F002000000AC
:20AF600098000000001F00F00D00000000C303F00100000098000000001F00F001000000BE
:20AF800000A203F00000000098000000001F00F00100000000D303F009000000980000000D
:20AFA000001F00F00200000000A203F00100000098000000001F00F00200000000D303F07B
:20AFC0000800000098000000001F00F00300000000A203F00200000098000000001F00F081
:20AFE0000400000000A203F00300000098000000001F00F00500000000A203F0080000006C
:20B0000090000000001F00F00600000000A003F00800000090000000001F00F0070000004A
:20B0200000A003F00900000090000000001F00F00700000000D303F0070000009800000069
:20B04000001F00F00800000000B003F00500000098000000001C00F000000000001D00F080
:20B0600001000000001E00F002000000001F00F003000000040017B7D138000000000000D2
:20B08000030017B7D138000000000000020017B7D1380000000000000300000074B0008056
:20B0A000013B050017B7513912011202FF0F3F0312221402FFFFFF0F020000000F00000019
:20B0C000010000000F000000000000003F000000000000003F000000D5140000FF7F00007B
:20B0E000002D3101000000F000000000000100F001000000FFFFFFFFFFFFFFFFFFFFFFFF1B
:20B10000FFFFFFFFFFFFFFFFFFFFFFFFFFFFFFFFFFFFFFFFFFFFFFFFFFFFFFFFFFFFFFFF4F
:20B12000FFFFFFFFFFFFFFFFFFFFFFFFFFFFFFFFFFFFFFFFFFFFFFFFFFFFFFFFFFFFFFFF2F
:20B14000FFFFFFFFFFFFFFFFFFFFFFFFFFFFFFFFFFFFFFFFFFFFFFFFFFFFFFFFFFFFFFFF0F
:20B16000FFFFFFFFFFFFFFFFFFFFFFFFFFFFFFFFFFFFFFFFFFFFFFFFFFFFFFFFFFFFFFFFEF
:20B18000FFFFFFFFFFFFFFFFFFFFFFFFFFFFFFFFFFFFFFFFFFFFFFFFFFFFFFFFFFFFFFFFCF
:20B1A000FFFFFFFFFFFFFFFFFFFFFFFFFFFFFFFFFFFFFFFFFFFFFFFFFFFFFFFFFFFFFFFFAF
:20B1C000FFFFFFFFFFFFFFFFFFFFFFFFFFFFFFFFFFFFFFFFFFFFFFFFFFFFFFFFFFFFFFFF8F
:20B1E000FFFFFFFFFFFFFFFFFFFFFFFFFFFFFFFFFFFFFFFFFFFFFFFFFFFFFFFFFFFFFFFF6F
:20B20000FFFFFFFFFFFFFFFFFFFFFFFFFFFFFFFFFFFFFFFFFFFFFFFFFFFFFFFFFFFFFFFF4E
:20B22000FFFFFFFFFFFFFFFFFFFFFFFFFFFFFFFFFFFFFFFFFFFFFFFFFFFFFFFFFFFFFFFF2E
:20B24000FFFFFFFFFFFFFFFFFFFFFFFFFFFFFFFFFFFFFFFFFFFFFFFFFFFFFFFFFFFFFFFF0E
:20B26000FFFFFFFFFFFFFFFFFFFFFFFFFFFFFFFFFFFFFFFFFFFFFFFFFFFFFFFFFFFFFFFFEE
:20B28000FFFFFFFFFFFFFFFFFFFFFFFFFFFFFFFFFFFFFFFFFFFFFFFFFFFFFFFFFFFFFFFFCE
:20B2A000FFFFFFFFFFFFFFFFFFFFFFFFFFFFFFFFFFFFFFFFFFFFFFFFFFFFFFFFFFFFFFFFAE
:20B2C000FFFFFFFFFFFFFFFFFFFFFFFFFFFFFFFFFFFFFFFFFFFFFFFFFFFFFFFFFFFFFFFF8E
:20B2E000FFFFFFFFFFFFFFFFFFFFFFFFFFFFFFFFFFFFFFFFFFFFFFFFFFFFFFFFFFFFFFFF6E
:20B30000FFFFFFFFFFFFFFFFFFFFFFFFFFFFFFFFFFFFFFFFFFFFFFFFFFFFFFFFFFFFFFFF4D
:20B32000FFFFFFFFFFFFFFFFFFFFFFFFFFFFFFFFFFFFFFFFFFFFFFFFFFFFFFFFFFFFFFFF2D
:20B34000FFFFFFFFFFFFFFFFFFFFFFFFFFFFFFFFFFFFFFFFFFFFFFFFFFFFFFFFFFFFFFFF0D
:20B36000FFFFFFFFFFFFFFFFFFFFFFFFFFFFFFFFFFFFFFFFFFFFFFFFFFFFFFFFFFFFFFFFED
:20B38000FFFFFFFFFFFFFFFFFFFFFFFFFFFFFFFFFFFFFFFFFFFFFFFFFFFFFFFFFFFFFFFFCD
:20B3A000FFFFFFFFFFFFFFFFFFFFFFFFFFFFFFFFFFFFFFFFFFFFFFFFFFFFFFFFFFFFFFFFAD
:20B3C000FFFFFFFFFFFFFFFFFFFFFFFFFFFFFFFFFFFFFFFFFFFFFFFFFFFFFFFFFFFFFFFF8D
:20B3E000FFFFFFFFFFFFFFFFFFFFFFFFFFFFFFFFFFFFFFFFFFFFFFFFFFFFFFFFFFFFFFFF6D
:20B40000FFFFFFFFFFFFFFFFFFFFFFFFFFFFFFFFFFFFFFFFFFFFFFFFFFFFFFFFFFFFFFFF4C
:20B42000FFFFFFFFFFFFFFFFFFFFFFFFFFFFFFFFFFFFFFFFFFFFFFFFFFFFFFFFFFFFFFFF2C
:20B44000FFFFFFFFFFFFFFFFFFFFFFFFFFFFFFFFFFFFFFFFFFFFFFFFFFFFFFFFFFFFFFFF0C
:20B46000FFFFFFFFFFFFFFFFFFFFFFFFFFFFFFFFFFFFFFFFFFFFFFFFFFFFFFFFFFFFFFFFEC
:20B48000FFFFFFFFFFFFFFFFFFFFFFFFFFFFFFFFFFFFFFFFFFFFFFFFFFFFFFFFFFFFFFFFCC
:20B4A000FFFFFFFFFFFFFFFFFFFFFFFFFFFFFFFFFFFFFFFFFFFFFFFFFFFFFFFFFFFFFFFFAC
:20B4C000FFFFFFFFFFFFFFFFFFFFFFFFFFFFFFFFFFFFFFFFFFFFFFFFFFFFFFFFFFFFFFFF8C
:20B4E000FFFFFFFFFFFFFFFFFFFFFFFFFFFFFFFFFFFFFFFFFFFFFFFFFFFFFFFFFFFFFFFF6C
:20B50000FFFFFFFFFFFFFFFFFFFFFFFFFFFFFFFFFFFFFFFFFFFFFFFFFFFFFFFFFFFFFFFF4B
:20B52000FFFFFFFFFFFFFFFFFFFFFFFFFFFFFFFFFFFFFFFFFFFFFFFFFFFFFFFFFFFFFFFF2B
:20B54000FFFFFFFFFFFFFFFFFFFFFFFFFFFFFFFFFFFFFFFFFFFFFFFFFFFFFFFFFFFFFFFF0B
:20B56000FFFFFFFFFFFFFFFFFFFFFFFFFFFFFFFFFFFFFFFFFFFFFFFFFFFFFFFFFFFFFFFFEB
:20B58000FFFFFFFFFFFFFFFFFFFFFFFFFFFFFFFFFFFFFFFFFFFFFFFFFFFFFFFFFFFFFFFFCB
:20B5A000FFFFFFFFFFFFFFFFFFFFFFFFFFFFFFFFFFFFFFFFFFFFFFFFFFFFFFFFFFFFFFFFAB
:20B5C000FFFFFFFFFFFFFFFFFFFFFFFFFFFFFFFFFFFFFFFFFFFFFFFFFFFFFFFFFFFFFFFF8B
:20B5E000FFFFFFFFFFFFFFFFFFFFFFFFFFFFFFFFFFFFFFFFFFFFFFFFFFFFFFFFFFFFFFFF6B
:20B60000FFFFFFFFFFFFFFFFFFFFFFFFFFFFFFFFFFFFFFFFFFFFFFFFFFFFFFFFFFFFFFFF4A
:20B62000FFFFFFFFFFFFFFFFFFFFFFFFFFFFFFFFFFFFFFFFFFFFFFFFFFFFFFFFFFFFFFFF2A
:20B64000FFFFFFFFFFFFFFFFFFFFFFFFFFFFFFFFFFFFFFFFFFFFFFFFFFFFFFFFFFFFFFFF0A
:20B66000FFFFFFFFFFFFFFFFFFFFFFFFFFFFFFFFFFFFFFFFFFFFFFFFFFFFFFFFFFFFFFFFEA
:20B68000FFFFFFFFFFFFFFFFFFFFFFFFFFFFFFFFFFFFFFFFFFFFFFFFFFFFFFFFFFFFFFFFCA
:20B6A000FFFFFFFFFFFFFFFFFFFFFFFFFFFFFFFFFFFFFFFFFFFFFFFFFFFFFFFFFFFFFFFFAA
:20B6C000FFFFFFFFFFFFFFFFFFFFFFFFFFFFFFFFFFFFFFFFFFFFFFFFFFFFFFFFB30AF502D2
:20B6E000D502D502D502752BFFFFFFFFFFFFFFFFFFFFFFFFFFFFFFFFFFFFFFFFFFFFFFFF3D
:20B70000FFFFFFFFFFFFFFFFFFFFFFFFFFFFFFFFFFFFFFFFFFFFFFFFFFFFFFFFFFFFFFFF49
:20B72000FFFFFFFFFFFFFFFFFFFFFFFFFFFFFFFFFFFFFFFFFFFFFFFFFFFFFFFFFFFFFFFF29
:20B74000FFFFFFFFFFFFFFFFFFFFFFFFFFFFFFFFFFFFFFFFFFFFFFFFFFFFFFFFFFFFFFFF09
:20B76000FFFFFFFFFFFFFFFFFFFFFFFFFFFFFFFFFFFFFFFFFFFFFFFFFFFFFFFFFFFFFFFFE9
:20B78000FFFFFFFFFFFFFFFFFFFFFFFFFFFFFFFFFFFFFFFFFFFFFFFFFFFFFFFFFFFFFFFFC9
:20B7A000FFFFFFFFFFFFFFFFFFFFFFFFFFFFFFFFFFFFFFFFFFFFFFFFFFFFFFFFFFFFFFFFA9
:20B7C000FFFFFFFFFFFFFFFFFFFFFFFFFFFFFFFFFFFFFFFFFFFFFFFFFFFFFFFFFFFFFFFF89
:20B7E000FFFFFFFFFFFFFFFFFFFFFFFFFFFFFFFFFFFFFFFFFFFFFFFFFFFFFFFFFFFFFFFF69
:20B80000FFFFFFFFFFFFFFFFFFFFFFFFFFFFFFFFFFFFFFFFFFFFFFFFFFFFFFFFFFFFFFFF48
:20B82000FFFFFFFFFFFFFFFFFFFFFFFFFFFFFFFFFFFFFFFFFFFFFFFFFFFFFFFFFFFFFFFF28
:20B84000FFFFFFFFFFFFFFFFFFFFFFFFFFFFFFFFFFFFFFFFFFFFFFFFFFFFFFFFFFFFFFFF08
:20B86000FFFFFFFFFFFFFFFFFFFFFFFFFFFFFFFFFFFFFFFFFFFFFFFFFFFFFFFFFFFFFFFFE8
:20B88000FFFFFFFFFFFFFFFFFFFFFFFFFFFFFFFFFFFFFFFFFFFFFFFFFFFFFFFFFFFFFFFFC8
:20B8A000FFFFFFFFFFFFFFFFFFFFFFFFFFFFFFFFFFFFFFFFFFFFFFFFD502D502D502D50244
:20B8C000D502D502D502F502D502FFFFFFFFFFFFFFFFFFFFFFFFFFFFFFFFFFFFFFFFFFFF2B
:20B8E000FFFFFFFFFFFFFFFFFFFFFFFFFFFFFFFFFFFFFFFFFFFFFFFFFFFFFFFFFFFFFFFF68
:20B90000FFFFFFFFFFFFFFFFFFFFFFFFFFFFFFFFFFFFFFFFFFFFFFFFFFFFFFFFFFFFFFFF47
:20B92000FFFFFFFFFFFFFFFFFFFFFFFFFFFFFFFFFFFFFFFFFFFFFFFFFFFFFFFFFFFFFFFF27
:20B94000FFFFFFFFFFFFFFFFFFFFFFFFFFFFFFFFFFFFFFFFFFFFFFFFFFFFFFFFFFFFFFFF07
:20B96000FFFFFFFFFFFFFFFFFFFFFFFFFFFFFFFFFFFFFFFFFFFFFFFFFFFFFFFFFFFFFFFFE7
:20B98000FFFFFFFFFFFFFFFFFFFFFFFFFFFFFFFFFFFFFFFFFFFFFFFFFFFFFFFFFFFFFFFFC7
:20B9A000FFFFFFFFFFFFFFFFFFFFFFFFFFFFFFFFFFFFFFFFFFFFFFFFFFFFFFFFFFFFFFFFA7
:20B9C000FFFFFFFFFFFFFFFFFFFFFFFFFFFFFFFFFFFFFFFFFFFFFFFFFFFFFFFFFFFFFFFF87
:20B9E000FFFFFFFFFFFFFFFFFFFFFFFFFFFFFFFFFFFFFFFFFFFFFFFFFFFFFFFFFFFFFFFF67
:20BA0000FFFFFFFFFFFFFFFFFFFFFFFFFFFFFFFFFFFFFFFFFFFFFFFFFFFFFFFFFFFFFFFF46
:20BA2000FFFFFFFFFFFFFFFFFFFFFFFFFFFFFFFFFFFFFFFFFFFFFFFFFFFFFFFFFFFFFFFF26
:20BA4000FFFFFFFFFFFFFFFFFFFFFFFFFFFFFFFFFFFFFFFFFFFFFFFFFFFFFFFFFFFFFFFF06
:20BA6000FFFFFFFFFFFFFFFFFFFFFFFFFFFFFFFFFFFFFFFFFFFFFFFFFFFFFFFFFFFFFFFFE6
:20BA8000FFFFFFFFFFFFFFFFFFFFFFFFFFFFFFFFFFFFFFFF196DF602D502D502D502D502E0
:20BAA000D502D502D502D502D502D402FFFFFFFFFFFFFFFFFFFFFFFFFFFFFFFFFFFFFFFF91
:20BAC000FFFFFFFFFFFFFFFFFFFFFFFFFFFFFFFFFFFFFFFFFFFFFFFFFFFFFFFFFFFFFFFF86
:20BAE000FFFFFFFFFFFFFFFFFFFFFFFFFFFFFFFFFFFFFFFFFFFFFFFFFFFFFFFFFFFFFFFF66
:20BB0000FFFFFFFFFFFFFFFFFFFFFFFFFFFFFFFFFFFFFFFFFFFFFFFFFFFFFFFFFFFFFFFF45
:20BB2000FFFFFFFFFFFFFFFFFFFFFFFFFFFFFFFFFFFFFFFFFFFFFFFFFFFFFFFFFFFFFFFF25
:20BB4000FFFFFFFFFFFFFFFFFFFFFFFFFFFFFFFFFFFFFFFFFFFFFFFFFFFFFFFFFFFFFFFF05
:20BB6000FFFFFFFFFFFFFFFFFFFFFFFFFFFFFFFFFFFFFFFFFFFFFFFFFFFFFFFFFFFFFFFFE5
:20BB8000FFFFFFFFFFFFFFFFFFFFFFFFFFFFFFFFFFFFFFFFFFFFFFFFFFFFFFFFFFFFFFFFC5
:20BBA000FFFFFFFFFFFFFFFFFFFFFFFFFFFFFFFFFFFFFFFFFFFFFFFFFFFFFFFFFFFFFFFFA5
:20BBC000FFFFFFFFFFFFFFFFFFFFFFFFFFFFFFFFFFFFFFFFFFFFFFFFFFFFFFFFFFFFFFFF85
:20BBE000FFFFFFFFFFFFFFFFFFFFFFFFFFFFFFFFFFFFFFFFFFFFFFFFFFFFFFFFFFFFFFFF65
:20BC0000FFFFFFFFFFFFFFFFFFFFFFFFFFFFFFFFFFFFFFFFFFFFFFFFFFFFFFFFFFFFFFFF44
:20BC2000FFFFFFFFFFFFFFFFFFFFFFFFFFFFFFFFFFFFFFFFFFFFFFFFFFFFFFFFFFFFFFFF24
:20BC4000FFFFFFFFFFFFFFFFFFFFFFFFFFFFFFFFFFFFFFFFFFFFFFFFFFFFFFFFFFFFFFFF04
:20BC6000FFFFFFFFFFFFFFFFFFFFFFFFFFFFFFFFFFFFD40AD502D502D502D502D502D502EE
:20BC8000D502D502D502D502D502D502D402FFFFFFFFFFFFFFFFFFFFFFFFFFFFFFFFFFFFD6
:20BCA000FFFFFFFFFFFFFFFFFFFFFFFFFFFFFFFFFFFFFFFFFFFFFFFFFFFFFFFFFFFFFFFFA4
:20BCC000FFFFFFFFFFFFFFFFFFFFFFFFFFFFFFFFFFFFFFFFFFFFFFFFFFFFFFFFFFFFFFFF84
:20BCE000FFFFFFFFFFFFFFFFFFFFFFFFFFFFFFFFFFFFFFFFFFFFFFFFFFFFFFFFFFFFFFFF64
:20BD0000FFFFFFFFFFFFFFFFFFFFFFFFFFFFFFFFFFFFFFFFFFFFFFFFFFFFFFFFFFFFFFFF43
:20BD2000FFFFFFFFFFFFFFFFFFFFFFFFFFFFFFFFFFFFFFFFFFFFFFFFFFFFFFFFFFFFFFFF23
:20BD4000FFFFFFFFFFFFFFFFFFFFFFFFFFFFFFFFFFFFFFFFFFFFFFFFFFFFFFFFFFFFFFFF03
:20BD6000FFFFFFFFFFFFFFFFFFFFFFFFFFFFFFFFFFFFFFFFFFFFFFFFFFFFFFFFFFFFFFFFE3
:20BD8000FFFFFFFFFFFFFFFFFFFFFFFFFFFFFFFFFFFFFFFFFFFFFFFFFFFFFFFFFFFFFFFFC3
:20BDA000FFFFFFFFFFFFFFFFFFFFFFFFFFFFFFFFFFFFFFFFFFFFFFFFFFFFFFFFFFFFFFFFA3
:20BDC000FFFFFFFFFFFFFFFFFFFFFFFFFFFFFFFFFFFFFFFFFFFFFFFFFFFFFFFFFFFFFFFF83
:20BDE000FFFFFFFFFFFFFFFFFFFFFFFFFFFFFFFFFFFFFFFFFFFFFFFFFFFFFFFFFFFFFFFF63
:20BE0000FFFFFFFFFFFFFFFFFFFFFFFFFFFFFFFFFFFFFFFFFFFFFFFFFFFFFFFFFFFFFFFF42
:20BE2000FFFFFFFFFFFFFFFFFFFFFFFFFFFFFFFFFFFFFFFFFFFFFFFFFFFFFFFFFFFFFFFF22
:20BE4000FFFFFFFFFFFFFFFFFFFFFFFFFFFFFFFFD402D502D602D502D502D502D502D5023A
:20BE6000D502D502D502D502D502D502D502D40AFFFFFFFFFFFFFFFFFFFFFFFFFFFFFFFF13
:20BE8000FFFFFFFFFFFFFFFFFFFFFFFFFFFFFFFFFFFFFFFFFFFFFFFFFFFFFFFFFFFFFFFFC2
:20BEA000FFFFFFFFFFFFFFFFFFFFFFFFFFFFFFFFFFFFFFFFFFFFFFFFFFFFFFFFFFFFFFFFA2
:20BEC000FFFFFFFFFFFFFFFFFFFFFFFFFFFFFFFFFFFFFFFFFFFFFFFFFFFFFFFFFFFFFFFF82
:20BEE000FFFFFFFFFFFFFFFFFFFFFFFFFFFFFFFFFFFFFFFFFFFFFFFFFFFFFFFFFFFFFFFF62
:20BF0000FFFFFFFFFFFFFFFFFFFFFFFFFFFFFFFFFFFFFFFFFFFFFFFFFFFFFFFFFFFFFFFF41
:20BF2000FFFFFFFFFFFFFFFFFFFFFFFFFFFFFFFFFFFFFFFFFFFFFFFFFFFFFFFFFFFFFFFF21
:20BF4000FFFFFFFFFFFFFFFFFFFFFFFFFFFFFFFFFFFFFFFFFFFFFFFFFFFFFFFFFFFFFFFF01
:20BF6000FFFFFFFFFFFFFFFFFFFFFFFFFFFFFFFFFFFFFFFFFFFFFFFFFFFFFFFFFFFFFFFFE1
:20BF8000FFFFFFFFFFFFFFFFFFFFFFFFFFFFFFFFFFFFFFFFFFFFFFFFFFFFFFFFFFFFFFFFC1
:20BFA000FFFFFFFFFFFFFFFFFFFFFFFFFFFFFFFFFFFFFFFFFFFFFFFFFFFFFFFFFFFFFFFFA1
:20BFC000FFFFFFFFFFFFFFFFFFFFFFFFFFFFFFFFFFFFFFFFFFFFFFFFFFFFFFFFFFFFFFFF81
:20BFE000FFFFFFFFFFFFFFFFFFFFFFFFFFFFFFFFFFFFFFFFFFFFFFFFFFFFFFFFFFFFFFFF61
:20C00000FFFFFFFFFFFFFFFFFFFFFFFFFFFFFFFFFFFFFFFFFFFFFFFFFFFFFFFFFFFFFFFF40
:20C02000FFFFFFFFFFFFFFFFFFFFFFFFFFFF9433F502D502D502D502D502D502D502D5026F
:20C04000D502D502D502D502D502D502D502D502D30AFFFFFFFFFFFFFFFFFFFFFFFFFFFF59
:20C06000FFFFFFFFFFFFFFFFFFFFFFFFFFFFFFFFFFFFFFFFFFFFFFFFFFFFFFFFFFFFFFFFE0
:20C08000FFFFFFFFFFFFFFFFFFFFFFFFFFFFFFFFFFFFFFFFFFFFFFFFFFFFFFFFFFFFFFFFC0
:20C0A000FFFFFFFFFFFFFFFFFFFFFFFFFFFFFFFFFFFFFFFFFFFFFFFFFFFFFFFFFFFFFFFFA0
:20C0C000FFFFFFFFFFFFFFFFFFFFFFFFFFFFFFFFFFFFFFFFFFFFFFFFFFFFFFFFFFFFFFFF80
:20C0E000FFFFFFFFFFFFFFFFFFFFFFFFFFFFFFFFFFFFFFFFFFFFFFFFFFFFFFFFFFFFFFFF60
:20C10000FFFFFFFFFFFFFFFFFFFFFFFFFFFFFFFFFFFFFFFFFFFFFFFFFFFFFFFFFFFFFFFF3F
:20C12000FFFFFFFFFFFFFFFFFFFFFFFFFFFFFFFFFFFFFFFFFFFFFFFFFFFFFFFFFFFFFFFF1F
:20C14000FFFFFFFFFFFFFFFFFFFFFFFFFFFFFFFFFFFFFFFFFFFFFFFFFFFFFFFFFFFFFFFFFF
:20C16000FFFFFFFFFFFFFFFFFFFFFFFFFFFFFFFFFFFFFFFFFFFFFFFFFFFFFFFFFFFFFFFFDF
:20C18000FFFFFFFFFFFFFFFFFFFFFFFFFFFFFFFFFFFFFFFFFFFFFFFFFFFFFFFFFFFFFFFFBF
:20C1A000FFFFFFFFFFFFFFFFFFFFFFFFFFFFFFFFFFFFFFFFFFFFFFFFFFFFFFFFFFFFFFFF9F
:20C1C000FFFFFFFFFFFFFFFFFFFFFFFFFFFFFFFFFFFFFFFFFFFFFFFFFFFFFFFFFFFFFFFF7F
:20C1E000FFFFFFFFFFFFFFFFFFFFFFFFFFFFFFFFFFFFFFFFFFFFFFFFFFFFFFFFFFFFFFFF5F
:20C20000FFFFFFFFFFFFFFFFFFFFFFFFFFFFD502D502D502D502D502D502D502D502D5029D
:20C22000D502D502D502D502D502D502D502D502D502D21AFFFFFFFFFFFFFFFFFFFFFFFF8F
:20C24000FFFFFFFFFFFFFFFFFFFFFFFFFFFFFFFFFFFFFFFFFFFFFFFFFFFFFFFFFFFFFFFFFE
:20C26000FFFFFFFFFFFFFFFFFFFFFFFFFFFFFFFFFFFFFFFFFFFFFFFFFFFFFFFFFFFFFFFFDE
:20C28000FFFFFFFFFFFFFFFFFFFFFFFFFFFFFFFFFFFFFFFFFFFFFFFFFFFFFFFFFFFFFFFFBE
:20C2A000FFFFFFFFFFFFFFFFFFFFFFFFFFFFFFFFFFFFFFFFFFFFFFFFFFFFFFFFFFFFFFFF9E
:20C2C000FFFFFFFFFFFFFFFFFFFFFFFFFFFFFFFFFFFFFFFFFFFFFFFFFFFFFFFFFFFFFFFF7E
:20C2E000FFFFFFFFFFFFFFFFFFFFFFFFFFFFFFFFFFFFFFFFFFFFFFFFFFFFFFFFFFFFFFFF5E
:20C30000FFFFFFFFFFFFFFFFFFFFFFFFFFFFFFFFFFFFFFFFFFFFFFFFFFFFFFFFFFFFFFFF3D
:20C32000FFFFFFFFFFFFFFFFFFFFFFFFFFFFFFFFFFFFFFFFFFFFFFFFFFFFFFFFFFFFFFFF1D
:20C34000FFFFFFFFFFFFFFFFFFFFFFFFFFFFFFFFFFFFFFFFFFFFFFFFFFFFFFFFFFFFFFFFFD
:20C36000FFFFFFFFFFFFFFFFFFFFFFFFFFFFFFFFFFFFFFFFFFFFFFFFFFFFFFFFFFFFFFFFDD
:20C38000FFFFFFFFFFFFFFFFFFFFFFFFFFFFFFFFFFFFFFFFFFFFFFFFFFFFFFFFFFFFFFFFBD
:20C3A000FFFFFFFFFFFFFFFFFFFFFFFFFFFFFFFFFFFFFFFFFFFFFFFFFFFFFFFFFFFFFFFF9D
:20C3C000FFFFFFFFFFFFFFFFFFFFFFFFFFFFFFFFFFFFFFFFFFFFFFFFFFFFFFFFFFFFFFFF7D
:20C3E000FFFFFFFFFFFFFFFFFFFFFFFFFFFFB502D502D502D502D502D502D502D502D502DC
:20C40000D502D502D502D502D502D502D502D502D502D502B53BFFFFFFFFFFFFFFFFFFFFD0
:20C42000FFFFFFFFFFFFFFFFFFFFFFFFFFFFFFFFFFFFFFFFFFFFFFFFFFFFFFFFFFFFFFFF1C
:20C44000FFFFFFFFFFFFFFFFFFFFFFFFFFFFFFFFFFFFFFFFFFFFFFFFFFFFFFFFFFFFFFFFFC
:20C46000FFFFFFFFFFFFFFFFFFFFFFFFFFFFFFFFFFFFFFFFFFFFFFFFFFFFFFFFFFFFFFFFDC
:20C48000FFFFFFFFFFFFFFFFFFFFFFFFFFFFFFFFFFFFFFFFFFFFFFFFFFFFFFFFFFFFFFFFBC
:20C4A000FFFFFFFFFFFFFFFFFFFFFFFFFFFFFFFFFFFFFFFFFFFFFFFFFFFFFFFFFFFFFFFF9C
:20C4C000FFFFFFFFFFFFFFFFFFFFFFFFFFFFFFFFFFFFFFFFFFFFFFFFFFFFFFFFFFFFFFFF7C
:20C4E000FFFFFFFFFFFFFFFFFFFFFFFFFFFFFFFFFFFFFFFFFFFFFFFFFFFFFFFFFFFFFFFF5C
:20C50000FFFFFFFFFFFFFFFFFFFFFFFFFFFFFFFFFFFFFFFFFFFFFFFFFFFFFFFFFFFFFFFF3B
:20C52000FFFFFFFFFFFFFFFFFFFFFFFFFFFFFFFFFFFFFFFFFFFFFFFFFFFFFFFFFFFFFFFF1B
:20C54000FFFFFFFFFFFFFFFFFFFFFFFFFFFFFFFFFFFFFFFFFFFFFFFFFFFFFFFFFFFFFFFFFB
:20C56000FFFFFFFFFFFFFFFFFFFFFFFFFFFFFFFFFFFFFFFFFFFFFFFFFFFFFFFFFFFFFFFFDB
:20C58000FFFFFFFFFFFFFFFFFFFFFFFFFFFFFFFFFFFFFFFFFFFFFFFFFFFFFFFFFFFFFFFFBB
:20C5A000FFFFFFFFFFFFFFFFFFFFFFFFFFFFFFFFFFFFFFFFFFFFFFFFFFFFFFFFFFFFFFFF9B
:20C5C000FFFFFFFFFFFFFFFFFFFFFFFFFFFFFFFFF502D502D502D502D502D502D502D50293
:20C5E000D502D502D502D502D502D502D502D502D502D502D502D864FFFFFFFFFFFFFFFFCA
:20C60000FFFFFFFFFFFFFFFFFFFFFFFFFFFFFFFFFFFFFFFFFFFFFFFFFFFFFFFFFFFFFFFF3A
:20C62000FFFFFFFFFFFFFFFFFFFFFFFFFFFFFFFFFFFFFFFFFFFFFFFFFFFFFFFFFFFFFFFF1A
:20C64000FFFFFFFFFFFFFFFFFFFFFFFFFFFFFFFFFFFFFFFFFFFFFFFFFFFFFFFFFFFFFFFFFA
:20C66000FFFFFFFFFFFFFFFFFFFFFFFFFFFFFFFFFFFFFFFFFFFFFFFFFFFFFFFFFFFFFFFFDA
:20C68000FFFFFFFFFFFFFFFFFFFFFFFFFFFFFFFFFFFFFFFFFFFFFFFFFFFFFFFFFFFFFFFFBA
:20C6A000FFFFFFFFFFFFFFFFFFFFFFFFFFFFFFFFFFFFFFFFFFFFFFFFFFFFFFFFFFFFFFFF9A
:20C6C000FFFFFFFFFFFFFFFFFFFFFFFFFFFFFFFFFFFFFFFFFFFFFFFFFFFFFFFFFFFFFFFF7A
:20C6E000FFFFFFFFFFFFFFFFFFFFFFFFFFFFFFFFFFFFFFFFFFFFFFFFFFFFFFFFFFFFFFFF5A
:20C70000FFFFFFFFFFFFFFFFFFFFFFFFFFFFFFFFFFFFFFFFFFFFFFFFFFFFFFFFFFFFFFFF39
:20C72000FFFFFFFFFFFFFFFFFFFFFFFFFFFFFFFFFFFFFFFFFFFFFFFFFFFFFFFFFFFFFFFF19
:20C74000FFFFFFFFFFFFFFFFFFFFFFFFFFFFFFFFFFFFFFFFFFFFFFFFFFFFFFFFFFFFFFFFF9
:20C76000FFFFFFFFFFFFFFFFFFFFFFFFFFFFFFFFFFFFFFFFFFFFFFFFFFFFFFFFFFFFFFFFD9
:20C78000FFFFFFFFFFFFFFFFFFFFFFFFFFFFFFFFFFFFFFFFFFFFFFFFFFFFFFFFFFFFFFFFB9
:20C7A000FFFFFFFFFFFFFFFFFFFFFFFFFFFFFFFFFFFFD502F502D502D502D502D502D5028A
:20C7C000D502D502D502D502D502D502D502D502D502D502D502D5021B96FFFFFFFFFFFF9A
:20C7E000FFFFFFFFFFFFFFFFFFFFFFFFFFFFFFFFFFFFFFFFFFFFFFFFFFFFFFFFFFFFFFFF59
:20C80000FFFFFFFFFFFFFFFFFFFFFFFFFFFFFFFFFFFFFFFFFFFFFFFFFFFFFFFFFFFFFFFF38
:20C82000FFFFFFFFFFFFFFFFFFFFFFFFFFFFFFFFFFFFFFFFFFFFFFFFFFFFFFFFFFFFFFFF18
:20C84000FFFFFFFFFFFFFFFFFFFFFFFFFFFFFFFFFFFFFFFFFFFFFFFFFFFFFFFFFFFFFFFFF8
:20C86000FFFFFFFFFFFFFFFFFFFFFFFFFFFFFFFFFFFFFFFFFFFFFFFFFFFFFFFFFFFFFFFFD8
:20C88000FFFFFFFFFFFFFFFFFFFFFFFFFFFFFFFFFFFFFFFFFFFFFFFFFFFFFFFFFFFFFFFFB8
:20C8A000FFFFFFFFFFFFFFFFFFFFFFFFFFFFFFFFFFFFFFFFFFFFFFFFFFFFFFFFFFFFFFFF98
:20C8C000FFFFFFFFFFFFFFFFFFFFFFFFFFFFFFFFFFFFFFFFFFFFFFFFFFFFFFFFFFFFFFFF78
:20C8E000FFFFFFFFFFFFFFFFFFFFFFFFFFFFFFFFFFFFFFFFFFFFFFFFFFFFFFFFFFFFFFFF58
:20C90000FFFFFFFFFFFFFFFFFFFFFFFFFFFFFFFFFFFFFFFFFFFFFFFFFFFFFFFFFFFFFFFF37
:20C92000FFFFFFFFFFFFFFFFFFFFFFFFFFFFFFFFFFFFFFFFFFFFFFFFFFFFFFFFFFFFFFFF17
:20C94000FFFFFFFFFFFFFFFFFFFFFFFFFFFFFFFFFFFFFFFFFFFFFFFFFFFFFFFFFFFFFFFFF7
:20C96000FFFFFFFFFFFFFFFFFFFFFFFFFFFFFFFFFFFFFFFFFFFFFFFFFFFFFFFFFFFFFFFFD7
:20C98000FFFFFFFFFFFFFFFFFFFFFFFFFFFFFFFFFFFFFFFFF602D502D502D502D502D50280
:20C9A000D502D502D502D502D502D502D502D502D502D502D502D502F6027FCFFFFFFFFF21
:20C9C000FFFFFFFFFFFFFFFFFFFFFFFFFFFFFFFFFFFFFFFFFFFFFFFFFFFFFFFFFFFFFFFF77
:20C9E000FFFFFFFFFFFFFFFFFFFFFFFFFFFFFFFFFFFFFFFFFFFFFFFFFFFFFFFFFFFFFFFF57
:20CA0000FFFFFFFFFFFFFFFFFFFFFFFFFFFFFFFFFFFFFFFFFFFFFFFFFFFFFFFFFFFFFFFF36
:20CA2000FFFFFFFFFFFFFFFFFFFFFFFFFFFFFFFFFFFFFFFFFFFFFFFFFFFFFFFFFFFFFFFF16
:20CA4000FFFFFFFFFFFFFFFFFFFFFFFFFFFFFFFFFFFFFFFFFFFFFFFFFFFFFFFFFFFFFFFFF6
:20CA6000FFFFFFFFFFFFFFFFFFFFFFFFFFFFFFFFFFFFFFFFFFFFFFFFFFFFFFFFFFFFFFFFD6
:20CA8000FFFFFFFFFFFFFFFFFFFFFFFFFFFFFFFFFFFFFFFFFFFFFFFFFFFFFFFFFFFFFFFFB6
:20CAA000FFFFFFFFFFFFFFFFFFFFFFFFFFFFFFFFFFFFFFFFFFFFFFFFFFFFFFFFFFFFFFFF96
:20CAC000FFFFFFFFFFFFFFFFFFFFFFFFFFFFFFFFFFFFFFFFFFFFFFFFFFFFFFFFFFFFFFFF76
:20CAE000FFFFFFFFFFFFFFFFFFFFFFFFFFFFFFFFFFFFFFFFFFFFFFFFFFFFFFFFFFFFFFFF56
:20CB0000FFFFFFFFFFFFFFFFFFFFFFFFFFFFFFFFFFFFFFFFFFFFFFFFFFFFFFFFFFFFFFFF35
:20CB2000FFFFFFFFFFFFFFFFFFFFFFFFFFFFFFFFFFFFFFFFFFFFFFFFFFFFFFFFFFFFFFFF15
:20CB4000FFFFFFFFFFFFFFFFFFFFFFFFFFFFFFFFFFFFFFFFFFFFFFFFFFFFFFFFFFFFFFFFF5
:20CB6000FEFF0DEDFFFFFFFFFFFFFFFFFFFFFFFFFFFFFFFFFFFFF502D502D502D502D5027D
:20CB8000D502D502D502D502D502D502D502D502D502D502D502D502D502D502FFEFFFFFE7
:20CBA000FFFFFFFFFFFFFFFFFFFFFFFFFFFFFFFFFFFFFFFFFFFFFFFFFFFFFFFFFFFFFFFF95
:20CBC000FFFFFFFFFFFFFFFFFFFFFFFFFFFFFFFFFFFFFFFFFFFFFFFFFFFFFFFFFFFFFFFF75
:20CBE000FFFFFFFFFFFFFFFFFFFFFFFFFFFFFFFFFFFFFFFFFFFFFFFFFFFFFFFFFFFFFFFF55
:20CC0000FFFFFFFFFFFFFFFFFFFFFFFFFFFFFFFFFFFFFFFFFFFFFFFFFFFFFFFFFFFFFFFF34
:20CC2000FFFFFFFFFFFFFFFFFFFFFFFFFFFFFFFFFFFFFFFFFFFFFFFFFFFFFFFFFFFFFFFF14
:20CC4000FFFFFFFFFFFFFFFFFFFFFFFFFFFFFFFFFFFFFFFFFFFFFFFFFFFFFFFFFFFFFFFFF4
:20CC6000FFFFFFFFFFFFFFFFFFFFFFFFFFFFFFFFFFFFFFFFFFFFFFFFFFFFFFFFFFFFFFFFD4
:20CC8000FFFFFFFFFFFFFFFFFFFFFFFFFFFFFFFFFFFFFFFFFFFFFFFFFFFFFFFFFFFFFFFFB4
:20CCA000FFFFFFFFFFFFFFFFFFFFFFFFFFFFFFFFFFFFFFFFFFFFFFFFFFFFFFFFFFFFFFFF94
:20CCC000FFFFFFFFFFFFFFFFFFFFFFFFFFFFFFFFFFFFFFFFFFFFFFFFFFFFFFFFFFFFFFFF74
:20CCE000FFFFFFFFFFFFFFFFFFFFFFFFFFFFFFFFFFFFFFFFFFFFFFFFFFFFFFFFFFFFFFFF54
:20CD0000FFFFFFFFFFFFFFFFFFFFFFFFFFFFFFFFFFFFFFFFFFFFFFFFFFFFFFFFFFFFFFFF33
:20CD2000FFFFFFFFFFFFFFFFFFFFFFFFFFFFFFFFFFFFFFFFFFFFFFFFFFFFFFFFFFFFDDFF35
:20CD400040FB20FB20FBFFFFFFFFFFFFFFFFFFFFFFFFFFFFFFFFFFFFD502D502D502D50218
:20CD6000D502D502D502D502D502D502D502D502D502D502D502D502D502D502D5029FE794
:20CD8000FFFFFFFFFFFFFFFFFFFFFFFFFFFFFFFFFFFFFFFFFFFFFFFFFFFFFFFFFFFFFFFFB3
:20CDA000FFFFFFFFFFFFFFFFFFFFFFFFFFFFFFFFFFFFFFFFFFFFFFFFFFFFFFFFFFFFFFFF93
:20CDC000FFFFFFFFFFFFFFFFFFFFFFFFFFFFFFFFFFFFFFFFFFFFFFFFFFFFFFFFFFFFFFFF73
:20CDE000FFFFFFFFFFFFFFFFFFFFFFFFFFFFFFFFFFFFFFFFFFFFFFFFFFFFFFFFFFFFFFFF53
:20CE0000FFFFFFFFFFFFFFFFFFFFFFFFFFFFFFFFFFFFFFFFFFFFFFFFFFFFFFFFFFFFFFFF32
:20CE2000FFFFFFFFFFFFFFFFFFFFFFFFFFFFFFFFFFFFFFFFFFFFFFFFFFFFFFFFFFFFFFFF12
:20CE4000FFFFFFFFFFFFFFFFFFFFFFFFFFFFFFFFFFFFFFFFFFFFFFFFFFFFFFFFFFFFFFFFF2
:20CE6000FFFFFFFFFFFFFFFFFFFFFFFFFFFFFFFFFFFFFFFFFFFFFFFFFFFFFFFFFFFFFFFFD2
:20CE8000FFFFFFFFFFFFFFFFFFFFFFFFFFFFFFFFFFFFFFFFFFFFFFFFFFFFFFFFFFFFFFFFB2
:20CEA000FFFFFFFFFFFFFFFFFFFFFFFFFFFFFFFFFFFFFFFFFFFFFFFFFFFFFFFFFFFFFFFF92
:20CEC000FFFFFFFFFFFFFFFFFFFFFFFFFFFFFFFFFFFFFFFFFFFFFFFFFFFFFFFFFFFFFFFF72
:20CEE000FFFFFFFFFFFFFFFFFFFFFFFFFFFFFFFFFFFFFFFFFFFFFFFFFFFFFFFFFFFFFFFF52
:20CF0000FFFFFFFFFFFFFFFFFFFFFFFFFFFFFFFFFFFFFFFFFFFFFFFFFFFFFFFFDEFF20FB35
:20CF200020FB20FB20FB00FBFFFFFFFFFFFFFFFFFFFFFFFFFFFFFFFFFFFFF502D502D50212
:20CF4000D502D502D502D502D502D502D502D502D502D502D502D502D502D502D502D50261
:20CF6000BFE7FFFFFFFFFFFFFFFFFFFFFFFFFFFFFFFFFFFFFFFFFFFFFFFFFFFFFFFFFFFF29
:20CF8000FFFFFFFFFFFFFFFFFFFFFFFFFFFFFFFFFFFFFFFFFFFFFFFFFFFFFFFFFFFFFFFFB1
:20CFA000FFFFFFFFFFFFFFFFFFFFFFFFFFFFFFFFFFFFFFFFFFFFFFFFFFFFFFFFFFFFFFFF91
:20CFC000FFFFFFFFFFFFFFFFFFFFFFFFFFFFFFFFFFFFFFFFFFFFFFFFFFFFFFFFFFFFFFFF71
:20CFE000FFFFFFFFFFFFFFFFFFFFFFFFFFFFFFFFFFFFFFFFFFFFFFFFFFFFFFFFFFFFFFFF51
:20D00000FFFFFFFFFFFFFFFFFFFFFFFFFFFFFFFFFFFFFFFFFFFFFFFFFFFFFFFFFFFFFFFF30
:20D02000FFFFFFFFFFFFFFFFFFFFFFFFFFFFFFFFFFFFFFFFFFFFFFFFFFFFFFFFFFFFFFFF10
:20D04000FFFFFFFFFFFFFFFFFFFFFFFFFFFFFFFFFFFFFFFFFFFFFFFFFFFFFFFFFFFFFFFFF0
:20D06000FFFFFFFFFFFFFFFFFFFFFFFFFFFFFFFFFFFFFFFFFFFFFFFFFFFFFFFFFFFFFFFFD0
:20D08000FFFFFFFFFFFFFFFFFFFFFFFFFFFFFFFFFFFFFFFFFFFFFFFFFFFFFFFFFFFFFFFFB0
:20D0A000FFFFFFFFFFFFFFFFFFFFFFFFFFFFFFFFFFFFFFFFFFFFFFFFFFFFFFFFFFFFFFFF90
:20D0C000FFFFFFFFFFFFFFFFFFFFFFFFFFFFFFFFFFFFFFFFFFFFFFFFFFFFFFFFFFFFFFFF70
:20D0E000FFFFFFFFFFFFFFFFFFFFFFFFFFFFFFFFFFFFFFFFFFFFFFFFFFFFFEFF20FB20FB17
:20D1000020FB20FB20FB20FB20FBFFFFFFFFFFFFFFFFFFFFFFFFFFFFFFFFFFFFD502D502EC
:20D12000D502D502D502D502D502D502D502D502D502D502D502D502D502D502D502D5027F
:20D14000D502DFF7FFFFFFFFFFFFFFFFFFFFFFFFFFFFFFFFFFFFFFFFFFFFFFFFFFFFFFFF3E
:20D16000FFFFFFFFFFFFFFFFFFFFFFFFFFFFFFFFFFFFFFFFFFFFFFFFFFFFFFFFFFFF9EF738
:20D180009EF79EF79EF79DF7FFFFFFFFFFFFFFFFFFFFFFFFFFFFFFFFFFFFFFFFFFFFFFFF54
:20D1A000FFFFFFFFFFFFFFFFFFFFFFFFFFFFFFFFFFFFFFFFFFFFFFFFFFFFFFFFFFFFFFFF8F
:20D1C000FFFFFFFFFFFFFFFFFFFFFFFFFFFFFFFFFFFFFFFFFFFFFFFFFFFFFFFFFFFFFFFF6F
:20D1E000FFFFFFFFFFFFFFFFFFFFFFFFFFFFFFFFFFFFFFFFFFFFFFFFFFFFFFFFFFFFFFFF4F
:20D20000FFFFFFFFFFFFFFFFFFFFFFFFFFFFFFFFFFFFFFFFFFFFFFFFFFFFFFFFFFFFFFFF2E
:20D22000FFFFFFFFFFFFFFFFFFFFFFFFFFFFFFFFFFFFE741FFFFFFFFFFFFFFFFFFFFFFFFE4
:20D24000FFFFFFFFFFFFFFFFFFFFC220C220C220C220C220C220FFFFFFFFFFFFFFFFFFFF96
:20D26000FFFFFFFFFFFFFFFFFFFFFFFFFFFFC220C220C220C220C220C220FFFFFFFFFFFF76
:20D28000FFFFFFFFFFFFFFFFFFFFFFFFFFFFC220C220C220C220C220C220FFFFFFFFFFFF56
:20D2A000FFFFFFFFFFFFFFFFFFFFFFFFFFFFFFFFFFFFFFFFFFFFFFFFFFFFFFFFFFFFFFFF8E
:20D2C000FFFFFFFFFFFFFFFFFFFFFFFFFFFFFFFFFFFFFFFFFFFFFFFFDDFF20FB20FB20FB39
:20D2E00020FB20FB20FB20FB20FB20FBFFFFFFFFFFFFFFFFFFFFFFFFFFFFFFFFFFF7F502AF
:20D30000D502D502D502D502D502D502D502D502D502D502D502D502D502D502D502D5029D
:20D32000D502D502BFDFFFFFFFFFFFFFFFFFFFFFFFFFFFFFFFFFFFFFFFFFFFFFFFFFFFFFBB
:20D34000FFFFFFFFFFFFFFFFFFFFFFFFFFFFFFFFFFFFFFFFFFFFFFFFFFFFFFFFFFFFC22009
:20D36000C320C320C320C220A639FFFFFFFFC320C320C320C320C320C320C320C320C3204C
:20D38000C320C320C320C320C320C320C320C320C320C320C320C320C320C320FFFFFFFF27
:20D3A000FFFFFFFFFFFFFFFFFFFFFFFFFFFFFFFFFFFFFFFFFFFFFFFFFFFFFFFFFFFFFFFF8D
:20D3C000FFFFFFFFFFFFFFFFFFFFFFFFFFFFFFFFFFFFFFFFFFFFFFFFFFFFFFFFFFFFFFFF6D
:20D3E000FFFFFFFFFFFFFFFFFFFFFFFFFFFFFFFFFFFFFFFFFFFFFFFFF3A4C220C220C22008
:20D40000C220C220C220C220C220C220C220C220C220C220FFFFFFFFFFFFFFFFFFFFFFFF44
:20D42000FFFFFFFFFFFFFFFFFFFFC220C220C220C220C220C220FFFFFFFFFFFFFFFFFFFFB4
:20D44000FFFFFFFFFFFFFFFFFFFFFFFFFFFFC220C220C220C220C220C220FFFFFFFFFFFF94
:20D46000FFFFFFFFFFFFFFFFFFFFFFFFFFFFC220C220C220C220C220C220FFFFFFFFFFFF74
:20D48000FFFFFFFFFFFFFFFFFFFFFFFFFFFFFFFFFFFFFFFFFFFFFFFFFFFFFFFFFFFFFFFFAC
:20D4A000FFFFFFFFFFFFFFFFFFFFFFFFFFFFFFFFFFFFFFFFFFFFDDFF20FB20FB20FB20FB3A
:20D4C00020FB20FB20FB20FB20FB20FB27ECFFFFFFFFFFFFFFFFFFFFFFFFFFFFFFFFFFF7B1
:20D4E000D502D502D502D502D502D502D502D502D502D502D502D502D502D502D502D502BC
:20D50000D502D502D5029FE7FFFFFFFFFFFFFFFFFFFFFFFFFFFFFFFFFFFFFFFFFFFFFFFF18
:20D52000FFFFFFFFFFFFFFFFFFFFFFFFFFFFFFFFFFFFFFFFFFFFFFFFFFFFFFFFFFFF4D6B51
:20D54000C220C220C220C220C220FFFFFFFFC320C220C220C220C220C220C220C220C22072
:20D56000C220C220C220C220C220C220C220C220C220C220C220C220C220C220FFFFFFFF53
:20D58000FFFFFFFFFFFFFFFFC320C220C220C220C220C220C220C220C220C220C220C220FA
:20D5A000C220C220C220C220C220C220C220C220C220FFFFFFFFFFFFFFFFFFFFFFFFFFFF87
:20D5C000FFFFFFFFFFFFFFFFFFFFFFFFFFFFFFFFFFFFFFFFFFFFFFFFF3A4C220C220C22026
:20D5E000C220C220C220C220C220C220C220C220C220C220FFFFFFFF2C6B38CEFFFFFFFFC2
:20D60000FFFFFFFFFFFFFFFFFFFFC220C220C220C220C220C220FFFFFFFFFFFFFFFFFFFFD2
:20D62000FFFFFFFFFFFFFFFFFFFFFFFFFFFFC220C220C220C220C220C220FFFFFFFFFFFFB2
:20D64000FFFFFFFFFFFFFFFFFFFFFFFFFFFFC220C220C220C220C220C220FFFFFFFFFFFF92
:20D66000FFFFFFFFFFFFFFFFFFFFFFFFFFFFFFFFFFFFFFFFFFFFFFFFFFFFFFFFFFFFFFFFCA
:20D68000FFFFFFFFFFFFFFFFFFFFFFFFFFFFFFFFFFFFFFFFDDFF20FB20FB20FB20FB20FB3B
:20D6A00020FB20FB20FB20FB20FB20FB20FBFFFFFFFFFFFFFFFFFFFFFFFFFFFFFFFFFFFFBF
:20D6C000FFEFD602D502D502D502D502D502D502D502D502D502D502D502D502D502D502C2
:20D6E000D502D502D502D5029FE7FFFFFFFFFFFFFFFFFFFFFFFFFFFFFFFFFFFFFFFFFFFF5E
:20D70000FFFFFFFFFFFFFFFFFFFFFFFFFFFFFFFFFFFFFFFFFFFFFFFFFFFFFFFFFFFFFFFF29
:20D72000C220C220C220C220C220DFFFFFFFC320C220C220C220C220C220C220C220C220B0
:20D74000C220C220C220C220C220C220C220C220C220C220C220C220C220C220FFFFFFFF71
:20D76000FFFFFFFFFFFFFFFFC320C220C220C220C220C220C220C220C220C220C220C22018
:20D78000C220C220C220C220C220C220C220C220C220FFFFFFFFFFFFFFFFFFFFFFFFFFFFA5
:20D7A000FFFFFFFFFFFFFFFFFFFFD39CFFFFFFFFFFFFFFFFFFFFFFFFF3A4C220C220C220D3
:20D7C000C220C220C220C220C220C220C220C220C220C220FFFFFFFFC220C220C220C220F1
:20D7E000C220C220FFFFFFFFFFFFC220C220C220C220C220C220FFFFFFFFFFFFFFFFFFFF29
:20D80000FFFFFFFFFFFFFFFFFFFFFFFFFFFFC220C220C220C220C220C220FFFFFFFFFFFFD0
:20D820006531653165316531653165316531C220C220C220C220C220C220653165316531C0
:20D8400065316531653165316531FFFFFFFFFFFFFFFFFFFFFFFFFFFFFFFFFFFFFFFFFFFFF0
:20D86000FFFFFFFFFFFFFFFFFFFFFFFFFFFFFFFFFFFF9BFF40FB20FB20FB20FB20FB20FB5E
:20D8800020FB20FB20FB20FB20FB20FB20FB84E3FFFFFFFFFFFFFFFFFFFFFFFFFFFFFFFF74
:20D8A000FFFFDFE7D502D502D502D502D502D502D502D502D502D502D502D502D502D502E2
:20D8C000D502D502D502D502D5029FD7FFFFFFFFFFFFFFFFFFFFFFFFFFFFFFFFFFFFFFFFB3
:20D8E000FFFFFFFFFFFFFFFFFFFFFFFFFFFFFFFFFFFFFFFFFFFFFFFFFFFFFFFFFFFFFFFF48
:20D90000C220C220C220C220C220C220FFFFC320C220C220C220C220C220C220C220C220CA
:20D92000C220C220C220C220C220C220C220C220C220C220C220C220C220C220FFFFFFFF8F
:20D94000FFFFFFFFFFFFFFFFC320C220C220C220C220C220C220C220C220C220C220C22036
:20D96000C220C220C220C220C220C220C220C220C220FFFFFFFFFFFFFFFFFFFFFFFFFFFFC3
:20D98000FFFFFFFFFFFF108CC220C220FFFFFFFFFFFFFFFFFFFFFFFFF3A4C220C220C220FC
:20D9A000C220C220C220C220C220C220C220C220C220C220FFFFFFFFC220C220C220C2200F
:20D9C000C220C220C220C220FFFFC220C220C220C220C220C220FFFFFFFFFFFFFFFFFFFF7F
:20D9E000FFFFFFFFFFFFFFFFC220C220C220C220C220C220C220C220C220C220C220FFFF7B
:20DA0000C220C220C220C220C220C220C220C220C220C220C220C220C220C220C220C220E6
:20DA2000C220C220C220C220C220FFFFFFFFFFFFFFFFFFFFFFFFFFFFFFFFFFFFFFFFFFFF92
:20DA4000FFFFFFFFFFFFFFFFFFFFFFFFFFFFFFFFDCFF20FB20FB20FB20FB20FB20FB20FB3E
:20DA600020FB20FB20FB20FB20FB20FB20FB20FBFFFFFFFFFFFFFFFFFFFFFFFFFFFFFFFFDE
:20DA8000FFFFFFFFDEB6F502D502D502D502D502D502D502D502D502D502D502D502D502EB
:20DAA000D502D502D502D502D502D5027FD7FFFFFFFFFFFFFFFFFFFFFFFFFFFFFFFFFFFF18
:20DAC000FFFFFFFFFFFFFFFFFFFFFFFFFFFFFFFFFFFFFFFFFFFFFFFFFFFFFFFFFFFFFFFF66
:20DAE000C220C220C220C220C220C220FFFF75B575B575B575B575B575B5C220C220C2203A
:20DB0000C220C220C220C32075B575B575B575B575B575B575B575B575B575B5FFFFFFFFDC
:20DB2000FFFFFFFFFFFFFFFFC320C220C220C220C220C220C220C220C220C220C220C22054
:20DB4000C220C220C220C220C220C220C220C220C220FFFFFFFFFFFFFFFFFFFFFFFFFFFFE1
:20DB6000FFFFC320C220C220C220C220FFFFFFFFFFFFFFFFFFFFFFFFFFFFFFFFFFFFFFFF50
:20DB80008952C220C220C220C220C220FFFFFFFFFFFFFFFFFFFFFFFFC220C220C220C220C4
:20DBA000C220C220C220C220FFFFC220C220C220C220C220C220FFFFFFFFFFFFFFFFFFFF9D
:20DBC000FFFFFFFFFFFFFFFFC220C220C220C220C220C220C220C220C220C220C220FFFF99
:20DBE000C220C220C220C220C220C220C220C220C220C220C220C220C220C220C220C22005
:20DC0000C220C220C220C220C220FFFFFFFFFFFFFFFFFFFFFFFFFFFFFFFFFFFFFFFFFFFFB0
:20DC2000FFFFFFFFFFFFFFFFFFFFFFFFFFFFBBFF20FB20FB20FB20FB20FB20FB20FB20FB60
:20DC400020FB20FB20FB20FB20FB20FB20FB20FBFFFFFFFFFFFFFFFFFFFFFFFFFFFFFFFFFC
:20DC6000FFFFFFFFFFFFBA8DD502D502D502D502D502D502D502D502D502D502D502D5024F
:20DC8000D502D502D502D502D502D502D4027FCFFFFFFFFFFFFFFFFFFFFFFFFFFFFFFFFF66
:20DCA000FFFFFFFFFFFFFFFFFFFFFFFFFFFFFFFFFFFFFFFFFFFFFFFFFFFFFFFFFFFFFFFF84
:20DCC00059CEC220C220C220C220C220FFFFFFFFFFFFFFFFFFFFDEFFC220C220C220C22058
:20DCE000C220C220C220FFFFFFFFFFFFFFFFFFFFFFFFFFFFFFFFFFFFFFFFFFFFFFFFFFFF98
:20DD0000FFFFFFFFFFFFFFFFFFFFFFFFFFFFFFFFFFFFFFFFFFFFFFFFFFFFFFFFFFFFFFFF23
:20DD2000FFFFFFFFC220C220C220C220C220C220C220FFFFFFFFDFFFFFFFBEFFC220C22060
:20DD4000C220C220C220C220C220C220FFFFFFFFFFFFFFFFFFFFFFFFFFFFFFFFFFFFFFFF8B
:20DD60008952C220C220C220C220C220FFFFFFFFFFFFFFFFFFFFFFFFC220C220C220C220E2
:20DD8000C220C220C220C220FFFFC220C220C220C220C220C220FFFFFFFFFFFFFFFFFFFFBB
:20DDA000FFFFFFFFFFFFFFFFC220C220C220C220C220C220C220C220C220C220C220FFFFB7
:20DDC000C220C220C220C220C220C220C220C320C220C220C220C220C220C220C220C22022
:20DDE000C220C220C220C220C220FFFFFFFFFFFFFFFFFFFFFFFFFFFFFFFFFFFFFFFFFFFFCF
:20DE0000FFFFFFFFFFFFFFFFFFFFFFFF79FF20FB20FB20FB20FB20FB20FB20FB20FB20FBA3
:20DE200020FB20FB20FB20FB20FB20FB20FB20FBDEFFFFFFFFFFFFFFFFFFFFFFFFFFFFFF3B
:20DE4000FFFFFFFFFFF7D602D502D502D502D502D502D502D502D502D502D502D502D502E4
:20DE6000D502D502D502D502D502F502D402FFFFFFFFFFFFFFFFFFFFFFFFFFFFFFFFFFFFB4
:20DE8000FFFFFFFFFFFFFFFFFFFFFFFFFFFFFFFFFFFFFFFFFFFFFFFFFFFFFFFFFFFFFFFFA2
:20DEA000FFFFC220C320C320C320C3206952FFFFFFFFFFFFA218C220C220C220C220C2201D
:20DEC000C220C220C220FFFFFFFFFFFFFFFFFFFFFFFFFFFFFFFFFFFFFFFFFFFFFFFFFFFFB6
:20DEE000FFFFFFFFFFFFFFFFFFFFFFFFFFFFFFFFFFFFFFFFFFFFFFFFFFFFFFFFFFFFFFFF42
:20DF0000FFFFFFFFC220C220C220C220C220C220C220FFFFFFFFFFFFC220C220C220C22055
:20DF2000C220C220C220C220C220C220FFFFFFFFFFFFFFFFFFFFFFFFFFFFFFFFFFFFFFFFA9
:20DF40008952C220C220C220C220C220FFFFFFFFFFFFFFFFFFFFFFFFFFFFFFFFFFFFC220AC
:20DF6000C220C220C220C220FFFFC220C220C220C220C220C220FFFFFFFFFFFFFFFFFFFFD9
:20DF8000FFFFFFFFFFFFFFFFC220C220C220C220C220C220C220C220C220C220C220FFFFD5
:20DFA000AA5AAA5AAA5AAA5AAA5AAA5AAA5AC220C220C220C220C220C220AA5AAA5AAA5AED
:20DFC000AA5AAA5AAA5AAA5ACA5AFFFFFFFFFFFFFFFFFFFFFFFFFFFFFFFFFFFFFFFFFFFF23
:20DFE000FFFFFFFFFFFFFFFFFFFF59FF20FB20FB20FB20FB20FB20FB20FB20FB20FB20FBC5
:20E0000020FB20FB20FB20FB20FB20FB20FB20FBFFFFFFFFFFFFFFFFFFFFFFFFFFFFFFFF38
:20E02000FFFFFFFFF502D502D502D502D502D502D502D502D502D502D502D502D502D50202
:20E04000D502D502D502D502D502B402FFFFFFFFFFFFFFFFFFFFFFFFFFFFFFFFFFFFFFFFEB
:20E06000FFFFFFFFFFFFFFFFFFFFFFFFFFFFFFFFFFFFFFFFFFFFFFFFFFFFFFFFFFFFFFFFC0
:20E08000FFFFFFFFFFFFFFFFFFFFFFFFFFFFFFFFC320C220C220C220C220C220C220C2207F
:20E0A000C220C220C220C220FFFFFFFFFFFFFFFFFFFFFFFFFFFFFFFFFFFFC220FFFFFFFF0C
:20E0C000FFFFFFFFFFFFFFFFFFFFFFFFFFFFFFFFFFFFFFFFFFFFFFFFFFFFFFFFFFFFFFFF60
:20E0E000FFFFFFFFC220C220C220C220C220C220C220FFFFFFFFFFFFC220C220C220C22074
:20E10000C220C220C220C220C220C220FFFFFFFFFFFFFFFFFFFFFFFFFFFFFFFFFFFFFFFFC7
:20E120008952C220C220C220C220C220FFFFFFFFFFFFFFFFFFFFFFFFFFFFFFFFFFFFFFFFAE
:20E14000FFFFBEF7C220C220FFFFC220C220C220C220C220C220FFFFFFFFFFFFFFFFFFFF08
:20E16000FFFFFFFFFFFFFFFFFFFFFFFFFFFFC220C220C220C220C220C320FFFFFFFFFFFF66
:20E18000FFFFFFFFFFFFFFFFFFFFFFFFFFFFC220C220C220C220C220C220FFFFFFFFFFFF47
:20E1A000FFFFFFFFFFFFFFFFFFFFFFFFFFFFFFFFFFFFFFFFFFFFFFFFFFFFFFFFFFFFFFFF7F
:20E1C000FFFFFFFFFFFFFFFF79FF20FB20FB20FB20FB20FB20FB20FB20FB20FB20FB20FBA6
:20E1E00020FB20FB20FB20FB20FB20FB20FB20FBFFFFFFFFFFFFFFFFFFFFFFFFFFFFFFFF57
:20E20000FFF7D502D502D502D502D502D502D502D502D502D502D502D502D502D502D5026F
:20E22000D502D502D502F502B402FFFFFFFFFFFFFFFFFFFFFFFFFFFFFFFFFFFFFFFFFFFFC2
:20E24000FFFFFFFFFFFFFFFFFFFFFFFFFFFFFFFFFFFFFFFFFFFFFFFFFFFFFFFFFFFFFFFFDE
:20E26000FFFFFFFFFFFFFFFFFFFFFFFFFFFFC220C220C220C220C320C220C220C320C220B8
:20E28000C220C220C220C220C320FFFFFFFFFFFFFFFFFFFFFFFFC220C220C220FFFFFFFF7D
:20E2A000FFFFFFFFFFFFFFFFFFFFFFFFFFFFFFFFFFFFFFFFFFFFFFFFFFFFFFFFFFFFFFFF7E
:20E2C000FFFFFFFFC220C220C220C220C220C220C220FFFFFFFFFFFFC220C220C220C22092
:20E2E000C220C220C220C220C220C320FFFFFFFFFFFFFFFFFFFFFFFFC220C220C220C22055
:20E30000C220C220C220C220C220C220C220C220C220C220FFFFFFFFFFFFFFFFFFFFFFFF35
:20E32000FFFFFFFFFFFFFFFFFFFFC220C220C220C220C220C220FFFFFFFFFFFFFFFFFFFFA5
:20E34000FFFFFFFFFFFFFFFFFFFFFFFFFFFFC220C220C220C220C220C220FFFFFFFFFFFF85
:20E36000FFFFFFFFFFFFFFFFFFFFFFFFFFFFC220C220C220C220C220C220FFFFFFFFFFFF65
:20E38000FFFFFFFFFFFFFFFFFFFFFFFFFFFFFFFFFFFFFFFFFFFFFFFFFFFFFFFFFFFFFFFF9D
:20E3A000FFFFFFFFFFFF38FF20FB20FB20FB20FB20FB20FB20FB20FB20FB20FB20FB20FBE8
:20E3C00020FB20FB20FB20FB20FB20FB20FB69ECFFFFFFFFFFFFFFFFFFFFFFFFFFFFFFF743
:20E3E000D502D502D502D502D502D502D502D502D502D502D502D502D502D502D502D502AD
:20E40000D502D502D402D40AFFFFFFFFFFFFFFFFFFFFFFFFFFFFFFFFFFFFFFFFFFFFFFFFB2
:20E42000FFFFFFFFFFFFFFFFFFFFFFFFFFFFFFFFFFFFFFFFFFFFFFFFFFFFE320C320C3202D
:20E44000C320C320C320C320C320FFFFFFFFC220C220C220C220C2200321FFFFFFFFC320E4
:20E46000C220C220C220C220C220AA5AFFFFFFFF0429C320C220C220C220C220FFFFFFFF9E
:20E48000FFFFFFFFFFFFFFFFFFFFFFFFFFFFFFFFFFFFFFFFFFFFFFFFFFFFFFFFFFFFFFFF9C
:20E4A000FFFFFFFFC220C220C220C220C220C220C220FFFFFFFFFFFFC220C220C220C220B0
:20E4C000C220C32075B5FFFFFFFFFFFFFFFFFFFFFFFFFFFFFFFFFFFFC220C220C220C220D7
:20E4E000C220C220C220C220C220C220C220C220C220C220FFFFFFFFFFFFFFFFFFFFFFFF54
:20E50000FFFFFFFFFFFFFFFFFFFFC220C220C220C220C220C220FFFFFFFFFFFFFFFFFFFFC3
:20E52000FFFFFFFFFFFFFFFFFFFFFFFFFFFFC220C220C220C220C220C220FFFFFFFFFFFFA3
:20E54000FFFFFFFFFFFFFFFFFFFFFFFFFFFFC220C220C220C220C220C220FFFFFFFFFFFF83
:20E56000FFFFFFFFFFFFFFFFFFFFFFFFFFFFFFFFFFFFFFFFFFFFFFFFFFFFFFFFFFFFFFFFBB
:20E58000FFFFFFFF95FE20FB20FB20FB20FB20FB20FB20FB20FB20FB20FB20FB20FB20FB8D
:20E5A00020FB20FB20FB20FB20FB20FBA4EBFFFFFFFFFFFFFFFFFFFFFFFFFFFFFFFFF60242
:20E5C000D502D502D502D502D502D502D502D502D502D502D502D502D502D502D502D502CB
:20E5E000D502D502D402FFFFFFFFFFFFFFFFFFFFFFFFFFFFFFFFDFFFFFFFFFFFFFFFFFFFD1
:20E60000FFFFFFFFFFFFFFFFFFFFFFFFFFFFFFFFFFFFFFFFFFFFFFFFFFFFC220C220C2206E
:20E62000C220C220C220C220C220FFFFFFFFC220C2208A52FFFFFFFFFFFFB6BDC220C220A3
:20E64000C220C220C220C220C220C220C220C220C220C220C220C220C220C220FFFFFFFF62
:20E66000FFFFFFFFFFFFFFFFFFFFFFFFFFFFFFFFFFFFFFFFFFFFFFFFFFFFFFFFFFFFFFFFBA
:20E68000FFFFFFFFC320C220C220C220C220C220C220FFFFFFFFFFFFFFFFFFFFFFFFFFFF5D
:20E6A000FFFFFFFFFFFFFFFFFFFFFFFFFFFFFFFFFFFFFFFFFFFFFFFFC220C220C220C220EA
:20E6C000C220C220C220C220C220C220C220C220C220C220FFFFC220C220C320D6BDFFFF30
:20E6E000FFFFFFFFFFFFFFFFFFFFC220C220C220C220C220C220FFFFFFFFFFFFFFFFFFFFE2
:20E70000FFFFFFFFFFFFFFFFFFFFFFFFFFFFC220C220C220C220C220C220FFFFFFFFFFFFC1
:20E72000DEFFDEFFDEFFDEFFDEFFDEFFDFFFC220C220C220C220C220C220DFFFDEFFDEFFE9
:20E74000DEFFDEFFDEFFDEFFDFFFFFFFFFFFFFFFFFFFFFFFFFFFFFFFFFFFFFFFFFFFFFFF7D
:20E76000FFFF73FE20FB20FB20FB20FB20FB20FB20FB20FB20FB20FB20FB20FB20FB20FBB0
:20E7800020FB20FB20FB20FB20FBA5EBFFFFFFFFFFFFFFFFFFFFFFFFFFFFFFFFF502D502A4
:20E7A000D502D502D502D502D502D502D502D502D502D502D502D502D502D502D502D502E9
:20E7C000F502D50AFFFFFFFFFFFFFFFFFFFFFFFFFFFFFFFFFFFF20FB20FBCBECFFFFFFFF8C
:20E7E000FFFFFFFFFFFFFFFFFFFFFFFFFFFFFFFFFFFFFFFFFFFFFFFFFFFFC220C220C2208D
:20E80000C220C220C220C220C220FFFFFFFFFFFFFFFFFFFFFFFFFFFFC220C220C220C22014
:20E82000C220C220C220C220C220C220C220C220C220C220C220C220C220C220FFFFFFFF80
:20E84000FFFFFFFFFFFFFFFFFFFFFFFFFFFFFFFFFFFFFFFFFFFFFFFFFFFFFFFFFFFFFFFFD8
:20E86000FFFFFFFFC320C220C220C220C220C220C220FFFFFFFFFFFFFFFFFFFFFFFFFFFF7B
:20E88000FFFFFFFFFFFFFFFFFFFFFFFFFFFFFFFFFFFFFFFFFFFFFFFFC220C220C220C22008
:20E8A000C220C220C220C220C220C220C320C220C220C220FFFFC220C220C220C220C2201B
:20E8C000C2206952FFFFFFFFFFFFC220C220C220C220C220C220FFFFFFFFFFFFFFFFFFFF5F
:20E8E000FFFFFFFFFFFFFFFFFFFFFFFFFFFFC220C220C220C220C220C220FFFFFFFFFFFFE0
:20E90000C220C220C220C220C220C220C220C220C220C220C220C220C220C220C220C220D7
:20E92000C220C220C220C220DBDEFFFFFFFFFFFFFFFFFFFFFFFFFFFFFFFFFFFFFFFFFFFFAC
:20E9400093FE20FB20FB20FB20FB20FB20FB20FB20FB20FB20FB20FB20FB20FB20FB20FB91
:20E9600020FB20FB20FB20FB84E3FFFFFFFFFFFFFFFFFFFFFFFFFFFFFFFFFFFFF502D50208
:20E98000D502D502D502D502D502D502D502D502D502D502D502D502D502D502D502D50207
:20E9A000D40AFFFFFFFFFFFFFFFFFFFFFFFFFFFFFFFFFFFF20FB20FB20FB20FB61F3FFFFCD
:20E9C000FFFFFFFFFFFFFFFFFFFFFFFFFFFFFFFFFFFFFFFFFFFFFFFFFFFFC220C220C220AB
:20E9E000C220C220C220C220C220FFFFFFFFFFFFFFFFFFFFFFFFE328C220C220C220C22026
:20EA0000C220C220C220C220C220C220C220C220C220C220C220C320C320FFFFFFFFFFFF80
:20EA2000FFFFFFFFFFFFFFFFFFFFFFFFFFFFFFFFFFFFFFFFFFFFFFFFFFFFFFFFFFFFFFFFF6
:20EA4000FFFFFFFFC220C220C220C220C220C220C220FFFFFFFFB29CBEFFDFFFFFFFFFFFAB
:20EA6000FFFFFFFFFFFFFFFFFFFFFFFFFFFFFFFFFFFFFFFFFFFFFFFFFFFFFFFFFFFFFFFFB6
:20EA8000C220C220C220C220C220C220FBE6FFFFFFFFFFFFFFFFC220C220C220C220C220E7
:20EAA000C220C220C220FFFFFFFFC220C220C220C220C220C220FFFFFFFFFFFFFFFFFFFF72
:20EAC000FFFFFFFFFFFFFFFFFFFFFFFFFFFFC220C220C220C220C220C220FFFFFFFFFFFFFE
:20EAE000C220C220C220C220C220C220C220C220C220C220C220C220C220C220C220C220F6
:20EB0000C220C220C220C220DBDEFFFFFFFFFFFFFFFFFFFFFFFFFFFFFFFFFFFFFFFFF1F5E2
:20EB200020FB20FB20FB20FB20FB20FB20FB20FB20FB20FB20FB20FB20FB20FB20FB20FB25
:20EB400020FB20FB20FB06ECFFFFFFFFFFFFFFFFFFFFFFFFFFFFFFFFFFFFFFFFF502D502B8
:20EB6000D502D502D502D502D502D502D502D502D502D502D502D502D502D502D502D30A1F
:20EB8000FFFFFFFFFFFFFFFFFFFFFFFFFFFFFFFFFFFF20FB20FB20FB20FB20FB20FB21FBC9
:20EBA000FFFFFFFFFFFFFFFFFFFFFFFFFFFFFFFFFFFFFFFFFFFFFFFFFFFFFFFFFFFFC32090
:20EBC000C220C220C220C220C220FFFFFFFFFFFFFFFFC220C220C220C220C220C220C220A5
:20EBE000E320C220C220C220C220C220C220C320C2206531FFFFFFFFFFFFFFFFFFFFFFFF77
:20EC0000FFFFFFFFFFFFFFFFFFFFFFFFFFFFFFFFFFFFFFFFFFFFFFFFFFFFFFFFFFFFFFFF14
:20EC2000FFFFFFFFC320C220C220C220C220C220C220FFFFFFFFC220C220C220C220C22043
:20EC4000C220C220C320B29CFFFFFFFFFFFFFFFFFFFFFFFFFFFFFFFFFFFFFFFFFFFFFFFFD7
:20EC6000C220C220C220C220C220C220C220FFFFFFFFFFFFFFFFC220C220C220C220C22004
:20EC8000C220C220C220FFFFFFFFC220C220C220C220C220C220FFFFFFFFFFFFFFFFFFFF90
:20ECA000FFFFFFFFFFFFFFFFFFFFFFFFFFFFC220C220C220C220C220C220C320C220FFFF53
:20ECC000C220C220C220C220C220C220C220C220C220C220C220C220C220C220C220C22014
:20ECE000C220C220C220C220DBDEFFFFFFFFFFFFFFFFFFFFFFFFFFFFFFFFFFFFB0F520FB25
:20ED000020FB20FB20FB20FB20FB20FB20FB20FB20FB20FB20FB20FB20FB20FB20FB20FB43
:20ED200020FB20FB07ECFFFFFFFFFFFFFFFFFFFFFFFFFFFFFFFFFFFFFFFFFFFF3ECFD502DC
:20ED4000D502D502D502D502D502D502D502D502D502D502D502D502D502D502D402FFFF1D
:20ED6000FFFFFFFFFFFFFFFFFFFFFFFFFFFFFEFF20FB20FB20FB20FB20FB20FB20FB20FBCC
:20ED800028ECFFFFFFFFFFFFFFFFFFFFFFFFFFFFFFFFFFFFFFFFFFFFFFFFFFFFFFFFC32098
:20EDA000C220C220C220C220C220FFFFFFFFC220C220C220C320C220C220C220C2207DF768
:20EDC000FFFFC220C220C220C220C2209EF7FFFFFFFFFFFFFFFFFFFFFFFFFFFFFFFFFFFF48
:20EDE000FFFFFFFFFFFFFFFFFFFFFFFFFFFFFFFFFFFFFFFFFFFFFFFFFFFFFFFFFFFFFFFF33
:20EE0000FFFFFFFF0429C220C220C220C220C220C220FFFFFFFFC220C220C220C220C22017
:20EE2000C220C220C220C220C220C220FFFFFFFFFFFFFFFFFFFFFFFFFFFFFFFFFFFF4D6BE0
:20EE4000C220C220C220C220C220C220C220FFFFFFFFFFFFFFFFC741C220C220C220C220FC
:20EE6000C220C220C220FFFFFFFFC220C220C220C220C220C220FFFFFFFFFFFFFFFFFFFFAE
:20EE8000FFFFFFFFFFFFFFFFFFFFFFFF9EF7C220C220C220C220C220C220C220C220FFFFDB
:20EEA000C320C220C220C220C220C220C320C320C220C220C220C220C220C220C220C2202F
:20EEC000C220C220C220C220DBDEFFFFFFFFFFFFFFFFFFFFFFFFFFFFFFFF75FE20FB20FB58
:20EEE00020FB20FB20FB20FB20FB20FB20FB20FB20FB20FB20FB20FB20FB20FB20FB20FB62
:20EF000020FBE7E3FFFFFFFFFFFFFFFFFFFFFFFFFFFFFFFFFFFFFFFFFFFFFFFFFFFFD5024F
:20EF2000D502D502D502D502D502D502D502D502D502D502D502D502D502D402FFFFFFFF14
:20EF4000FFFFFFFFFFFFFFFFFFFFFFFFFEFF20FB20FB20FB20FB20FB20FB20FB20FB20FBCD
:20EF600020FBFEFFFFFFFFFFFFFFFFFFFFFFFFFFFFFFFFFFFFFFFFFFFFFFFFFFFFFFC318B8
:20EF8000C220C220C220C220C220FFFFA639C220C220C220C220C220C3206531FFFFFFFF4B
:20EFA000C320C220C220C220C220C220DBE6FFFFFFFFFFFFFFFFFFFFFFFFFFFFFFFFFFFF55
:20EFC000FFFFFFFFFFFFFFFFFFFFFFFFFFFFFFFFFFFFFFFFFFFFFFFFFFFFFFFFFFFFFFFF51
:20EFE000FFFFFFFF54ADC220C220C220C220C220C220DFFFFFFFC220C220C220C220C22082
:20F00000C220C220C220C220C220C220FFFFFFFFFFFFFFFFFFFFFFFFFFFFFFFFFFFFC220D4
:20F02000C220C220C220C220C220C220C220C220FFFFFFFFFFFFFFFFFFFFFFFF9194C220C5
:20F04000C220C220C220FFFFFFFFC220C220C220C220C220C220FFFFFFFFFFFFFFFFFFFFCC
:20F06000FFFFFFFFFFFF95B5C220C220C220C220C220C220C220C220C220C220C220FFFF98
:20F08000FFFFFFFFFFFFFFFFFFFFFFFFFFFFFFFFFFFFFFFFFFFFFFFFFFFFFFFFC220C220C8
:20F0A000C220C220C220C220FFFFFFFFFFFFFFFFFFFFFFFFFFFFFFFFFFFF20FB20FB20FB89
:20F0C00020FB20FB20FB20FB20FB20FB20FB20FB20FB20FB20FB20FB20FB20FB20FB20FB80
:20F0E00069ECFFFFFFFFFFFFFFFFFFFFFFFFFFFFFFFFFFFFFFFFFFFFFFFFFFFFFFFFF96C72
:20F10000D502D502D502D502D502D502D502D502D502D502D502D502D30AFFFFFFFFFFFF04
:20F12000FFFFFFFFFFFFFFFFFFFFFEFF20FB20FB20FB20FB20FB20FB20FB20FB20FB20FBCE
:20F1400020FB20FBFFFFFFFFFFFFFFFFFFFFFFFFFFFFFFFFFFFFFFFFFFFFFFFFFFFFC318B8
:20F16000C220C220C220C220C220FFFFA639C220C220C220C220DFFFFFFFFFFFFFFFC32005
:20F18000C220C220C220C220C220C220C220C220C220C220284AFFFFFFFFFFFFFFFFFFFF33
:20F1A000FFFFFFFFFFFFFFFFFFFFFFFFFFFFFFFFFFFFFFFFFFFFFFFFFFFFFFFFFFFFFFFF6F
:20F1C000FFFFFFFFFFFFC220C220C220C220C220C220C639FFFFC220C220C220C220C22082
:20F1E000C220C220C220C220C220C220FFFFFFFFFFFFFFFFFFFFFFFFFFFFFFFFFFFFC220F3
:20F20000C220C220C220C220C220C220C220C3206952FFFFFFFFFFFFFFFFFFFFFFFFFFFF30
:20F22000FFFFC320C220FFFFFFFFC220C220C220C220C220C220FFFFFFFFFFFFFFFFFFFFCD
:20F24000FFFFFFFFFFFF95B5C220C220C220C220C220C220C220C220C220C220C220FFFFB6
:20F26000EB62C220C220C220C220C220C220FFFFFFFFFFFFFFFFFFFFFFFFE320C220C2203A
:20F28000C220C220C220C220FFFFFFFFFFFFFFFFFFFFFFFFFFFFFFFFDFFF20FB20FB20FBC7
:20F2A00020FB20FB20FB20FB20FB20FB20FB20FB20FB20FB20FB20FB20FB20FB20FBCBF4FA
:20F2C000FFFFFFFFFFFFFFFFFFFFFFFFFFFFFFFFFFFF3323D502FFFFFFFFFFFFFFFFFFFF1D
:20F2E000D502D502D502D502D502D502D502D502D502D502D502D30AFFFFFFFFFFFFFFFFFC
:20F30000FFFFFFFFFFFFFFFFDDFF20FB20FB20FB20FB20FB20FB20FB20FB20FB20FB20FBF0
:20F3200020FB20FBDCFFFFFFFFFFFFFFFFFFFFFFFFFFFFFFFFFFFFFFFFFFFFFFFFFFC318F9
:20F34000C220C220C220C220C220FFFFA6397194FFFFFFFFFFFFFFFFFFFFC639C220C220A8
:20F36000C220C220C220C220C220C220C220C220C220C220C220C220C220FFFFFFFFFFFF19
:20F38000FFFFFFFFFFFFFFFFFFFFFFFFFFFFFFFFFFFFFFFFFFFFFFFFFFFFFFFFFFFFFFFF8D
:20F3A000FFFFFFFFFFFFC220C220C220C220C220C220C320FFFFFFFFFFFFFFFFC220C22068
:20F3C000C220C220C220C220C220C220FFFFFFFFFFFFFFFFFFFFFFFFFFFFFFFFC320C2202C
:20F3E000C220C220C220C220C220C220C220C220C320FFFFFFFFFFFFFFFFFFFFFFFFFFFF28
:20F40000FFFFFFFF919CFFFFFFFFC220C220C220C220C220C220FFFFFFFFFFFFFFFFFFFF85
:20F42000FFFFFFFFFFFF95B5C220C220C220C220C220C220C220C220C220C220FFFFFFFFB8
:20F44000FFFFC220C220C220C220C220C2203CEFFFFFFFFFFFFFFFFFFFFFC220C220C2209B
:20F46000C220C220C2204C6BFFFFFFFFFFFFFFFFFFFFFFFFFFFFFFFFDDFF20FB20FB20FB12
:20F4800020FB20FB20FB20FB20FB20FB20FB20FB20FB20FB20FB20FB20FB20FB0CEDFFFFFB
:20F4A000FFFFFFFFFFFFFFFFFFFFFFFFFFFFFFFF131BD502D502D502FFFFFFFFFFFFFFFFB1
:20F4C000DFFFD502F502D502D502D502D502D502D502D502D30AFFFFFFFFFFFFFFFFFFFFCC
:20F4E000FFFFFFFFFFFFDDFF20FB20FB20FB20FB20FB20FB20FB20FB20FB20FB20FB20FBF2
:20F5000020FB20FB00FBFFFFFFFFFFFFFFFFFFFFFFFFFFFFFFFFFFFFFFFFFFFFFFFFC318F7
:20F52000C220C220C220C220C220FFFFFFFFFFFFFFFFFFFFFFFFFFFFC220C220C220C220E7
:20F54000C220C220C220C220C220C220C220C220C220C220C220C220C220C220FFFFFFFF53
:20F56000FFFFFFFFFFFFFFFFFFFFFFFFFFFFFFFFFFFFFFFFFFFFFFFFFFFFFFFFFFFFFFFFAB
:20F58000FFFFFFFFFFFFC220C220C220C220C220C220C220FFFFFFFFFFFFFFFFFFFFFFFF4F
:20F5A000FFFFC220C320C220C220C220FFFFFFFFFFFFFFFFFFFFFFFFFFFFFFFFC220C2202E
:20F5C000C220C220C220C220C220C220C220C220C220C320FFFFFFFFFFFFFFFFFFFFFFFF62
:20F5E000FFFFFFFFFFFFFFFFFFFFC220C220C220C220C220C220FFFFFFFFFFFFFFFFFFFFD3
:20F60000FFFFFFFFFFFF95B5C220C220C220C220C220C220C220C220C320FFFFFFFFFFFFB9
:20F62000FFFFC320C220C220C220C220C220C220FFFFFFFFFFFFFFFFC320C220C220C2201C
:20F64000C220C220C220FFFFFFFFFFFFFFFFFFFFFFFFFFFFFFFFFFFFFFFF20FB20FB20FBC7
:20F6600020FB20FB20FB20FB20FB20FB20FB20FB20FB20FB20FB20FB20FB2DEDFFFFFFFF15
:20F68000FFFFFFFFFFFFFFFFFFFFFFFFFFFF3423D502D502D502D502F502FFFFFFFFFFFFD4
:20F6A000FFFFFFF7D502D502D502D502D502D502D402D30AFFFFFFFFFFFFFFFFFFFFFFFFA5
:20F6C000FFFFFFFFDDFF20FB20FB20FB20FB20FB20FB20FB20FB20FB20FB20FB20FB20FBF3
:20F6E00020FB20FB20FBFFFFFFFFFFFFFFFFFFFFFFFFFFFFFFFFFFFFFFFFFFFFFFFFC318F6
:20F70000C220C220C220C220C220FFFFFFFFFFFFFFFFFFFFC320C220C220C220C220C2203C
:20F72000C220C220C220C220C220C220C320C220C220C220C220C220C220C220FFFFFFFF70
:20F74000FFFFFFFFFFFFFFFFFFFFFFFFFFFFFFFFFFFFFFFFFFFFFFFFFFFFFFFFFFFFFFFFC9
:20F76000FFFFFFFFFFFFC220C220C220C220C220C220C220FFFFFFFFFFFFFFFFFFFFFFFF6D
:20F78000FFFFFFFFFFFFC320C320C220FFFFFFFFFFFFFFFFFFFFFFFFFFFFA220C220C2204F
:20F7A000C220C220C220C220C220C220C220C220C220C320FFFFFFFFFFFFFFFFFFFFFFFF80
:20F7C000FFFFFFFFFFFFFFFFFFFFC220C220C220C220C220C320FFFFFFFFFFFFFFFFFFFFF0
:20F7E000FFFFFFFFFFFF95B5E320E741DFFFC220C220C220C220C220C220FFFFFFFFFFFF76
:20F80000FFFFFFFFC220C220C220C220C220C220C220FFFFFFFFDFFFC220C220C220C2205C
:20F82000C220C220C320FFFFFFFFFFFFFFFFFFFFFFFFFFFFFFFFFFFFFFFF20FB20FB20FBE4
:20F8400020FB20FB20FB20FB20FB20FB20FB20FB20FB20FB20FB20FBAFF5FFFFFFFFFFFFC6
:20F86000FFFFFFFFFFFFFFFFFFFFFFFF341BD502D502D502D502D502F502F602FFFFFFFF27
:20F88000FFFFFFFF3ECFD402D502D502D502D502D312FFFFFFFFFFFFFFFFFFFFFFFFFFFF56
:20F8A000FFFFDCFF20FB20FB20FB20FB20FB20FB20FB20FB20FB20FB20FB20FB20FB20FBF5
:20F8C00020FB20FB20FBFFFFFFFFFFFFFFFFFFFFFFFFFFFFFFFFFFFFFFFFFFFFFFFFC31814
:20F8E000C220C220C220C220C220FFFFFFFFFFFFC320C220C220C220C220C220C220C22093
:20F90000C320C220C220C220C220C2209EF7FFFF6D73C220C220C220C220C220FFFFFFFFC1
:20F92000FFFFFFFFFFFFFFFFFFFFFFFFFFFFFFFFFFFFFFFFFFFFFFFFFFFFFFFFFFFFFFFFE7
:20F94000FFFFFFFFFFFF8D73C220C220C220C220C220C220FFFFFFFFFFFFFFFFFFFFFFFF6D
:20F96000FFFFFFFFFFFFFFFFFFFFC220FFFFFFFFFFFFFFFFFFFFFFFFFFFFC220C220C22017
:20F98000C220C220C220C220C220C220FFFFC220C220C320E320C220C220C220C220C22009
:20F9A000C220C220C220C220C220C220C220C220C220C220C220C220C220C220FFFFFFFFEF
:20F9C000FFFFFFFFFFFFFFFFFFFFFFFFFFFFC220C220C220C220C220C220FFFFFFFFFFFFEF
:20F9E000FFFFFFFFE741C220C220C220C220C220C2206D73FFFFC220C220C220C220C2204F
:20FA0000C220C220FFFFFFFFFFFFFFFFFFFFFFFFFFFFFFFFFFFFFFFFFFFF40FB20FB20FBC7
:20FA200020FB20FB20FB20FB20FB20FB20FB20FB20FB20FB20FB12FEFFFFFFFFFFFFFFFF95
:20FA4000FFFFFFFFFFFFFFFFFFFF1313D502D502D502D502D502D502D502D502D502FFFFFD
:20FA6000FFFFFFFFFFFFDFEFD502D502D502D312FFFFFFFFFFFFFFFFFFFFFFFFFFFFFFFF64
:20FA8000BCFF20FB20FB20FB20FB20FB20FB20FB20FB20FB20FB20FB20FB20FB20FB20FB16
:20FAA00020FB20FB20FBFFFFFFFFFFFFFFFFFFFFFFFFFFFFFFFFFFFFFFFFFFFFFFFFC31832
:20FAC000C220C220C220C220C220FFFFC320C220C220C220C220C220C220C220C220FFFFCD
:20FAE000FFFFC220C220C220C220C2209EF7FFFFFFFFFFFF5DEFC220C220C220FFFFFFFF21
:20FB0000FFFFFFFFFFFFFFFFFFFFFFFFFFFFFFFFFFFFFFFFFFFFFFFFFFFFFFFFFFFFFFFF05
:20FB2000FFFFFFFFFFFFFFFFC220C220C220C220C220C2207194FFFFFFFFFFFFFFFFFFFF86
:20FB4000FFFFFFFFFFFFFFFFFFFFFFFFFFFFFFFFFFFFFFFFFFFFFFFFC220C220C220C22035
:20FB6000E328C220C220C220C220C220FFFFFFFFC220C320C320C220C220C220C220C22002
:20FB8000C220C220C220C220C220C220C220C220C220C220C220C220C220C220FFFFFFFF0D
:20FBA000FFFFFFFFFFFFFFFFFFFFFFFFFFFFC220C220C220C220C220C220FFFFFFFFFFFF0D
:20FBC000FFFFFFFFFFFFC320C220C220C220C220C220C2200321C220C220C220C220C2206E
:20FBE000C2200742FFFFFFFFFFFFFFFFFFFFFFFFFFFFFFFFFFFFFFFFFFFFFFFF20FB20FBBC
:20FC000020FB20FB20FB20FB20FB20FB20FB20FB20FB20FB53F6FFFFFFFFFFFFFFFFFFFF97
:20FC2000FFFFFFFFFFFFFFFFF312D502D502D502D502D502D502D502D502D502D502F5026A
:20FC4000FFFFFFFFFFFFFFFFFFFFF602F31AFFFFFFFFFFFFFFFFFFFFFFFFFFFFFFFF7BFF3F
:20FC600020FB20FB20FB20FB20FB20FB20FB20FB20FB20FB20FB20FB20FB20FB20FB20FBD4
:20FC800020FB20FB20FBFFFFFFFFFFFFFFFFFFFFFFFFFFFFFFFFFFFFFFFFFFFFFFFFC31850
:20FCA000C220C220C220C220C220FFFFC220C220C220C320C220C220C220FFFFFFFFFFFFB3
:20FCC000FFFFC220C220C220C220C2209DF7FFFFFFFFFFFFFFFFFFFF9294C320FFFFFFFF2D
:20FCE000FFFFFFFFFFFFFFFFFFFFFFFFFFFFFFFFFFFFFFFFFFFFFFFFFFFFFFFFFFFFFFFF24
:20FD0000FFFFFFFFFFFFFFFFA220C220C220C220C220C220C320FFFFFFFFFFFFFFFFFFFFE6
:20FD2000FFFFFFFFFFFFFFFFFFFFFFFFFFFFFFFFFFFFFFFFFFFFFFFFC220C220C220C32052
:20FD40008A52C220C220C220C220C220FFFFFFFFD6BDC220C320C220C220C220C220C2209F
:20FD6000C220C220C220C220C220C220C220C220C220C220C220C220C220C220FFFFFFFF2B
:20FD8000FFFFFFFFFFFFFFFFFFFFFFFFFFFFC220C220C220C220C220C220FFFFFFFFFFFF2B
:20FDA000FFFFFFFFFFFFFFFFC220C220C220C220C220C220C220C220C220C220C220C220B3
:20FDC000C320FFFFFFFFFFFFFFFFFFFFFFFFFFFFFFFFFFFFFFFFFFFFFFFFFFFF41FB20FB03
:20FDE00020FB20FB20FB20FB20FB20FB20FB20FB20FB95FEFFFFFFFFFFFFFFFFFFFFFFFF89
:20FE0000FFFFFFFFFFFF1413D502D502D502D502D502D502D502D502D502D502D502D502AD
:20FE20003ECFFFFFFFFFFFFFFFFFFFFFFFFFFFFFFFFFFFFFFFFFFFFFFFFFFFFF59FF20FB5C
:20FE400020FB20FB20FB20FB20FB20FB20FB20FB20FB20FB20FB20FB20FB20FB20FB20FBF2
:20FE600020FB20FBCCECFFFFFFFFFFFFFFFFFFFFFFFFFFFFFFFFFFFFFFFFFFFFFFFFC318D1
:20FE8000C220C220C220C220C220FFFFC220C220C220C220AE7BFFFFFFFFC320C320C220A5
:20FEA000C220C220C220C220C220C220FFFFFFFFFFFFFFFFFFFFFFFFFFFFFFFFFFFFFFFF0A
:20FEC000FFFFFFFFFFFFFFFFFFFFFFFFFFFFFFFFFFFFFFFFFFFFFFFFFFFFFFFFFFFFFFFF42
:20FEE000FFFFFFFFFFFFFFFF484AC220C220C220C220C220C220FFFFFFFFFFFFFFFFFFFF36
:20FF0000FFFFFFFFFFFFFFFFFFFFFFFFFFFFFFFFFFFFFFFFFFFFFFFFC220C220C220FFFF55
:20FF20008952C220C220C220C220C220FFFFFFFFFFFF2429C320C220C220C220C220C220E8
:20FF4000C220C220C220C220C220C220C220C220C220C220C220C220C220C220FFFFFFFF49
:20FF6000FFFFFFFFFFFFFFFFFFFFFFFFFFFFC220C220C220C220C220C220FFFFFFFFFFFF49
:20FF8000FFFFFFFFFFFFFFFFFBE6C220C220C220C220C220C220C220C220C220C220C220D2
:20FFA000FFFFFFFFFFFFFFFFFFFFFFFFFFFFFFFFFFFFFFFFFFFFFFFFFFFFFFFFFFFF20FB44
:20FFC00020FB20FB20FB20FB20FB20FB20FB20FB18FFFFFFFFFFFFFFFFFFFFFFFFFFFFFF40
:20FFE000FFFFFFFFF412D502D502D502D502D502D502D502D502D502D502D502D502F502F4
:02000004800179
:20000000D402FFFFFFFFFFFFFFFFFFFFFFFFFFFFFFFFFFFFFFFFFFFFFFFF59FF20FB20FB94
:2000200020FB20FB20FB20FB20FB20FB20FB20FB20FB20FB20FB20FB20FB20FB20FB20FB10
:2000400020FB63EBFFFFFFFFFFFFFFFFFFFFFFFFFFFFFFFFFFFFFFFFFFFFFFFFFFFFC31876
:20006000C220C220C220C220C220FFFFD39CFFFFFFFFFFFFFFFFFFFFFFFFC220C220C2200F
:20008000C220C220C220C220C220C220FFFFFFFFFFFFFFFFFFFFFFFFFFFFFFFFFFFFFFFF28
:2000A000FFFFFFFFFFFFFFFFFFFFFFFFFFFFFFFFFFFFFFFFFFFFFFFFFFFFFFFFFFFFFFFF60
:2000C000FFFFFFFFFFFFFFFFFFFFC220C220C220C220C220C220E320FFFFFFFFFFFFFFFFE3
:2000E000FFFFFFFFFFFFFFFFFFFFFFFFFFFFFFFFFFFFFFFFFFFFFFFFC220C2203CEFFFFF2B
:200100008952C220C220C220C220C220FFFFFFFFFFFFFFFFFFFFFFFFFFFFFFFFFFFFFFFFAE
:20012000FFFFFFFFFFFFFFFFFFFFC220C220C220C220C220C220FFFFFFFFFFFFFFFFFFFF87
:20014000FFFFFFFFFFFFFFFFFFFFFFFFFFFFC220C220C220C220C220C220FFFFFFFFFFFF67
:20016000FFFFFFFFFFFFFFFFFFFF6D73C220C220C220C220C220C220C220C220C220DFFFD9
:20018000FFFFFFFFFFFFFFFFFFFFFFFFFFFFFFFFFFFFFFFFFFFFFFFFFFFFFFFFFFFFFEFF80
:2001A00020FB20FB20FB20FB20FB20FB20FB18FFFFFFFFFFFFFFFFFFFFFFFFFFFFFFFFFF7B
:2001C000FFFFD30AD502D502D502D502D502D502D502D502D502D502D502D502D502D50282
:2001E000D502FFF7FFFFFFFFFFFFFFFFFFFFFFFFFFFFFFFFFFFFFFFF39FF20FB20FB20FBBD
:2002000020FB20FB20FB20FB20FB20FB20FB20FB20FB20FB20FB20FB20FB20FB20FB20FB2E
:2002200063EBFFFFFFFFFFFFFFFFFFFFFFFFFFFFFFFFFFFFFFFFFFFFFFFFFFFFFFFFC218B2
:20024000C220C220C220C220C220484AFFFFFFFFFFFFFFFFFFFFFFFFFFFFC220C220C2200A
:20026000C220C220C220C220C220E320FFFFFFFFFFFFFFFFFFFFFFFFFFFFFFFFFFFFFFFF25
:20028000FFFFFFFFFFFFFFFFFFFFFFFFFFFFFFFFFFFFFFFFFFFFFFFFFFFFFFFFFFFFFFFF7E
:2002A000FFFFFFFFFFFFFFFFFFFFE320C220C220C220C220C220C220FFFFFFFFFFFFFFFF01
:2002C000FFFFFFFFC220C320C320C320C320FFFFFFFFFFFFFFFFFFFFC2206531FFFFFFFF4A
:2002E0008952C220C220C220C220C220FFFFFFFFFFFFFFFFFFFFFFFFFFFFFFFFFFFFFFFFCD
:20030000FFFFFFFFFFFFFFFFFFFFC220C220C220C220C220C220FFFFFFFFFFFFFFFFFFFFA5
:20032000FFFFFFFFFFFFFFFFFFFFFFFFFFFFC220C220C220C220C220C220FFFFFFFFFFFF85
:20034000FFFFFFFFFFFFFFFFFFFF18C6C220C220C220C220C220C220C220C220C220FFFFD9
:20036000FFFFFFFFFFFFFFFFFFFFFFFFFFFFFFFFFFFFFFFFFFFFFFFFFFFFFFFFFFFFFFFF9D
:20038000FEFF40FB20FB20FB20FB20FBF8FEFFFFFFFFFFFFFFFFFFFFFFFFFFFFFFFFFFFFD5
:2003A000D40AD502D502D502D502D502D502D502D502D502D502D502D502D502D502D502C6
:2003C000D502D502FFFFFFFFFFFFFFFFFFFFFFFFFFFFFFFFFFFFD7FE20FB20FB20FB20FB40
:2003E00020FB20FB20FB20FB20FB20FB20FB20FB20FB20FB20FB20FB20FB20FB20FB84EBF9
:20040000FFFFFFFFFFFFFFFFFFFFFFFFFFFFFFFFFFFFFFFFFFFFFFFFFFFFFFFFFFFFC32017
:20042000C220C220C220C220C220C220FFFFFFFFFFFFFFFFFFFFFFFFFFFFC220C220C220D8
:20044000C220C220C220C320308CFFFFFFFFFFFFFFFFFFFFFFFFFFFFFFFFFFFFFFFFFFFF6D
:20046000FFFFFFFFFFFFFFFFFFFFFFFFFFFFFFFFFFFFFFFFFFFFFFFFFFFFFFFFFFFFFFFF9C
:20048000FFFFFFFFFFFFFFFFFFFFFFFFC220C220C220C220C220C220C220FFFFFFFFFFFF40
:2004A000FFFFFFFFC220C220C220C2208539FFFFFFFFFFFFFFFFFFFFE320FFFFFFFFFFFF07
:2004C0008952C220C220C220C220C220FFFFFFFFFFFFFFFFFFFFFFFFFFFFFFFFFFFFFFFFEB
:2004E000FFFFFFFFFFFFFFFFFFFFC220C220C220C220C220C220FFFFFFFFFFFFFFFFFFFFC4
:20050000FFFFFFFFFFFFFFFFFFFFFFFFFFFFC220C220C220C220C220C220FFFFFFFFFFFFA3
:20052000FFFFFFFFFFFFFFFFC220C220C220C220C220C220C220C220C220C220C220C2202B
:20054000C320FFFFFFFFFFFFFFFFFFFFFFFFFFFFFFFFFFFFFFFFFFFFFFFFFFFFFFFFFFFFD6
:20056000FFFFFEFF40FB20FB20FB39FFFFFFFFFFFFFFFFFFFFFFFFFFFFFFFFFFFFFFF40AEB
:20058000D502D502D502D502D502D502D502D502D502D502D502D502D502D502D502D502EB
:2005A000D502F502FFFFFFFFFFFFFFFFFFFFFFFFFFFFFFFFB6FE20FB20FB20FB20FB20FB42
:2005C00020FB20FB20FB20FB20FB20FB20FB20FB20FB20FB20FB20FB20FB20FB83EBFFFF35
:2005E000FFFFFFFFFFFFFFFFFFFFFFFFFFFFFFFFFFFFFFFFFFFFFFFFFFFFFFFFFFFFC22037
:20060000C220C220C220C220C220C220C2200F84FFFFFFFFFFFFFFFFFFFFFFFFFFFFFFFF29
:20062000FFFFFFFFFFFFFFFFFFFFFFFFFFFFFFFFFFFFFFFFFFFFFFFFFFFFFFFFFFFFFFFFDA
:20064000FFFFFFFFFFFFFFFFFFFFFFFFFFFFFFFFFFFFFFFFFFFFFFFFFFFFFFFFFFFFFFFFBA
:20066000FFFFFFFFFFFFFFFFFFFFFFFFDFFFC220C220C220C220C220C220C320FBDEFFFFA2
:20068000FFFFE320C220C220C220C22079D6FFFFFFFFFFFFFFFFFFFFFFFFFFFFFFFFFFFF94
:2006A0008952C220C220C220C220C220FFFFFFFFFFFFFFFFFFFFFFFFFFFFFFFFFFFFFFFF09
:2006C000FFFFFFFFFFFFFFFFFFFFC220C220C220C220C220C220FFFFFFFFFFFFFFFFFFFFE2
:2006E000FFFFFFFFFFFFFFFFFFFFFFFFFFFFC220C220C220C220C220C320FFFFFFFFFFFFC1
:20070000FFFFFFFFC220C220C220C220C220C220C220C220C220C220C220C220C220C22081
:20072000C220C220C220FFFFFFFFFFFFFFFFFFFFFFFFFFFFFFFFFFFFFFFFFFFFFFFFFFFF2D
:20074000FFFFFFFFFEFF21FB9BFFFFFFFFFFFFFFFFFFFFFFFFFFFFFFFFFFFFFFD30AD50248
:20076000D502D502D502D502D502D502D502D502D502D502D502D502D502D502D502D50209
:20078000D502D502FFFFFFFFFFFFFFFFFFFFFFFFFFFFF7FE20FB20FB20FB20FB20FB20FB22
:2007A00020FB20FB20FB20FB20FB20FB20FB20FB20FB20FB20FB20FB20FB63E3FFFFFFFF98
:2007C000FFFFFFFFFFFFFFFFFFFFFFFFFFFFFFFFFFFFFFFFFFFFFFFFFFFFC639C320C2206F
:2007E000C220C220C220C220C220C220C220C320C220C220C220C220C220C220C220C220D8
:20080000C220C220C220C220C220C220C220C220C220C220C220C220C220C220C320FFFF9B
:20082000FFFFFFFFFFFFFFFFFFFFFFFFFFFFFFFFFFFFFFFFFFFFFFFFFFFFFFFFFFFFFFFFD8
:20084000FFFFFFFFFFFFFFFFFFFFFFFFFFFF2C6BC220C220C220C220C220C220C320C220FE
:20086000C220C220C220C220C220C220FFFFFFFFFFFFFFFFFFFFFFFFFFFFFFFFFFFFFFFF40
:200880008952C220C220C220C220C220FFFFFFFFFFFFFFFFFFFFFFFFFFFFFFFFFFFFFFFF27
:2008A000FFFFFFFFFFFFFFFFFFFFC220C220C220C220C220C220FFFFFFFFFFFFFFFFFFFF00
:2008C000FFFFFFFFFFFFFFFFC320C320C220C220C220C220C220C220E320FFFFFFFFA63930
:2008E000C220C220C220C220C220C220C220C220C220C320B6BDC220C220C220C220C22046
:20090000C220C220C320C220C220FFFFFFFFFFFFFFFFFFFFFFFFFFFFFFFFFFFFFFFFFFFF82
:20092000FFFFFFFFFFFFFFFFFFFFFFFFFFFFFFFFFFFFFFFFFFFFFFFFFFFFD30AD502D50246
:20094000D502D502D502D502D502D502D502D502D502D502D502D502D502D502D502D50227
:20096000D502FFFFFFFFFFFFFFFFFFFFFFFFFFFF75FE20FB20FB20FB20FB20FB20FB20FB7E
:2009800020FB20FB20FB20FB20FB20FB20FB20FB20FB20FB20FB20FBC6EBFFFFFFFFFFFF68
:2009A000FFFFFFFFFFFFFFFFFFFFFFFFFFFFFFFFFFFFFFFFFFFFFFFFFFFFC220C220C220AB
:2009C000C220C220C320DEFFC220C220C220C220C220C220C220C220C220C220C220C220FB
:2009E000C220C220C220C220C220C220C220C220C220C220C220C220C220C220C220FFFFBB
:200A0000FFFFFFFFFFFFFFFFFFFFFFFFFFFFFFFFFFFFFFFFFFFFFFFFFFFFFFFFFFFFFFFFF6
:200A2000FFFFFFFFFFFFFFFFFFFFFFFFFFFFFFFFB29CC220C220C220C220C220C220C2204A
:200A4000C220C220C220C220C220C320FFFFFFFFFFFFFFFFFFFFFFFFFFFFFFFFFFFFFFFF5D
:200A60008952C220C220C220C220C220FFFFFFFFFFFFFFFFFFFFFFFFFFFFFFFFFFFFFFFF45
:200A8000FFFFFFFFFFFFFFFFFFFFC220C220C220C220C220C220FFFFFFFFFFFFFFFFFFFF1E
:200AA000FFFFFFFFFFFFFFFFC220C220C220C220C220C220C220C320FFFFFFFFFFFFC22051
:200AC000C220C220C220C220C220C220C220F3A4FFFFFFFFFFFFFFFFFFFFC320C220C220B4
:200AE000C220C220C220C220C220FFFFFFFFFFFFFFFFFFFFFFFFFFFFFFFFFFFFFFFFFFFFA2
:200B0000FFFFFFFFFFFFFFFFFFFFFFFFFFFFFFFFFFFFFFFFFFFFFFFFD40AD502D502D5028A
:200B2000D502D502D502D502D502D502D502D502D502D502D502D502D502D502D502F50225
:200B4000FFFFFFFFFFFFFFFFFFFFFFFFFFFFFFFF20FB20FB20FB20FB20FB20FB20FB20FBCD
:200B600020FB20FB20FB20FB20FB20FB20FB20FB20FB20FB20FBE6EBFFFFFFFFFFFFFFFF83
:200B8000FFFFFFFFFFFFFFFFFFFFFFFFFFFFFFFFFFFFFFFFFFFFFFFFFFFFC220C220C220C9
:200BA000C220C320FFFFFFFFFFFFC220C220C220C220C220C220C220C220C220C220C220C0
:200BC000C220C220C220C220C220C220C220C220C220C220C220C220C220C220C220FFFFD9
:200BE000FFFFFFFFFFFFFFFFFFFFFFFFFFFFFFFFFFFFFFFFFFFFFFFFFFFFFFFFFFFFFFFF15
:200C0000FFFFFFFFFFFFFFFFFFFFFFFFFFFFFFFFFFFFFFFFC320C220C220C220C220C2209B
:200C2000C220C220C220C220A218FFFFFFFFFFFFFFFFFFFFFFFFFFFFFFFFFFFFFFFFFFFF88
:200C40008952C220C220C220C220C220FFFFFFFFFFFFFFFFFFFFFFFFFFFFFFFFFFFFFFFF63
:200C6000FFFFFFFFFFFFFFFFFFFFC220C220C220C220C220C220FFFFFFFFFFFFFFFFFFFF3C
:200C8000FFFFFFFFFFFFFFFFC220C220C220C220C220C220C220C320FFFFFFFFFFFFC3206E
:200CA000C220C220C220C3202429FFFFFFFFFFFFFFFFFFFFFFFFFFFFFFFFFFFFFFFFB6BDFF
:200CC000C320C220C220C220C220FFFFFFFFFFFFFFFFFFFFFFFFFFFFFFFFFFFFFFFFFFFFBF
:200CE000FFFFFFFFFFFFFFFFFFFFFFFFFFFFFFFFFFFFFFFFFFFFD402D502D502D502D502D8
:200D0000D502D502D502D502D502D502D502D502D502D502D502D502D502D502D502FFF744
:200D2000FFFFFFFFFFFFFFFFFFFFFFFFFFFF39FF20FB20FB20FB20FB20FB20FB20FB20FBB1
:200D400020FB20FB20FB20FB20FB20FB20FB20FB20FB20FBA6DBFFFFFFFFFFFFFFFFFFFF0E
:200D6000FFFFFFFFFFFFFFFFFFFFFFFFFFFFFFFFFFFFFFFFFFFFFFFFFFFFC220C220A22007
:200D8000DFFFFFFFFFFFFFFFFFFFFFFFFFFF0742C220C220C220C220C220C220C220C22028
:200DA000C220C220C220C220C220C220C220C220C220C220C220C220C220C220C220FFFFF7
:200DC000FFFFFFFFFFFFFFFFFFFFFFFFFFFFFFFFFFFFFFFFFFFFFFFFFFFFFFFFFFFFFFFF33
:200DE000FFFFFFFFFFFFFFFFFFFFFFFFFFFFFFFFFFFFFFFFFFFFFFFFC220C220C220C22083
:200E0000C220C220C220BADEFFFFFFFFFFFFFFFFFFFFFFFFFFFFFFFFFFFFFFFFFFFFFFFFAC
:200E20008952C220C220C220C220C220FFFFFFFFFFFFFFFFFFFFFFFFFFFFFFFFFFFFFFFF81
:200E4000FFFFFFFFFFFFFFFFFFFFC220C220C220C220C220C220FFFFFFFFFFFFFFFFFFFF5A
:200E6000FFFFFFFFFFFFFFFFC220C220C220C220C220C2202429FFFFFFFFFFFFFFFFC32006
:200E8000C2200329DFFFFFFFFFFFFFFFFFFFFFFFFFFFFFFFFFFFFFFFFFFFFFFFFFFFFFFF80
:200EA000FFFFFFFFFFFFE320C220FFFFFFFFFFFFFFFFFFFFFFFFFFFFFFFFFFFFFFFFFFFF69
:200EC000FFFFFFFFFFFFFFFFFFFFFFFFFFFFFFFFFFFFFFFFD30AD502D502D502D502D50216
:200EE000D502D502D502D502D502D502D502D502D502D502D502D502D502D502FFFFFFFF34
:200F0000FFFFFFFFFFFFFFFFFFFFFFFFFFFF2DF520FB20FB20FB20FB20FB20FB20FB20FBE5
:200F200020FB20FB20FB20FB20FB20FB20FB20FB20FB48E4FFFFFFFFFFFFFFFFFFFFFFFF9E
:200F4000FFFFFFFFFFFFFFFFFFFFFFFFFFFFFFFFFFFFFFFFFFFFFFFFFFFFFFFFFFFFFFFFB1
:200F6000FFFFFFFFFFFFFFFFFFFFFFFFFFFFFFFFFFFFFFFFFFFFFFFFFFFFFFFFFFFFFFFF91
:200F8000FFFFFFFFFFFFFFFFFFFFFFFFFFFFFFFFFFFFFFFFFFFFFFFFFFFFFFFFFFFFFFFF71
:200FA000FFFFFFFFFFFFFFFFFFFFFFFFFFFFFFFFFFFFFFFFFFFFFFFFFFFFFFFFFFFFFFFF51
:200FC000FFFFFFFFFFFFFFFFFFFFFFFFFFFFFFFFFFFFFFFFFFFFFFFFFFFFFFFFFFFFFFFF31
:200FE000FFFFFFFFFFFFFFFFFFFFFFFFFFFFFFFFFFFFFFFFFFFFFFFFFFFFFFFFFFFFFFFF11
:20100000FFFFFFFFFFFFFFFFFFFFFFFFFFFFFFFFFFFFFFFFFFFFFFFFFFFFFFFFFFFFFFFFF0
:20102000FFFFFFFFFFFFFFFFFFFFFFFFFFFFFFFFFFFFFFFFFFFFFFFFFFFFFFFFFFFFFFFFD0
:20104000FFFFFFFFFFFFFFFFFFFFFFFFFFFFFFFFFFFFFFFFFFFFFFFFFFFFFFFFFFFFFFFFB0
:20106000FFFFFFFFFFFFFFFFFFFFFFFFFFFFFFFFFFFFFFFFFFFFFFFFFFFFFFFFFFFFFFFF90
:20108000FFFFFFFFFFFFFFFFFFFFFFFFFFFFFFFFFFFFFFFFFFFFFFFFFFFFFFFFFFFFFFFF70
:2010A000FFFFFFFFFFFFFFFFFFFFFFFFFFFFFFFFFFFFD40AD502D502D502D502D502D5025A
:2010C000D502D502D502D502D502D502D502D502D502D502D502D502F502FFFFFFFFFFFF0B
:2010E000FFFFFFFFFFFFFFFFFFFFFFFFFFFF95FE20FB20FB20FB20FB20FB20FB20FB20FB93
:2011000020FB20FB20FB20FB20FB20FB20FB20FBABECFFFFFFFFFFFFFFFFFFFFFFFFFFFF6E
:20112000FFFFFFFFFFFFFFFFFFFFFFFFFFFFFFFFFFFFFFFFFFFFFFFFFFFFFFFFFFFFFFFFCF
:20114000FFFFFFFFFFFFFFFFFFFFFFFFFFFFFFFFFFFFFFFFFFFFFFFFFFFFFFFFFFFFFFFFAF
:20116000FFFFFFFFFFFFFFFFFFFFFFFFFFFFFFFFFFFFFFFFFFFFFFFFFFFFFFFFFFFFFFFF8F
:20118000FFFFFFFFFFFFFFFFFFFFFFFFFFFFFFFFFFFFFFFFFFFFFFFFFFFFFFFFFFFFFFFF6F
:2011A000FFFFFFFFFFFFFFFFFFFFFFFFFFFFFFFFFFFFFFFFFFFFFFFFFFFFFFFFFFFFFFFF4F
:2011C000FFFFFFFFFFFFFFFFFFFFFFFFFFFFFFFFFFFFFFFFFFFFFFFFFFFFFFFFFFFFFFFF2F
:2011E000FFFFFFFFFFFFFFFFFFFFFFFFFFFFFFFFFFFFFFFFFFFFFFFFFFFFFFFFFFFFFFFF0F
:20120000FFFFFFFFFFFFFFFFFFFFFFFFFFFFFFFFFFFFFFFFFFFFFFFFFFFFFFFFFFFFFFFFEE
:20122000FFFFFFFFFFFFFFFFFFFFFFFFFFFFFFFFFFFFFFFFFFFFFFFFFFFFFFFFFFFFFFFFCE
:20124000FFFFFFFFFFFFFFFFFFFFFFFFFFFFFFFFFFFFFFFFFFFFFFFFFFFFFFFFFFFFFFFFAE
:20126000FFFFFFFFFFFFFFFFFFFFFFFFFFFFFFFFFFFFFFFFFFFFFFFFFFFFFFFFFFFFFFFF8E
:20128000FFFFFFFFFFFFFFFFFFFFFFFFFFFFFFFFD86CD502D502D502D502D502D502D50239
:2012A000D502D502D502D502D502D502D502D502D502D502D502D502BDB6FFFFFFFFFFFFAD
:2012C000FFFFFFFFFFFFFFFFFFFFFFFFFFFFFFFF20FB20FB20FB20FB20FB20FB20FB20FB46
:2012E00020FB20FB20FB20FB20FB20FB20FBCBECFFFFFFFFFFFFFFFFFFFFFFFFFFFFFFFF8A
:20130000FFFFFFFFFFFFFFFFFFFFFFFFFFFFFFFFFFFFFFFFFFFFFFFFFFFFFFFFFFFFFFFFED
:20132000FFFFFFFFFFFFFFFFFFFFFFFFFFFFFFFFFFFFFFFFFFFFFFFFFFFFFFFFFFFFFFFFCD
:20134000FFFFFFFFFFFFFFFFFFFFFFFFFFFFFFFFFFFFFFFFFFFFFFFFFFFFFFFFFFFFFFFFAD
:20136000FFFFFFFFFFFFFFFFFFFFFFFFFFFFFFFFFFFFFFFFFFFFFFFFFFFFFFFFFFFFFFFF8D
:20138000FFFFFFFFFFFFFFFFFFFFFFFFFFFFFFFFFFFFFFFFFFFFFFFFFFFFFFFFFFFFFFFF6D
:2013A000FFFFFFFFFFFFFFFFFFFFFFFFFFFFFFFFFFFFFFFFFFFFFFFFFFFFFFFFFFFFFFFF4D
:2013C000FFFFFFFFFFFFFFFFFFFFFFFFFFFFFFFFFFFFFFFFFFFFFFFFFFFFFFFFFFFFFFFF2D
:2013E000FFFFFFFFFFFFFFFFFFFFFFFFFFFFFFFFFFFFFFFFFFFFFFFFFFFFFFFFFFFFFFFF0D
:20140000FFFFFFFFFFFFFFFFFFFFFFFFFFFFFFFFFFFFFFFFFFFFFFFFFFFFFFFFFFFFFFFFEC
:20142000FFFFFFFFFFFFFFFFFFFFFFFFFFFFFFFFFFFFFFFFFFFFFFFFFFFFFFFFFFFFFFFFCC
:20144000FFFFFFFFFFFFFFFFFFFFFFFFFFFFFFFFFFFFFFFFFFFFFFFFFFFFFFFFFFFFFFFFAC
:20146000FFFFFFFFFFFFFFFFFFFFFFFFFFFFFFFFFFFF1975D502D502D502D502D502D502E6
:20148000D502D502D502D502D502D502D502D502D502D502D502D502D5027ED7FFFFFFFF10
:2014A000FFFFFFFFFFFFFFFFFFFFFFFFFFFFFFFF20FB20FB20FB20FB20FB20FB20FB20FB64
:2014C00020FB20FB20FB20FB20FB20FBEDECFFFFFFFFFFFFFFFFFFFFFFFFFFFFFFFFFFFFA3
:2014E000FFFFFFFFFFFFFFFFFFFFFFFFFFFFFFFFFFFFFFFFFFFFFFFFFFFFFFFFFFFFFFFF0C
:20150000FFFFFFFFFFFFFFFFFFFFFFFFFFFFFFFFFFFFFFFFFFFFFFFFFFFFFFFFFFFFFFFFEB
:20152000FFFFFFFFFFFFFFFFFFFFFFFFFFFFFFFFFFFFFFFFFFFFFFFFFFFFFFFFFFFFFFFFCB
:20154000FFFFFFFFFFFFFFFFFFFFFFFFFFFFFFFFFFFFFFFFFFFFFFFFFFFFFFFFFFFFFFFFAB
:20156000FFFFFFFFFFFFFFFFFFFFFFFFFFFFFFFFFFFFFFFFFFFFFFFFFFFFFFFFFFFFFFFF8B
:20158000FFFFFFFFFFFFFFFFFFFFFFFFFFFFFFFFFFFFFFFFFFFFFFFFFFFFFFFFFFFFFFFF6B
:2015A000FFFFFFFFFFFFFFFFFFFFFFFFFFFFFFFFFFFFFFFFFFFFFFFFFFFFFFFFFFFFFFFF4B
:2015C000FFFFFFFFFFFFFFFFFFFFFFFFFFFFFFFFFFFFFFFFFFFFFFFFFFFFFFFFFFFFFFFF2B
:2015E000FFFFFFFFFFFFFFFFFFFFFFFFFFFFFFFFFFFFFFFFFFFFFFFFFFFFFFFFFFFFFFFF0B
:20160000FFFFFFFFFFFFFFFFFFFFFFFFFFFFFFFFFFFFFFFFFFFFFFFFFFFFFFFFFFFFFFFFEA
:20162000FFFFFFFFFFFFFFFFFFFFFFFFFFFFFFFFFFFFFFFFFFFFFFFFFFFFFFFFFFFFFFFFCA
:20164000FFFFFFFFFFFFFFFFFFFFFFFFFFFFFFFFFFFFFFFF597DD502F502D502D502D50275
:20166000D502D502D502D502D502D502D502D502D502D502D502D502D502D502DFE7FFFFE4
:20168000FFFFFFFFFFFFFFFFFFFFFFFFFFFFFFFF0DF520FB20FB20FB20FB20FB20FB20FB9B
:2016A00020FB20FB20FB20FB20FB8FEDFFFFFFFFFFFFFFFFFFFFFFFFFFFFFFFFFFFFFFFF3B
:2016C000FFFFFFFFFFFFFFFFFFFFFFFFFFFFFFFFFFFFFFFFFFFFFFFFFFFFFFFFFFFFFFFF2A
:2016E000FFFFFFFF58CECF7B7194FFFFFFFFFFFFFFFFFFFFFFFFFFFFFFFFFFFFFFFFFFFF8F
:20170000FFFFFFFFFFFFFFFFFFFFFFFFFFFFFFFFFFFFFFFFFFFFFFFFFFFFFFFFFFFFFFFFE9
:20172000FFFFFFFFFFFFFFFFFFFFFFFFFFFFFFFFFFFFFFFFFFFFFFFFFFFFFFFFFFFFFFFFC9
:20174000FFFFFFFFFFFFFFFFFFFFFFFFFFFFFFFFFFFFFFFFFFFFFFFFFFFFFFFFFFFFFFFFA9
:20176000FFFFFFFFFFFFFFFFFFFFFFFFFFFFFFFFFFFFFFFFFFFFFFFFFFFFFFFFFFFFFFFF89
:20178000FFFFFFFFFFFFFFFFFFFFFFFFFFFFFFFFFFFFFFFFFFFFFFFFFFFFFFFFFFFFFFFF69
:2017A000FFFFFFFFFFFFFFFFFFFFFFFFFFFFFFFFFFFFFFFFFFFFFFFFFFFFFFFFFFFFFFFF49
:2017C000FFFFFFFFFFFFFFFFFFFFFFFFFFFFFFFFFFFFFFFFFFFFFFFFFFFFFFFFFFFFFFFF29
:2017E000FFFFFFFFFFFFFFFFFFFFFFFFFFFFFFFFFFFFFFFFFFFFFFFFFFFFFFFFFFFFFFFF09
:20180000FFFFFFFFFFFFFFFFFFFFFFFFFFFFFFFFFFFFFFFFFFFFFFFFFFFFFFFFFFFFFFFFE8
:20182000FFFFFFFFFFFFFFFFFFFFFFFFFFFFFFFFFFFFFFFFFFFF7A85D402D502D502D50264
:20184000D502D502D502D502D502D502D502D502D502D502D502D502D502D502D502FFEF01
:20186000FFFFFFFFFFFFFFFFFFFFFFFFFFFFFFFFFFFF20FB20FB20FB20FB20FB20FB20FBBD
:2018800020FB20FB20FB20FB12F6FFFFFFFFFFFFFFFFFFFFFFFFFFFFFFFFFFFFFFFFFFFFEA
:2018A000FFFFFFFFFFFFFFFFFFFFFFFFFFFFFFFFFFFFFFFFFFFFFFFFFFFFFFFFFFFFC22064
:2018C000C220C220C220C220C220C220C220A220FFFFFFFFFFFFFFFFFFFFFFFFFFFFFFFF28
:2018E000FFFFC220C220C220C220C220C220C220C220C220C220C220C220C220FFFFFFFF74
:20190000FFFFFFFFFFFFFFFFC220C220C220C220C220C220C220C220C220C220C220C22037
:20192000C2209EF7FFFFFFFFFFFFFFFFFFFFC220C220C220C220FFFFFFFFFFFFFFFFFFFFBC
:20194000FFFFC220C220C220C220A220FFFFFFFFFFFFFFFFFFFFFFFFFFFFFFFFFFFFC2206F
:20196000C220C220C220C220C220C220C220C220C220C220C220FFFFFFFFFFFFFFFFFFFFBB
:20198000FFFFC220C220C220C220C220C220C220C220C220C220C220E320FFFFFFFFFFFF96
:2019A000FFFFFFFFFFFFFFFFFFFFC220C220C220C220C220C220C220C220C220C220C2207B
:2019C000C220C220FFFFFFFFFFFFFFFFFFFFFFFFC220C220C220C220C220C220C220C2203F
:2019E000C220C220C220C220C220FFFFFFFFFFFFFFFFFFFFFFFFFFFFFFFFFFFFFFFFFFFF93
:201A0000FFFFFFFFFFFFFFFFFFFFFFFFFFFFFFFFFFFFFFFFFFFFFFFF998DD502D502D50233
:201A2000D502D502D502D502D502D502D502D502D502D502D502D502D502D502D502D50236
:201A4000DFF7FFFFFFFFFFFFFFFFFFFFFFFFFFFFFFFFDEFF20FB20FB20FB20FB20FB20FB41
:201A600020FB20FB20FB13F6FFFFFFFFFFFFFFFFFFFFFFFFFFFFFFFFFFFFFFFFFFFFFFFF24
:201A8000FFFFFFFFFFFFFFFFFFFFFFFFFFFFFFFFFFFFFFFFFFFFFFFFFFFFFFFFC220C2209E
:201AA000C220C220C220284A6531C220C220C220C220A639FFFFFFFFFFFFFFFFFFFFFFFF1D
:201AC000FFFFC220C220C220C220C320C320C320C320C320C320C320C320C320FFFFFFFF89
:201AE000FFFFFFFFFFFFFFFFC220C220C220C220C320C320C320C320C320C320C320C3204E
:201B0000C3209EF7FFFFFFFFFFFFFFFFFFFFC220C220C220C220FFFFFFFFFFFFFFFFFFFFD9
:201B2000C220C220C220C220C220FFFFFFFFFFFFFFFFFFFFFFFFFFFFFFFFFFFFFFFFC2206D
:201B4000C220C220C320C320C320C320C320C320C320C320C320FFFFFFFFFFFFFFFFFFFFD0
:201B6000FFFFC220C220C220C320C320C320C320C320C220C220C220C220C220FFFFFFFFEC
:201B8000FFFFFFFFFFFFFFFFFFFFC220C220C220C220C320C320C320C320C320C320C32092
:201BA000C320C320FFFFFFFFFFFFFFFFFFFFFFFFC220C220C220C220C320C320C320C32057
:201BC000C320C320C320C320C320FFFFFFFFFFFFFFFFFFFFFFFFFFFFFFFFFFFFFFFFFFFFAC
:201BE000FFFFFFFFFFFFFFFFFFFFFFFFFFFFFFFFFFFFFFFFFFFFFFFFFFFFDA95D502D502E2
:201C0000D502D502D502D502D502D502D502D502D502D502D502D502D502D502D502D50254
:201C2000D502FFFFFFFFFFFFFFFFFFFFFFFFFFFFFFFFFFFF48EC20FB20FB20FB20FB20FB24
:201C400020FB20FB54F6FFFFFFFFFFFFFFFFFFFFFFFFFFFFFFFFFFFFFFFFFFFFFFFFFFFF1E
:201C6000FFFFFFFFFFFFFFFFFFFFFFFFFFFFFFFFFFFFFFFFFFFFFFFFFFFF5CEFC220C2206F
:201C8000C220F7C5FFFFFFFFFFFFFFFFC320C320C220C220FFFFFFFFFFFFFFFFFFFFFFFF30
:201CA000FFFFC220C220C220C320FFFFFFFFFFFFFFFFFFFFFFFFFFFFFFFFFFFFFFFFFFFFB3
:201CC000FFFFFFFFFFFFFFFFC220C220C220C220FFFFFFFFFFFFFFFFFFFFFFFFFFFFFFFF94
:201CE000FFFFFFFFFFFFFFFFFFFFFFFFFFFFC220C220C220C220FFFFFFFFFFFFFFFFC22090
:201D0000C220C220C320C220FFFFFFFFFFFFFFFFFFFFFFFFFFFFFFFFFFFFFFFFFFFFC2206E
:201D2000C220C22095B5FFFFFFFFFFFFFFFFFFFFFFFFFFFFFFFFFFFFFFFFFFFFFFFFFFFFAF
:201D4000FFFFC220C220C220FFFFFFFFFFFFFFFFFFFFFFFF7DEFC220C220C220C220FFFFF9
:201D6000FFFFFFFFFFFFFFFFFFFFC220C220C220A639FFFFFFFFFFFFFFFFFFFFFFFFFFFFF6
:201D8000FFFFFFFFFFFFFFFFFFFFFFFFFFFFFFFFC220C220C220C320FFFFFFFFFFFFFFFFD2
:201DA000FFFFFFFFFFFFFFFFFFFFFFFFFFFFFFFFFFFFFFFFFFFFFFFFFFFFFFFFFFFFFFFF43
:201DC000FFFFFFFFFFFFFFFFFFFFFFFFFFFFFFFFFFFFFFFFFFFFFFFFFFFFFFFF1B96D50297
:201DE000D502D502D502D502D502D502D502D502D502D502D502D502D502D502D502D50273
:201E0000D502D502FFFFFFFFFFFFFFFFFFFFFFFFFFFFFFFFFFFF62EB20FB20FB20FB20FB6D
:201E200020FBD7FEFFFFFFFFFFFFFFFFFFFFFFFFFFFFFFFFFFFFFFFFFFFFFFFFFFFFFFFFCE
:201E4000FFFFFFFFFFFFFFFFFFFFFFFFFFFFFFFFFFFFFFFFFFFFFFFFFFFF4429C220C2206B
:201E6000C220FFFFFFFFFFFFFFFFFFFFFFFFC220C220C220E320FFFFFFFFFFFFFFFFFFFFED
:201E8000FFFFC220C220C220C320FFFFFFFFFFFFFFFFFFFFFFFFFFFFFFFFFFFFFFFFFFFFD1
:201EA000FFFFFFFFFFFFFFFFC220C220C220C220FFFFFFFFFFFFFFFFFFFFFFFFFFFFFFFFB2
:201EC000FFFFFFFFFFFFFFFFFFFFFFFFFFFFC220C220C220C220FFFFFFFFFFFFC220C220CA
:201EE000C220C220CA5AFFFFFFFFFFFFFFFFFFFFFFFFFFFFFFFFFFFFFFFFFFFFFFFFC22030
:201F0000C220C22095B5FFFFFFFFFFFFFFFFFFFFFFFFFFFFFFFFFFFFFFFFFFFFFFFFFFFFCD
:201F2000FFFFC220C220C220FFFFFFFFFFFFFFFFFFFFFFFFFFFFC220C220C220C220FFFF85
:201F4000FFFFFFFFFFFFFFFFFFFFC220C220C220A639FFFFFFFFFFFFFFFFFFFFFFFFFFFF14
:201F6000FFFFFFFFFFFFFFFFFFFFFFFFFFFFFFFFC220C220C220C320FFFFFFFFFFFFFFFFF0
:201F8000FFFFFFFFFFFFFFFFFFFFFFFFFFFFFFFFFFFFFFFFFFFFFFFFFFFFFFFFFFFFFFFF61
:201FA000FFFFFFFFFFFFFFFFFFFFFFFFFFFFFFFFFFFFFFFFFFFFFFFFFFFFFFFFFFFF3C9E65
:201FC000D602D502D502D502D502D502D502D502D502D502D502D502D502D502D502D50290
:201FE000D502D502D502FFFFFFFFFFFFFFFFFFFFFFFFFFFFFFFFFFFF28EC40FB20FB20FBE9
:20200000D6FEFFFFFFFFFFFFFFFFFFFFFFFFFFFFFFFFFFFFFFFFFFFFFFFFFFFFFFFFFFFF0A
:20202000FFFFFFFFFFFFFFFFFFFFFFFFFFFFFFFFFFFFFFFFFFFFFFFFFFFFAA5AC220C220F2
:20204000C220E320FFFFFFFFFFFFFFFFFFFFFFFFFFFFFFFFFFFFFFFFFFFFFFFFFFFFFFFFB7
:20206000FFFFC220C220C220C320FFFFFFFFFFFFFFFFFFFFFFFFFFFFFFFFFFFFFFFFFFFFEF
:20208000FFFFFFFFFFFFFFFFC220C220C220C220FFFFFFFFFFFFFFFFFFFFFFFFFFFFFFFFD0
:2020A000FFFFFFFFFFFFFFFFFFFFFFFFFFFFC220C220C220C220FFFFFFFFA220C220C22024
:2020C000C220DEFFFFFFFFFFFFFFFFFFFFFFFFFFFFFFFFFFFFFFFFFFFFFFFFFFFFFFC22079
:2020E000C220C22095B5FFFFFFFFFFFFFFFFFFFFFFFFFFFFFFFFFFFFFFFFFFFFFFFFFFFFEC
:20210000FFFFC220C220C220FFFFFFFFFFFFFFFFFFFFFFFFFFFFC220C220C220C220FFFFA3
:20212000FFFFFFFFFFFFFFFFFFFFC220C220C220A639FFFFFFFFFFFFFFFFFFFFFFFFFFFF32
:20214000FFFFFFFFFFFFFFFFFFFFFFFFFFFFFFFFC220C220C220C320FFFFFFFFFFFFFFFF0E
:20216000FFFFFFFFFFFFFFFFFFFFFFFFFFFFFFFFFFFFFFFFFFFFFFFFFFFFFFFFFFFFFFFF7F
:20218000FFFFFFFFFFFFFFFFFFFFFFFFFFFFFFFFFFFFFFFFFFFFFFFFFFFFFFFFFFFFFFFF5F
:2021A0003CA6D502D502D502D502D502D502D502D502D502D502D502D502D502D502D502A4
:2021C000D502D502D502D502FFFFFFFFFFFFFFFFFFFFFFFFFFFFFFFFFFFFDDFF20FBB6FE0A
:2021E000FFFFFFFFFFFFFFFFFFFFFFFFFFFFFFFFFFFFFFFFFFFFFFFFFFFFFFFFFFFFFFFFFF
:20220000FFFFFFFFFFFFFFFFFFFFFFFFFFFFFFFFFFFFFFFFFFFFFFFFFFFFFFFFC320C22015
:20222000C220C220C220C220A639FFFFFFFFFFFFFFFFFFFFFFFFFFFFFFFFFFFFFFFFFFFF4D
:20224000FFFFC220C220C220C320BEF7BEF7BEF7BEF7BEF79EF79EF79EF79EF7FFFFFFFF1E
:20226000FFFFFFFFFFFFFFFFC220C220C220C2209EF7BEF79EF79EF79EF79EF7BEF7BEF7D6
:20228000BEFFFFFFFFFFFFFFFFFFFFFFFFFFC220C220C220C220FFFFC220C320C220C2207E
:2022A000FFFFFFFFFFFFFFFFFFFFFFFFFFFFFFFFFFFFFFFFFFFFFFFFFFFFFFFFFFFFC2205A
:2022C000C220C22095B5FFFFFFFFFFFFFFFFFFFFFFFFFFFFFFFFFFFFFFFFFFFFFFFFFFFF0A
:2022E000FFFFC220C220C220FFFFFFFFFFFFFFFFFFFFFFFFFFFFC220C220C220C320FFFFC1
:20230000FFFFFFFFFFFFFFFFFFFFC220C220C2208639BEF7BEF7BEF7BEF79EF79EF79EF7CF
:202320009EF7DFFFFFFFFFFFFFFFFFFFFFFFFFFFC220C220C220C2209EF7BEF79EF79EF73A
:202340009EF79EF7BEF7BEF79EF7FFFFFFFFFFFFFFFFFFFFFFFFFFFFFFFFFFFFFFFFFFFF6A
:20236000FFFFFFFFFFFFFFFFFFFFFFFFFFFFFFFFFFFFFFFFFFFFFFFFFFFFFFFFFFFFFFFF7D
:20238000FFFF7CAED502D502D502D502D502D502D502D502D502D502D502D502D502D50253
:2023A000D502D502D502D502D502FFFFFFFFFFFFFFFFFFFFFFFFFFFFFFFFFFFFFFFFFFFF00
:2023C000FFFFFFFFFFFFFFFFFFFFFFFFFFFFFFFFFFFFFFFFFFFFFFFFFFFFFFFFFFFFFFFF1D
:2023E000FFFFFFFFFFFFFFFFFFFFFFFFFFFFFFFFFFFFFFFFFFFFFFFFFFFFFFFFDFFFC32038
:20240000C220C220C220C220C220C220C220C22038C6FFFFFFFFFFFFFFFFFFFFFFFFFFFFBC
:20242000FFFFC220C220C220C220C220C220C220C220C220C220C220C220C220FFFFFFFF28
:20244000FFFFFFFFFFFFFFFFC220C220C220C220C220C220C220C220C220C220C220C220EC
:20246000C220FFFFFFFFFFFFFFFFFFFFFFFFC220C220C220C220C220C220C220C220C22094
:20248000C220FFFFFFFFFFFFFFFFFFFFFFFFFFFFFFFFFFFFFFFFFFFFFFFFFFFFFFFFC22094
:2024A000C220C220C220C220C220C220C220C220C220C220084AFFFFFFFFFFFFFFFFFFFF00
:2024C000FFFFC220C220C220C220C220C220C220C320C220C220C220C220C320FFFFFFFF86
:2024E000FFFFFFFFFFFFFFFFFFFFC220C220C220C220C220C220C220C220C220C220C22030
:20250000C2205094FFFFFFFFFFFFFFFFFFFFFFFFC220C220C220C220C220C220C220C220F1
:20252000C220C220C220C220C320FFFFFFFFFFFFFFFFFFFFFFFFFFFFFFFFFFFFFFFFFFFF46
:20254000FFFFFFFFFFFFFFFFFFFFFFFFFFFFFFFFFFFFFFFFFFFFFFFFFFFFFFFFFFFFFFFF9B
:20256000FFFFFFFF9CB6D502D402D502D502D502D502D502D502D502D502D502D502D50223
:20258000D502D502D502D502D502F502FFFFFFFFFFFFFFFFFFFFFFFFFFFFFFFFFFFFFFFF25
:2025A000FFFFFFFFFFFFFFFFFFFFFFFFFFFFFFFFFFFFFFFFFFFFFFFFFFFFFFFFFFFFFFFF3B
:2025C000FFFFFFFFFFFFFFFFFFFFFFFFFFFFFFFFFFFFFFFFFFFFFFFFFFFFFFFFFFFFFFFF1B
:2025E000FFFFFFFFE320C320C220C220C220C220C220C220FFFFFFFFFFFFFFFFFFFFFFFFB9
:20260000FFFFC220C220C220A220C320C320C320C320C320C320C320C320C320FFFFFFFF5D
:20262000FFFFFFFFFFFFFFFFC220C220C220C220C320C320C320C320C320C320C320C32002
:20264000C218FFFFFFFFFFFFFFFFFFFFFFFFC220C220C220C220C220C220C220C220C220BA
:20266000C220C220FFFFFFFFFFFFFFFFFFFFFFFFFFFFFFFFFFFFFFFFFFFFFFFFFFFFC220CE
:20268000C220C220C220C220C220C220C220C220C220C220084AFFFFFFFFFFFFFFFFFFFF1E
:2026A000FFFFC220C220C220C220C220C220C220C220C220C220C220C320FFFFFFFFFFFF89
:2026C000FFFFFFFFFFFFFFFFFFFFC220C220C220C220C320C320C320C320C320C320C32047
:2026E000C3205194FFFFFFFFFFFFFFFFFFFFFFFFC220C220C220C320C320C320C320C32009
:20270000C320C320C320C320C320FFFFFFFFFFFFFFFFFFFFFFFFFFFFFFFFFFFFFFFFFFFF60
:20272000FFFFFFFFFFFFFFFFFFFFFFFFFFFFFFFFFFFFFFFFFFFFFFFFFFFFFFFFFFFFFFFFB9
:20274000FFFFFFFFFFFF397DD502D502D502D502D502D502D502D502D502D502D502D502B5
:20276000D502D502D502D502D502D502D502FFFFFFFFFFFFFFFFFFFFFFFFFFFFFFFFFFFF8A
:20278000FFFFFFFFFFFFFFFFFFFFFFFFFFFFFFFFFFFFFFFFFFFFFFFFFFFFFFFFFFFFFFFF59
:2027A000FFFFFFFFFFFFFFFFFFFFFFFFFFFFFFFFFFFFFFFFFFFFFFFFFFFFFFFFFFFFFFFF39
:2027C000FFFFFFFFFFFFFFFFFFFFFFFFE320C220C220C320C220FFFFFFFFFFFFFFFFFFFF83
:2027E000FFFFC220C220C220C320FFFFFFFFFFFFFFFFFFFFFFFFFFFFFFFFFFFFFFFFFFFF68
:20280000FFFFFFFFFFFFFFFFC220C220C220C320FFFFFFFFFFFFFFFFFFFFFFFFFFFFFFFF47
:20282000FFFFFFFFFFFFFFFFFFFFFFFFFFFFC220C220C220C220C220C320FFFFC220C22097
:20284000C220C2202429FFFFFFFFFFFFFFFFFFFFFFFFFFFFFFFFFFFFFFFFFFFFFFFFC2209D
:20286000C220C22095B5FFFFFFFFFFFFFFFFFFFFFFFFFFFFFFFFFFFFFFFFFFFFFFFFFFFF64
:20288000FFFFC220C220C220FFFFFFFFFFFFC220C220C220C320FFFFFFFFFFFFFFFFFFFF1B
:2028A000FFFFFFFFFFFFFFFFFFFFC220C220C220A639FFFFFFFFFFFFFFFFFFFFFFFFFFFFAB
:2028C000FFFFFFFFFFFFFFFFFFFFFFFFFFFFFFFFC220C220C220C320FFFFFFFFFFFFFFFF87
:2028E000FFFFFFFFFFFFFFFFFFFFFFFFFFFFFFFFFFFFFFFFFFFFFFFFFFFFFFFFFFFFFFFFF8
:20290000FFFFFFFFFFFFFFFFFFFFFFFFFFFFFFFFFFFFFFFFFFFFFFFFFFFFFFFFFFFFFFFFD7
:20292000FFFFFFFFFFFFFFFF164CF602D502D502D502D502D502D502D502D502D502D502DF
:20294000D502D502D502D502D502D502D502D502FFFFFFFFFFFFFFFFFFFFFFFFFFFFFFFFCF
:20296000FFFFFFFFFFFFFFFFFFFFFFFFFFFFFFFFFFFFFFFFFFFFFFFFFFFFFFFFFFFFFFFF77
:20298000FFFFFFFFFFFFFFFFFFFFFFFFFFFFFFFFFFFFFFFFFFFFFFFFFFFF284AFFFFFFFFE3
:2029A000FFFFFFFFFFFFFFFFFFFFFFFFFFFFC320C220C220C220FFFFFFFFFFFFFFFFFFFFA6
:2029C000FFFFC220C220C220C320FFFFFFFFFFFFFFFFFFFFFFFFFFFFFFFFFFFFFFFFFFFF86
:2029E000FFFFFFFFFFFFFFFFC220C220C220C220FFFFFFFFFFFFFFFFFFFFFFFFFFFFFFFF67
:202A0000FFFFFFFFFFFFFFFFFFFFFFFFFFFFC220C220C220C220A220FFFFFFFFFFFFC2209E
:202A2000C220C220C2208D73FFFFFFFFFFFFFFFFFFFFFFFFFFFFFFFFFFFFFFFFFFFFC22024
:202A4000C220C22095B5FFFFFFFFFFFFFFFFFFFFFFFFFFFFFFFFFFFFFFFFFFFFFFFFFFFF82
:202A6000FFFFC220C220C220FFFFFFFFFFFFFFFFC220C220C220C320FFFFFFFFFFFFFFFF39
:202A8000FFFFFFFFFFFFFFFFFFFFC220C220C220A639FFFFFFFFFFFFFFFFFFFFFFFFFFFFC9
:202AA000FFFFFFFFFFFFFFFFFFFFFFFFFFFFFFFFC220C220C220C320FFFFFFFFFFFFFFFFA5
:202AC000FFFFFFFFFFFFFFFFFFFFFFFFFFFFFFFFFFFFFFFFFFFFFFFFFFFFFFFFFFFFFFFF16
:202AE000FFFFFFFFFFFFFFFFFFFFFFFFFFFFFFFFFFFFFFFFFFFFFFFFFFFFFFFFFFFFFFFFF6
:202B0000FFFFFFFFFFFFFFFFFFFFD21AD502D502D502D502D502D502D502D502D502D5026D
:202B2000D502D502D502D502D502D502D502D502D602FFFFFFFFFFFFFFFFFFFFFFFFFFFF13
:202B4000FFFFFFFFFFFFFFFFFFFFFFFFFFFFFFFFFFFFFFFFFFFFFFFFFFFFFFFFFFFFFFFF95
:202B6000FFFFFFFFFFFFFFFFFFFFFFFFFFFFFFFFFFFFFFFFFFFFFFFFFFFFC220E320FFFF8C
:202B8000FFFFFFFFFFFFFFFFFFFFFFFFFFFFC220C220C220C220FFFFFFFFFFFFFFFFFFFFC5
:202BA000FFFFC220C220C220C320FFFFFFFFFFFFFFFFFFFFFFFFFFFFFFFFFFFFFFFFFFFFA4
:202BC000FFFFFFFFFFFFFFFFC220C220C220C220FFFFFFFFFFFFFFFFFFFFFFFFFFFFFFFF85
:202BE000FFFFFFFFFFFFFFFFFFFFFFFFFFFFC220C220C220C220FFFFFFFFFFFFFFFFFFFF65
:202C0000A220C220C220C2205DEFFFFFFFFFFFFFFFFFFFFFFFFFFFFFFFFFFFFFFFFFC22032
:202C2000C220C22095B5FFFFFFFFFFFFFFFFFFFFFFFFFFFFFFFFFFFFFFFFFFFFFFFFFFFFA0
:202C4000FFFFC220C220C220FFFFFFFFFFFFFFFFDBDEC220C220C220C320FFFFFFFFFFFF9C
:202C6000FFFFFFFFFFFFFFFFFFFFC220C220C220A639FFFFFFFFFFFFFFFFFFFFFFFFFFFFE7
:202C8000FFFFFFFFFFFFFFFFFFFFFFFFFFFFFFFFC220C220C220C320FFFFFFFFFFFFFFFFC3
:202CA000FFFFFFFFFFFFFFFFFFFFFFFFFFFFFFFFFFFFFFFFFFFFFFFFFFFFFFFFFFFFFFFF34
:202CC000FFFFFFFFFFFFFFFFFFFFFFFFFFFFFFFFFFFFFFFFFFFFFFFFFFFFFFFFFFFFFFFF14
:202CE000FFFFFFFFFFFFFFFFFFFFFFFF131BD502D502D502D502D502D502D502D502D50223
:202D0000D502D502D502D502D502D502D502D502F502FFFFFFFFFFFFFFFFFFFFFFFFFFFF12
:202D2000FFFFFFFFFFFFFFFFFFFFFFFFFFFFFFFFFFFFFFFFFFFFFFFFFFFFFFFFFFFFFFFFB3
:202D4000FFFFFFFFFFFFFFFFFFFFFFFFFFFFFFFFFFFFFFFFFFFFFFFFFFFFC220C320C220E6
:202D600017C6FFFFFFFFFFFFFFFFFFFFFFFFC320C220C220C220FFFFFFFFFFFFFFFFFFFF03
:202D8000FFFFC220C220C220C320FFFFFFFFFFFFFFFFFFFFFFFFFFFFFFFFFFFFFFFFFFFFC2
:202DA000FFFFFFFFFFFFFFFFC220C220C220C220FFFFFFFFFFFFFFFFFFFFFFFFFFFFFFFFA3
:202DC000FFFFFFFFFFFFFFFFFFFFFFFFFFFFC220C220C220C220FFFFFFFFFFFFFFFFFFFF83
:202DE000FFFFC220C220C220C220FFFFFFFFFFFFFFFFFFFFFFFFFFFFFFFFFFFFFFFFC2207F
:202E0000C220C22095B5FFFFFFFFFFFFFFFFFFFFFFFFFFFFFFFFFFFFFFFFFFFFFFFFFFFFBE
:202E2000FFFFC220C220C220FFFFFFFFFFFFFFFFFFFF284AC220C220C220C320FFFFFFFF01
:202E4000FFFFFFFFFFFFFFFFFFFFC220C220C220A639FFFFFFFFFFFFFFFFFFFFFFFFFFFF05
:202E6000FFFFFFFFFFFFFFFFFFFFFFFFFFFFFFFFC220C220C220C320FFFFFFFFFFFFFFFFE1
:202E8000FFFFFFFFFFFFFFFFFFFFFFFFFFFFFFFFFFFFFFFFFFFFFFFFFFFFFFFFFFFFFFFF52
:202EA000FFFFFFFFFFFFFFFFFFFFFFFFFFFFFFFFFFFFFFFFFFFFFFFFFFFFFFFFFFFFFFFF32
:202EC000FFFFFFFFFFFFFFFFFFFFFFFFFFFFD40AF502D502D502D502D502D502D502D5024A
:202EE000D502D502D502D502D502D502D502F502131BFFFFFFFFFFFFFFFFFFFFFFFFFFFFDA
:202F0000FFFFFFFFFFFFFFFFFFFFFFFFFFFFFFFFFFFFFFFFFFFFFFFFFFFFFFFFFFFFFFFFD1
:202F2000FFFFFFFFFFFFFFFFFFFFFFFFFFFFFFFFFFFFFFFFFFFFFFFFFFFFFFFFE320C220C8
:202F4000C220C220C220C220C220C220C220C220C220C220FFFFFFFFFFFFFFFFFFFFFFFFA9
:202F6000FFFFC220C220C220C220C220C220C220C220C220C220C220C220C220FFFFFFFFDD
:202F8000FFFFFFFFFFFFFFFFC220C220C220C220C220C220C220C220C220C220C220C220A1
:202FA000C2209EF7FFFFFFFFFFFFFFFFFFFFC220C220C220C220FFFFFFFFFFFFFFFFFFFF26
:202FC000FFFFFFFFC220C220C220C220FFFFFFFFFFFFFFFFFFFFFFFFFFFFFFFFFFFFC2209D
:202FE000C220C22095B5FFFFFFFFFFFFFFFFFFFFFFFFFFFFFFFFFFFFFFFFFFFFFFFFFFFFDD
:20300000FFFFC220C220C220FFFFFFFFFFFFFFFFFFFFFFFFC320C220C220C2200429FFFF64
:20302000FFFFFFFFFFFFFFFFFFFFC220C220C220C220C220C220C220C220C220C220C220E4
:20304000C220C220FFFFFFFFFFFFFFFFFFFFFFFFC220C220C220C220C220C220C220C220A8
:20306000C220C220C220C220C220FFFFFFFFFFFFFFFFFFFFFFFFFFFFFFFFFFFFFFFFFFFFFC
:20308000FFFFFFFFFFFFFFFFFFFFFFFFFFFFFFFFFFFFFFFFFFFFFFFFFFFFFFFFFFFFFFFF50
:2030A000FFFFFFFFFFFFFFFFFFFFFFFFFFFFFFFFD402D502F602D502D502D502D502D50248
:2030C000D502D502D502D502D502D502D502F502FFFFFFFFFFFFFFFFFFFFFFFFFFFFFFFF28
:2030E000FFFFFFFFFFFFFFFFFFFFFFFFFFFFFFFFFFFFFFFFFFFFFFFFFFFFFFFFFFFFFFFFF0
:20310000FFFFFFFFFFFFFFFFFFFFFFFFFFFFFFFFFFFFFFFFFFFFFFFFFFFFFFFFFFFFFFFFCF
:20312000C320A220C220C220C220C220A220C320108CFFFFFFFFFFFFFFFFFFFFFFFFFFFF2F
:20314000FFFFC320C320C320C320C320C320C320C320C320C320C320C320C320FFFFFFFFEE
:20316000FFFFFFFFFFFFFFFFC320C320C320C320C320C320C320C320C320C320C320C320B3
:20318000C3209DF7FFFFFFFFFFFFFFFFFFFFC320C320C320C220FFFFFFFFFFFFFFFFFFFF41
:2031A000FFFFFFFFFFFFC320C320C320C220FFFFFFFFFFFFFFFFFFFFFFFFFFFFFFFFC320B7
:2031C000C320C32095B5FFFFFFFFFFFFFFFFFFFFFFFFFFFFFFFFFFFFFFFFFFFFFFFFFFFFF9
:2031E000FFFFC320C320C320FFFFFFFFFFFFFFFFFFFFFFFFFFFFC220C320C320C3208E7BA2
:20320000FFFFFFFFFFFFFFFFFFFFC320C320C320C320C320C320C320C320C320C320C320F7
:20322000C320C320FFFFFFFFFFFFFFFFFFFFFFFFC320C320C320C320C320C320C320C320BC
:20324000C320C320C320C320C320FFFFFFFFFFFFFFFFFFFFFFFFFFFFFFFFFFFFFFFFFFFF15
:20326000FFFFFFFFFFFFFFFFFFFFFFFFFFFFFFFFFFFFFFFFFFFFFFFFFFFFFFFFFFFFFFFF6E
:20328000FFFFFFFFFFFFFFFFFFFFFFFFFFFFFFFFFFFFD402F502D502D502D502D502D50240
:2032A000D502D502D502D502D502D502D402FFFFFFFFFFFFFFFFFFFFFFFFFFFFFFFFFFFF40
:2032C000FFFFFFFFFFFFFFFFFFFFFFFFFFFFFFFFFFFFFFFFFFFFFFFFFFFFFFFFFFFFFFFF0E
:2032E000FFFFFFFFFFFFFFFFFFFFFFFFFFFFFFFFFFFFFFFFFFFFFFFFFFFFFFFFFFFFFFFFEE
:20330000FFFFFFFFFFFFFFFFFFFFFFFFFFFFFFFFFFFFFFFFFFFFFFFFFFFFFFFFFFFFFFFFCD
:20332000FFFFFFFFFFFFFFFFFFFFFFFFFFFFFFFFFFFFFFFFFFFFFFFFFFFFFFFFFFFFFFFFAD
:20334000FFFFFFFFFFFFFFFFFFFFFFFFFFFFFFFFFFFFFFFFFFFFFFFFFFFFFFFFFFFFFFFF8D
:20336000FFFFFFFFFFFFFFFFFFFFFFFFFFFFFFFFFFFFFFFFFFFFFFFFFFFFFFFFFFFFFFFF6D
:20338000FFFFFFFFFFFFFFFFFFFFFFFFFFFFFFFFFFFFFFFFFFFFFFFFFFFFFFFFFFFFFFFF4D
:2033A000FFFFFFFFFFFFFFFFFFFFFFFFFFFFFFFFFFFFFFFFFFFFFFFFFFFFFFFFFFFFFFFF2D
:2033C000FFFFFFFFFFFFFFFFFFFFFFFFFFFFFFFFFFFFFFFFFFFFFFFFFFFFFFFFFFFFFFFF0D
:2033E000FFFFFFFFFFFFFFFFFFFFFFFFFFFFFFFFFFFFFFFFFFFFFFFFFFFFFFFFFFFFFFFFED
:20340000FFFFFFFFFFFFFFFFFFFFFFFFFFFFFFFFFFFFFFFFFFFFFFFFFFFFFFFFFFFFFFFFCC
:20342000FFFFFFFFFFFFFFFFFFFFFFFFFFFFFFFFFFFFFFFFFFFFFFFFFFFFFFFFFFFFFFFFAC
:20344000FFFFFFFFFFFFFFFFFFFFFFFFFFFFFFFFFFFFFFFFFFFFFFFFFFFFFFFFFFFFFFFF8C
:20346000FFFFFFFFFFFFFFFFFFFFFFFFFFFFFFFFFFFFFFFFD502F602D502D502D502D50235
:20348000D502D502D502D502D5021644FFFFFFFFFFFFFFFFFFFFFFFFFFFFFFFFFFFFFFFFB3
:2034A000FFFFFFFFFFFFFFFFFFFFFFFFFFFFFFFFFFFFFFFFFFFFFFFFFFFFFFFFFFFFFFFF2C
:2034C000FFFFFFFFFFFFFFFFFFFFFFFFFFFFFFFFFFFFFFFFFFFFFFFFFFFFFFFFFFFFFFFF0C
:2034E000FFFFFFFFFFFFFFFFFFFFFFFFFFFFFFFFFFFFFFFFFFFFFFFFFFFFFFFFFFFFFFFFEC
:20350000FFFFFFFFFFFFFFFFFFFFFFFFFFFFFFFFFFFFFFFFFFFFFFFFFFFFFFFFFFFFFFFFCB
:20352000FFFFFFFFFFFFFFFFFFFFFFFFFFFFFFFFFFFFFFFFFFFFFFFFFFFFFFFFFFFFFFFFAB
:20354000FFFFFFFFFFFFFFFFFFFFFFFFFFFFFFFFFFFFFFFFFFFFFFFFFFFFFFFFFFFFFFFF8B
:20356000FFFFFFFFFFFFFFFFFFFFFFFFFFFFFFFFFFFFFFFFFFFFFFFFFFFFFFFFFFFFFFFF6B
:20358000FFFFFFFFFFFFFFFFFFFFFFFFFFFFFFFFFFFFFFFFFFFFFFFFFFFFFFFFFFFFFFFF4B
:2035A000FFFFFFFFFFFFFFFFFFFFFFFFFFFFFFFFFFFFFFFFFFFFFFFFFFFFFFFFFFFFFFFF2B
:2035C000FFFFFFFFFFFFFFFFFFFFFFFFFFFFFFFFFFFFFFFFFFFFFFFFFFFFFFFFFFFFFFFF0B
:2035E000FFFFFFFFFFFFFFFFFFFFFFFFFFFFFFFFFFFFFFFFFFFFFFFFFFFFFFFFFFFFFFFFEB
:20360000FFFFFFFFFFFFFFFFFFFFFFFFFFFFFFFFFFFFFFFFFFFFFFFFFFFFFFFFFFFFFFFFCA
:20362000FFFFFFFFFFFFFFFFFFFFFFFFFFFFFFFFFFFFFFFFFFFFFFFFFFFFFFFFFFFFFFFFAA
:20364000FFFFFFFFFFFFFFFFFFFFFFFFFFFFFFFFFFFFFFFFFFFFD502D502F502D502D5022D
:20366000F502F502D502F502FFFFFFFFFFFFFFFFFFFFFFFFFFFFFFFFFFFFFFFFFFFFFFFFA6
:20368000FFFFFFFFFFFFFFFFFFFFFFFFFFFFFFFFFFFFFFFFFFFFFFFFFFFFFFFFFFFFFFFF4A
:2036A000FFFFFFFFFFFFFFFFFFFFFFFFFFFFFFFFFFFFFFFFFFFFFFFFFFFFFFFFFFFFFFFF2A
:2036C000FFFFFFFFFFFFFFFFFFFFFFFFFFFFFFFFFFFFFFFFFFFFFFFFFFFFFFFFFFFFFFFF0A
:2036E000FFFFFFFFFFFFFFFFFFFFFFFFFFFFFFFFFFFFFFFFFFFFFFFFFFFFFFFFFFFFFFFFEA
:20370000FFFFFFFFFFFFFFFFFFFFFFFFFFFFFFFFFFFFFFFFFFFFFFFFFFFFFFFFFFFFFFFFC9
:20372000FFFFFFFFFFFFFFFFFFFFFFFFFFFFFFFFFFFFFFFFFFFFFFFFFFFFFFFFFFFFFFFFA9
:20374000FFFFFFFFFFFFFFFFFFFFFFFFFFFFFFFFFFFFFFFFFFFFFFFFFFFFFFFFFFFFFFFF89
:20376000FFFFFFFFFFFFFFFFFFFFFFFFFFFFFFFFFFFFFFFFFFFFFFFFFFFFFFFFFFFFFFFF69
:20378000FFFFFFFFFFFFFFFFFFFFFFFFFFFFFFFFFFFFFFFFFFFFFFFFFFFFFFFFFFFFFFFF49
:2037A000FFFFFFFFFFFFFFFFFFFFFFFFFFFFFFFFFFFFFFFFFFFFFFFFFFFFFFFFFFFFFFFF29
:2037C000FFFFFFFFFFFFFFFFFFFFFFFFFFFFFFFFFFFFFFFFFFFFFFFFFFFFFFFFFFFFFFFF09
:2037E000FFFFFFFFFFFFFFFFFFFFFFFFFFFFFFFFFFFFFFFFFFFFFFFFFFFFFFFFFFFFFFFFE9
:20380000FFFFFFFFFFFFFFFFFFFFFFFFFFFFFFFFFFFFFFFFFFFFFFFFFFFFFFFFFFFFFFFFC8
:20382000FFFFFFFFFFFFFFFFFFFFFFFFFFFFFFFFFFFFFFFFFFFFFFFF141BD502D502D502EC
:20384000D502D402FFFFFFFFFFFFFFFFFFFFFFFFFFFFFFFFFFFFFFFFFFFFFFFFFFFFFFFFD7
:20386000FFFFFFFFFFFFFFFFFFFFFFFFFFFFFFFFFFFFFFFFFFFFFFFFFFFFFFFFFFFFFFFF68
:20388000FFFFFFFFFFFFFFFFFFFFFFFFFFFFFFFFFFFFFFFFFFFFFFFFFFFFFFFFFFFFFFFF48
:2038A000FFFFFFFFFFFFFFFFFFFFFFFFFFFFFFFFFFFFFFFFFFFFFFFFFFFFFFFFFFFFFFFF28
:2038C000FFFFFFFFFFFFFFFFFFFFFFFFFFFFFFFFFFFFFFFFFFFFFFFFFFFFFFFFFFFFFFFF08
:2038E000FFFFFFFFFFFFFFFFFFFFFFFFFFFFFFFFFFFFFFFFFFFFFFFFFFFFFFFFFFFFFFFFE8
:20390000FFFFFFFFFFFFFFFFFFFFFFFFFFFFFFFFFFFFFFFFFFFFFFFFFFFFFFFFFFFFFFFFC7
:20392000FFFFFFFFFFFFFFFFFFFFFFFFFFFFFFFFFFFFFFFFFFFFFFFFFFFFFFFFFFFFFFFFA7
:20394000FFFFFFFFFFFFFFFFFFFFFFFFFFFFFFFFFFFFFFFFFFFFFFFFFFFFFFFFFFFFFFFF87
:20396000FFFFFFFFFFFFFFFFFFFFFFFFFFFFFFFFFFFFFFFFFFFFFFFFFFFFFFFFFFFFFFFF67
:20398000FFFFFFFFFFFFFFFFFFFFFFFFFFFFFFFFFFFFFFFFFFFFFFFFFFFFFFFFFFFFFFFF47
:2039A000FFFFFFFFFFFFFFFFFFFFFFFFFFFFFFFFFFFFFFFFFFFFFFFFFFFFFFFFFFFFFFFF27
:2039C000FFFFFFFFFFFFFFFFFFFFFFFFFFFFFFFFFFFFFFFFFFFFFFFFFFFFFFFFFFFFFFFF07
:2039E000FFFFFFFFFFFFFFFFFFFFFFFFFFFFFFFFFFFFFFFFFFFFFFFFFFFFFFFFFFFFFFFFE7
:203A0000FFFFFFFFFFFFFFFFFFFFFFFFFFFFFFFFFFFFFFFFFFFFFFFFFFFFFFFFFFFFFFFFC6
:203A2000FFFFFFFFFFFFFFFFFFFFFFFFFFFFFFFFFFFFFFFFFFFFFFFFFFFFFFFFFFFFFFFFA6
:203A4000FFFFFFFFFFFFFFFFFFFFFFFFFFFFFFFFFFFFFFFFFFFFFFFFFFFFFFFFFFFFFFFF86
:203A6000FFFFFFFFFFFFFFFFFFFFFFFFFFFFFFFFFFFFFFFFFFFFFFFFFFFFFFFFFFFFFFFF66
:203A8000FFFFFFFFFFFFFFFFFFFFFFFFFFFFFFFFFFFFFFFFFFFFFFFFFFFFFFFFFFFFFFFF46
:203AA000FFFFFFFFFFFFFFFFFFFFFFFFFFFFFFFFFFFFFFFFFFFFFFFFFFFFFFFFFFFFFFFF26
:203AC000FFFFFFFFFFFFFFFFFFFFFFFFFFFFFFFFFFFFFFFFFFFFFFFFFFFFFFFFFFFFFFFF06
:203AE000FFFFFFFFFFFFFFFFFFFFFFFFFFFFFFFFFFFFFFFFFFFFFFFFFFFFFFFFFFFFFFFFE6
:203B0000FFFFFFFFFFFFFFFFFFFFFFFFFFFFFFFFFFFFFFFFFFFFFFFFFFFFFFFFFFFFFFFFC5
:203B2000FFFFFFFFFFFFFFFFFFFFFFFFFFFFFFFFFFFFFFFFFFFFFFFFFFFFFFFFFFFFFFFFA5
:203B4000FFFFFFFFFFFFFFFFFFFFFFFFFFFFFFFFFFFFFFFFFFFFFFFFFFFFFFFFFFFFFFFF85
:203B6000FFFFFFFFFFFFFFFFFFFFFFFFFFFFFFFFFFFFFFFFFFFFFFFFFFFFFFFFFFFFFFFF65
:203B8000FFFFFFFFFFFFFFFFFFFFFFFFFFFFFFFFFFFFFFFFFFFFFFFFFFFFFFFFFFFFFFFF45
:203BA000FFFFFFFFFFFFFFFFFFFFFFFFFFFFFFFFFFFFFFFFFFFFFFFFFFFFFFFFFFFFFFFF25
:203BC000FFFFFFFFFFFFFFFFFFFFFFFFFFFFFFFFFFFFFFFFFFFFFFFFFFFFFFFFFFFFFFFF05
:203BE000FFFFFFFFFFFFFFFFFFFFFFFFFFFFFFFFFFFFFFFFFFFFFFFFFFFFFFFFFFFFFFFFE5
:203C0000FFFFFFFFFFFFFFFFFFFFFFFFFFFFFFFFFFFFFFFFFFFFFFFFFFFFFFFFFFFFFFFFC4
:203C2000FFFFFFFFFFFFFFFFFFFFFFFFFFFFFFFFFFFFFFFFFFFFFFFFFFFFFFFFFFFFFFFFA4
:203C4000FFFFFFFFFFFFFFFFFFFFFFFFFFFFFFFFFFFFFFFFFFFFFFFFFFFFFFFFFFFFFFFF84
:203C6000FFFFFFFFFFFFFFFFFFFFFFFFFFFFFFFFFFFFFFFFFFFFFFFFFFFFFFFFFFFFFFFF64
:203C8000FFFFFFFFFFFFFFFFFFFFFFFFFFFFFFFFFFFFFFFFFFFFFFFFFFFFFFFFFFFFFFFF44
:203CA000FFFFFFFFFFFFFFFFFFFFFFFFFFFFFFFFFFFFFFFFFFFFFFFFFFFFFFFFFFFFFFFF24
:203CC000FFFFFFFFFFFFFFFFFFFFFFFFFFFFFFFFFFFFFFFFFFFFFFFFFFFFFFFFFFFFFFFF04
:203CE000FFFFFFFFFFFFFFFFFFFFFFFFFFFFFFFFFFFFFFFFFFFFFFFFFFFFFFFFFFFFFFFFE4
:203D0000FFFFFFFFFFFFFFFFFFFFFFFFFFFFFFFFFFFFFFFFFFFFFFFFFFFFFFFFFFFFFFFFC3
:203D2000FFFFFFFFFFFFFFFFFFFFFFFFFFFFFFFFFFFFFFFFFFFFFFFFFFFFFFFFFFFFFFFFA3
:203D4000FFFFFFFFFFFFFFFFFFFFFFFFFFFFFFFFFFFFFFFFFFFFFFFFFFFFFFFFFFFFFFFF83
:203D6000FFFFFFFFFFFFFFFFFFFFFFFFFFFFFFFFFFFFFFFFFFFFFFFFFFFFFFFFFFFFFFFF63
:203D8000FFFFFFFFFFFFFFFFFFFFFFFFFFFFFFFFFFFFFFFFFFFFFFFFFFFFFFFFFFFFFFFF43
:203DA000FFFFFFFFFFFFFFFFFFFFFFFFFFFFFFFFFFFFFFFFFFFFFFFFFFFFFFFFFFFFFFFF23
:203DC000FFFFFFFFFFFFFFFFFFFFFFFFFFFFFFFFFFFFFFFFFFFFFFFFFFFFFFFFFFFFFFFF03
:203DE000FFFFFFFFFFFFFFFFFFFFFFFFFFFFFFFFFFFFFFFFFFFFFFFFFFFFFFFFFFFFFFFFE3
:203E0000FFFFFFFFFFFFFFFFFFFFFFFFFFFFFFFFFFFFFFFFFFFFFFFFFFFFFFFFFFFFFFFFC2
:203E2000FFFFFFFFFFFFFFFFFFFFFFFFFFFFFFFFFFFFFFFFFFFFFFFFFFFFFFFFFFFFFFFFA2
:203E4000FFFFFFFFFFFFFFFFFFFFFFFFFFFFFFFFFFFFFFFFFFFFFFFFFFFFFFFFFFFFFFFF82
:203E6000FFFFFFFFFFFFFFFFFFFFFFFFFFFFFFFFFFFFFFFFFFFFFFFFFFFFFFFFFFFFFFFF62
:203E8000FFFFFFFFFFFFFFFFFFFFFFFFFFFFFFFFFFFFFFFFFFFFFFFFFFFFFFFFFFFFFFFF42
:203EA000FFFFFFFFFFFFFFFFFFFFFFFFFFFFFFFFFFFFFFFFFFFFFFFFFFFFFFFFFFFFFFFF22
:203EC000FFFFFFFFFFFFFFFFFFFFFFFFFFFFFFFFFFFFFFFFFFFFFFFFFFFFFFFFFFFFFFFF02
:203EE000FFFFFFFFFFFFFFFFFFFFFFFFFFFFFFFFFFFFFFFFFFFFFFFFFFFFFFFFFFFFFFFFE2
:203F0000FFFFFFFFFFFFFFFFFFFFFFFFFFFFFFFFFFFFFFFFFFFFFFFFFFFFFFFFFFFFFFFFC1
:203F2000FFFFFFFFFFFFFFFFFFFFFFFFFFFFFFFFFFFFFFFFFFFFFFFFFFFFFFFFFFFFFFFFA1
:203F4000FFFFFFFFFFFFFFFFFFFFFFFFFFFFFFFFFFFFFFFFFFFFFFFFFFFFFFFFFFFFFFFF81
:203F6000FFFFFFFFFFFFFFFFFFFFFFFFFFFFFFFFFFFFFFFFFFFFFFFFFFFFFFFFFFFFFFFF61
:203F8000FFFFFFFFFFFFFFFFFFFFFFFFFFFFFFFFFFFFFFFFFFFFFFFFFFFFFFFFFFFFFFFF41
:203FA000FFFFFFFFFFFFFFFFFFFFFFFFFFFFFFFFFFFFFFFFFFFFFFFFFFFFFFFFFFFFFFFF21
:203FC000FFFFFFFFFFFFFFFFFFFFFFFFFFFFFFFFFFFFFFFFFFFFFFFFFFFFFFFFFFFFFFFF01
:203FE000FFFFFFFFFFFFFFFFFFFFFFFFFFFFFFFFFFFFFFFFFFFFFFFFFFFFFFFFFFFFFFFFE1
:20400000FFFFFFFFFFFFFFFFFFFFFFFFFFFFFFFFFFFFFFFFFFFFFFFFFFFFFFFFFFFFFFFFC0
:20402000FFFFFFFFFFFFFFFFFFFFFFFFFFFFFFFFFFFFFFFFFFFFFFFFFFFFFFFFFFFFFFFFA0
:20404000FFFFFFFFFFFFFFFFFFFFFFFFFFFFFFFFFFFFFFFFFFFFFFFFFFFFFFFFFFFFFFFF80
:20406000FFFFFFFFFFFFFFFFFFFFFFFFFFFFFFFFFFFFFFFFFFFFFFFFFFFFFFFFFFFFFFFF60
:20408000FFFFFFFFFFFFFFFFFFFFFFFFFFFFFFFFFFFFFFFFFFFFFFFFFFFFFFFFFFFFFFFF40
:2040A000FFFFFFFFFFFFFFFFFFFFFFFFFFFFFFFFFFFFFFFFFFFFFFFFFFFFFFFFFFFFFFFF20
:2040C000FFFFFFFFFFFFFFFFFFFFFFFFFFFFFFFFFFFFFFFFFFFFFFFFFFFFFFFFFFFFFFFF00
:2040E000FFFFFFFFFFFFFFFFFFFFFFFFFFFFFFFFFFFFFFFFFFFFFFFFFFFFFFFFFFFFFFFFE0
:20410000FFFFFFFFFFFFFFFFFFFFFFFFFFFFFFFFFFFFFFFFFFFFFFFFFFFFFFFFFFFFFFFFBF
:20412000FFFFFFFFFFFFFFFFFFFFFFFFFFFFFFFFFFFFFFFFFFFFFFFFFFFFFFFFFFFFFFFF9F
:20414000FFFFFFFFFFFFFFFFFFFFFFFFFFFFFFFFFFFFFFFFFFFFFFFFFFFFFFFFFFFFFFFF7F
:20416000FFFFFFFFFFFFFFFFFFFFFFFFFFFFFFFFFFFFFFFFFFFFFFFFFFFFFFFFFFFFFFFF5F
:20418000FFFFFFFFFFFFFFFFFFFFFFFFFFFFFFFFFFFFFFFFFFFFFFFFFFFFFFFFFFFFFFFF3F
:2041A000FFFFFFFFFFFFFFFFFFFFFFFFFFFFFFFFFFFFFFFFFFFFFFFFFFFFFFFFFFFFFFFF1F
:2041C000FFFFFFFFFFFFFFFFFFFFFFFFFFFFFFFFFFFFFFFFFFFFFFFFFFFFFFFFFFFFFFFFFF
:2041E000FFFFFFFFFFFFFFFFFFFFFFFFFFFFFFFFFFFFFFFFFFFFFFFFFFFFFFFFFFFFFFFFDF
:20420000FFFFFFFFFFFFFFFFFFFFFFFFFFFFFFFFFFFFFFFFFFFFFFFFFFFFFFFFFFFFFFFFBE
:20422000FFFFFFFFFFFFFFFFFFFFFFFFFFFFFFFFFFFFFFFFFFFFFFFFFFFFFFFFFFFFFFFF9E
:20424000FFFFFFFFFFFFFFFFFFFFFFFFFFFFFFFFFFFFFFFFFFFFFFFFFFFFFFFFFFFFFFFF7E
:20426000FFFFFFFFFFFFFFFFFFFFFFFFFFFFFFFFFFFFFFFFFFFFFFFFFFFFFFFFFFFFFFFF5E
:20428000FFFFFFFFFFFFFFFFFFFFFFFFFFFFFFFFFFFFFFFFFFFFFFFFFFFFFFFFFFFFFFFF3E
:2042A000FFFFFFFFFFFFFFFFFFFFFFFFFFFFFFFFFFFFFFFFFFFFFFFFFFFFFFFFFFFFFFFF1E
:2042C000FFFFFFFFFFFFFFFFFFFFFFFFFFFFFFFFFFFFFFFFFFFFFFFFFFFFFFFFFFFFFFFFFE
:2042E000FFFFFFFFFFFFFFFFFFFFFFFFFFFFFFFFFFFFFFFFFFFFFFFFFFFFFFFFFFFFFFFFDE
:20430000FFFFFFFFFFFFFFFFFFFFFFFFFFFFFFFFFFFFFFFFFFFFFFFFFFFFFFFFFFFFFFFFBD
:20432000FFFFFFFFFFFFFFFFFFFFFFFFFFFFFFFFFFFFFFFFFFFFFFFFFFFFFFFFFFFFFFFF9D
:20434000FFFFFFFFFFFFFFFFFFFFFFFFFFFFFFFFFFFFFFFFFFFFFFFFFFFFFFFFFFFFFFFF7D
:20436000FFFFFFFFFFFFFFFFFFFFFFFFFFFFFFFFFFFFFFFFFFFFFFFFFFFFFFFFFFFFFFFF5D
:20438000FFFFFFFFFFFFFFFFFFFFFFFFFFFFFFFFFFFFFFFFFFFFFFFFFFFFFFFFFFFFFFFF3D
:2043A000FFFFFFFFFFFFFFFFFFFFFFFFFFFFFFFFFFFFFFFFFFFFFFFFFFFFFFFFFFFFFFFF1D
:2043C000FFFFFFFFFFFFFFFFFFFFFFFFFFFFFFFFFFFFFFFFFFFFFFFFFFFFFFFFFFFFFFFFFD
:2043E000FFFFFFFFFFFFFFFFFFFFFFFFFFFFFFFFFFFFFFFFFFFFFFFFFFFFFFFFFFFFFFFFDD
:20440000FFFFFFFFFFFFFFFFFFFFFFFFFFFFFFFFFFFFFFFFFFFFFFFFFFFFFFFFFFFFFFFFBC
:20442000FFFFFFFFFFFFFFFFFFFFFFFFFFFFFFFFFFFFFFFFFFFFFFFFFFFFFFFFFFFFFFFF9C
:20444000FFFFFFFFFFFFFFFFFFFFFFFFFFFFFFFFFFFFFFFFFFFFFFFFFFFFFFFFFFFFFFFF7C
:20446000FFFFFFFFFFFFFFFFFFFFFFFFFFFFFFFFFFFFFFFFFFFFFFFFFFFFFFFFFFFFFFFF5C
:20448000FFFFFFFFFFFFFFFFFFFFFFFFFFFFFFFFFFFFFFFFFFFFFFFFFFFFFFFFFFFFFFFF3C
:2044A000FFFFFFFFFFFFFFFFFFFFFFFFFFFFFFFFFFFFFFFFFFFFFFFFFFFFFFFFFFFFFFFF1C
:2044C000FFFFFFFFFFFFFFFFFFFFFFFFFFFFFFFFFFFFFFFFFFFFFFFFFFFFFFFFFFFFFFFFFC
:2044E000FFFFFFFFFFFFFFFFFFFFFFFFFFFFFFFFFFFFFFFFFFFFFFFFFFFFFFFFFFFFFFFFDC
:20450000FFFFFFFFFFFFFFFFFFFFFFFFFFFFFFFFFFFFFFFFFFFFFFFFFFFFFFFFFFFFFFFFBB
:20452000FFFFFFFFFFFFFFFFFFFFFFFFFFFFFFFFFFFFFFFFFFFFFFFFFFFFFFFFFFFFFFFF9B
:20454000FFFFFFFFFFFFFFFFFFFFFFFFFFFFFFFFFFFFFFFFFFFFFFFFFFFFFFFFFFFFFFFF7B
:20456000FFFFFFFFFFFFFFFFFFFFFFFFFFFFFFFFFFFFFFFFFFFFFFFFFFFFFFFFFFFFFFFF5B
:20458000FFFFFFFFFFFFFFFFFFFFFFFFFFFFFFFFFFFFFFFFFFFFFFFFFFFFFFFFFFFFFFFF3B
:2045A000FFFFFFFFFFFFFFFFFFFFFFFFFFFFFFFFFFFFFFFFFFFFFFFFFFFFFFFFFFFFFFFF1B
:2045C000FFFFFFFFFFFFFFFFFFFFFFFFFFFFFFFFFFFFFFFFFFFFFFFFFFFFFFFFFFFFFFFFFB
:2045E000FFFFFFFFFFFFFFFFFFFFFFFFFFFFFFFFFFFFFFFFFFFFFFFFFFFFFFFFFFFFFFFFDB
:20460000FFFFFFFFFFFFFFFFFFFFFFFFFFFFFFFFFFFFFFFFFFFFFFFFFFFFFFFFFFFFFFFFBA
:20462000FFFFFFFFFFFFFFFFFFFFFFFFFFFFFFFFFFFFFFFFFFFFFFFFFFFFFFFFFFFFFFFF9A
:20464000FFFFFFFFFFFFFFFFFFFFFFFFFFFFFFFFFFFFFFFFFFFFFFFFFFFFFFFFFFFFFFFF7A
:20466000FFFFFFFFFFFFFFFFFFFFFFFFFFFFFFFFFFFFFFFFFFFFFFFFFFFFFFFFFFFFFFFF5A
:20468000FFFFFFFFFFFFFFFFFFFFFFFFFFFFFFFFFFFFFFFFFFFFFFFFFFFFFFFFFFFFFFFF3A
:2046A000FFFFFFFFFFFFFFFFFFFFFFFFFFFFFFFFFFFFFFFFFFFFFFFFFFFFFFFFFFFFFFFF1A
:2046C000FFFFFFFFFFFFFFFFFFFFFFFFFFFFFFFFFFFFFFFFFFFFFFFFFFFFFFFFFFFFFFFFFA
:2046E000FFFFFFFFFFFFFFFFFFFFFFFFFFFFFFFFFFFFFFFF4E414E006E616E00494E4600D7
:20470000696E66004D656D6F7279206D616E6167656D656E74206572726F722C204C6F63F2
:20472000617465206661756C7473207468726F75676820646562756767696E67002E2E2F18
:204740006C69627261726965732F696E66696E656F6E5F6C69627261726965732F694C4CCB
:20476000442F54433236422F547269636F72652F4370752F547261702F4966784370755F84
:20478000547261702E6300416363657373696E6720616E206E756C6C206164647265737391
:2047A0002C204C6F63617465206661756C7473207468726F75676820646562756767696E20
:2047C0006700496E737472756374696F6E204572726F722C204C6F63617465206661756C3A
:2047E0007473207468726F75676820646562756767696E6700436F6E74657874206D616EA4
:204800006167656D656E74206572726F722C204C6F63617465206661756C747320746872AC
:204820006F75676820646562756767696E67004D656D6F727920616363657373206661699E
:204840006C757265206F722055736520616E20756E696E697469616C697A65642070657263
:204860006970686572616C2C204C6F63617465206661756C7473207468726F75676820645B
:204880006562756767696E670043707520417373657274696F6E206572726F722C204C6F7F
:2048A00063617465206661756C7473207468726F75676820646562756767696E67000002BD
:2048C000020202020202020203010101010202020202020202020202020202020202020499
:2048E0004040404040404040404040404040402020202020202020202040404040404040F8
:20490000888888888888080808080808080808080808080808080808080840404040404047
:204920009090909090901010101010101010101010101010101010101010404040400200D5
:20494000000000000000000000000000000000000000000000000000000000000000000057
:20496000000000000000000000000000000000000000000000000000000000000000000037
:20498000000000000000000000000000000000000000000000000000000000000000000017
:2049A0000000000000000000000000000000000000000000000000000000000000000053A4
:2049C00045454B465245450066696C653A2025730066696C653A206D646B2F2573006C697C
:2049E0006E653A202564000D0A66696C65202573206C696E652025643A2025732E0D0A00EA
:204A00000D0A66696C65202573206C696E652025642E0D0A00417373657274206572726F27
:204A200072004C6F67206D657373616765002E2E2F6C69627261726965732F7A665F636F55
:204A40006D6D6F6E2F7A665F636F6D6D6F6E5F6669666F2E63000000000000000000002FE5
:204A6000000000000700070000147F147F1400242A7F2A120062640813230036495522509B
:204A800000000503000000001C224100000041221C000014083E08140008083E080800003C
:204AA00000A06000000808080808000060600000402010080402003E5149453E0000427F74
:204AC0004000004261514946002141454B31001814127F10002745454539003C4A494930AC
:204AE00000017109050300364949493600064949291E00003636000000005636000000080D
:204B00001422410000141414141400004122140800020151090600324959513E007C1211D6
:204B2000127C007F49494936003E41414122007F4141221C007F49494941007F09090901BF
:204B4000003E4149497A007F0808087F0000417F4100002040413F01007F08142241007F55
:204B600040404040007F020C027F007F0408107F003E4141413E007F09090906003E41515E
:204B8000215E007F091929460046494949310001017F0101003F4040403F001F2040201FB5
:204BA000003F4038403F00631408146300070870080700615149454300007F4141000204B1
:204BC00008102040000041417F000004020102040040404040400000010204000020545440
:204BE0005478007F4844443800384444442000384444487F00385454541800087E090102D9
:204C00000018A4A4A47C007F080404780000447D4000004080847D00007F10284400000050
:204C2000417F4000007C04180478007C0804047800384444443800FC242424180018242440
:204C400018FC007C0804040800485454542000043F444020003C4040207C001C2040201C51
:204C6000003C4030403C004428102844001CA0A0A07C004464544C441414141414140000A8
:204C80000000000000000000000000000000000000F80000000000000033300000000010A9
:204CA0000C06100C0600000000000000000040C07840C0784000043F04043F04040000708E
:204CC00088FC08300000001820FF211E0000F008F000E018000000211C031E211E0000F035
:204CE0000888700000001E2123241927211010160E00000000000000000000000000000089
:204D000000E018040200000000071820400000020418E00000000040201807000000404019
:204D200080F0804040000202010F01020200000000F0000000000101011F010101000000D5
:204D400000000000000080B0700000000000000000000000000000010101010101010000AC
:204D600000000000000000303000000000000000000080601804006018060100000000E078
:204D800010080810E000000F102020100F00001010F8000000000020203F2020000000703E
:204DA000080808887000003028242221300000300888884830000018202020110E0000009D
:204DC000C02010F8000000070424243F240000F80888880808000019212020110E0000E09C
:204DE000108888180000000F112020110E0000380808C83808000000003F000000000070FD
:204E0000880808887000001C222121221C0000E010080810E0000000312222110F000000BF
:204E200000C0C0000000000000303000000000000080000000000000806000000000000032
:204E4000804020100800000102040810200040404040404040000404040404040400000837
:204E60001020408000000020100804020100007048080808F0000000003036010000C030EC
:204E8000C828E810E0000718272423140B000000C038E0000000203C23020227382008F8C4
:204EA000888888700000203F202020110E00C030080808083800071820202010080008F82D
:204EC00008080810E000203F202020100F0008F88888E8081000203F20202320180008F8E2
:204EE0008888E8081000203F200003000000C03008080838000007182020221E020008F83F
:204F000008000008F808203F210101213F20000808F8080800000020203F202000000000A8
:204F20000808F8080800C08080807F00000008F888C028180800203F20012638200008F80C
:204F4000080000000000203F20202020300008F8F800F8F80800203F003F003F200008F84D
:204F600030C00008F808203F200007183F00E01008080810E0000F10202020100F0008F8C6
:204F800008080808F000203F210101010000E01008080810E0000F18242438504F0008F840
:204FA000888888887000203F2000030C302000708808080838000038202121221C00180843
:204FC00008F8080818000000203F2000000008F808000008F808001F202020201F000878DC
:204FE000880000C83808000007380E010000F80800F80008F800033C0700073C030008182F
:2050000068808068180820302C03032C30200838C800C83808000000203F200000001008FB
:205020000808C83808002038262120201800000000FE020202000000007F40404000000C12
:2050400030C000000000000000010638C00000020202FE000000004040407F00000000001E
:20506000040202020400000000000000000000000000000000008080808080808080000220
:20508000020400000000000000000000000000008080808000000019242222223F2008F808
:2050A000008080000000003F112020110E000000008080800000000E112020201100000031
:2050C00000808088F800000E112020103F200000808080800000001F222222221300008048
:2050E00080F0888888180020203F202000000000808080808000006B94949493600008F837
:20510000008080800000203F210000203F2000809898000000000020203F202000000000A1
:2051200000809898000000C08080807F000008F8000080808000203F24022D302000000876
:2051400008F8000000000020203F202000008080808080808000203F20003F20003F8080F3
:20516000008080800000203F210000203F200000808080800000001F202020201F008080F2
:2051800000808000000080FFA12020110E000000008080808000000E112020A0FF80808012
:2051A00080008080800020203F212000010000008080808080000033242424241900008052
:2051C00080E0808000000000001F202000008080000000808000001F202020103F20808022
:2051E00080000080808000010E300806010080800080008080800F300C030C300F00008048
:205200008000808080000020312E0E312000808080000080808080818E7018060100008012
:205220008080808080000021302C2221300000000000807C020200000000003F404000003F
:205240000000FF00000000000000FF0000000002027C800000000040403F0000000000068B
:205260000101020204040000000000000000000023FC1040108001440668F0B01128166817
:2052800010A41124162010A0284047FE00000000FFC00040004400480050006000500048BF
:2052A0000044002000200012000A0006000208101D10F09010901010FD1010903890341008
:2052C000501E53F09010101010101010101010201020102013FEFC201020102015FC188433
:2052E0003088D048105010201050518826062E2E2F6C69627261726965732F7A665F636F61
:205300006D6D6F6E2F7A665F636F6D6D6F6E5F66756E6374696F6E2E6300524D4300474719
:205320004100544853002E2E2F6C69627261726965732F7A665F6465766963652F7A665FA9
:205340006465766963655F6970733230302E63002E2E2F6C69627261726965732F7A665F59
:205360006472697665722F7A665F6472697665725F7370692E63002E2E2F6C696272617264
:1F5380006965732F7A665F6472697665722F7A665F6472697665725F756172742E63002D
:2053A00000A60160188E0080188E0080188E0080188E0080188E0080002D3101FFFF40018A
:1753C00000F8F000E401E201E1010001000000000000000100010140
:2053D8000100000000000060B8530180040000000100000004000060A053018004000000E7
:2053F8000100000008000060CA53018001000000010000000C000060CB5301800100000080
:205418000100000010000060CC530180010000000100000014000060CD530180010000004B
:205438000100000018000060CE53018001000000010000001C000060CF5301800100000017
:205458000100000020000060D0530180010000000100000024000060D153018001000000E3
:205478000100000028000060BC53018002000000010000002C000060D253018001000000C5
:205498000100000030000060D3530180010000000100000034000060D4530180010000007D
:2054B8000100000038000060BE53018002000000010000003C000060C05301800200000074
:2054D8000100000040000060C2530180020000000100000044000060C4530180020000003C
:2054F8000100000048000060C653018002000000010000004C000060C85301800200000004
:205518000100000050000060A4530180140000000100000064000060D553018001000000C7
:205538000100000068000060D653018001000000020000006C000060000000000E00000003
:20555800020000007C000060000000006500000002000000E400006000000000C2010000E7
:2055780002000000A8020060000000004100000002000000EC020060000000002500000051
:20559800020000001403006000000000410000000200000058030060000000002500000057
:2055B8000200000080030060000000004100000002000000C403006000000000250000005F
:2055D80002000000EC03006000000000410000000200000030040060000000002500000066
:2055F800020000005804006000000000400000000000000000000000000000000000000095
:02000004800278
:2000000000000000700059B30000000000000000000000000000000064B81E799B47E18668
:02000004800F6B
:0A414000910000E8D9EE1896DC0E9D
:0A416000910000E8D9EE0496DC0E91
:0A418000910000E8D9EE2886DC0E5D
:0A41A000910000E8D9EE1896DC0E3D
:0A41C000910000E8D9EE04A6DC0E21
:0A41E000910000E8D9EE2896DC0EED
:0A420000910000E8D9EE1896DC0EDC
:0A422000910000E8D9EE3EA6DC0E86
:0A424000910000E8D9EE22A6DC0E82
:0A426000910000E8D9EE1896DC0E7C
:0A428000910000E8D9EE38B6DC0E1C
:0A42A000910000E8D9EE1CB6DC0E18
:0A43C000910000E8D9EE2236DC0E71
:0A43E000910000E8D9EE0446DC0E5F
:0A440000910000E8D9EE2646DC0E1C
:0A442000910000E8D9EE0856DC0E0A
:0A450000910000E8D9EE0866DC0E19
:0A452000910000E8D9EE3466DC0ECD
:0A456000910000E8D9EE2E76DC0E83
:0A478000910000E8D9EE2A56DC0E85
:0A5B8000911000E8D9EEDA88DC0E7F
:0A5BA000911000E8D9EEC098DC0E69
:20600000910000F8D9FF5EB10D00000202F4DC0F0000000000000000000000000000000020
:20602000910000F8D9FF7C910D00000202F4DC0F0000000000000000000000000000000002
:20604000910000F8D9FF5A810D00000202F4DC0F0000000000000000000000000000000014
:20606000910000F8D9FF78610D00000202F4DC0F00000000000000000000000000000000F6
:20608000910000F8D9FF56510D00000202F4DC0F0000000000000000000000000000000008
:2060A000910000F8D9FF74310D00000202F4DC0F00000000000000000000000000000000EA
:2060C000910000F8D9FF42E10D00000202F4DC0F000000000000000000000000000000004C
:1260E000910000F8D9FF40D10D00000202F4DC0F0090BC
:040000058000002057
:00000001FF
