:0200000480007A
:2000000000000000700059B30000000000000000000000000000000064B81E799B47E18668
:20002000910000F8D9FF5CE4DC0F0090000600F000B403F00100000000000000000600F010
:2000400000B503F00300000001000000000600F000B403F00000000090000000000600F0D1
:2000600000B403F00100000090000000000600F000B503F00200000090000000000600F022
:2000800000B503F00300000090000000000700F000B503F00100000000000000000700F08E
:2000A00000B503F00500000001000000000700F000C003F00900000002000000000700F0E6
:2000C00000B103F00A00000004000000000700F000D303F00D00000005000000000700F0A8
:2000E00000A203F00300000006000000000700F000A203F00200000090000000000700F04D
:2001000000B103F00C00000090000000000700F000B503F00000000090000000000700F079
:2001200000B503F00100000090000000000700F000B503F00400000090000000000700F05C
:2001400000B503F00500000090000000000700F000C003F00A00000090000000000700F027
:2001600000D303F00C00000090000000000700F000D303F00D00000090000000000800F0CB
:2001800000B403F00300000000000000000800F000A203F00100000001000000000800F02E
:2001A00000B003F00600000003000000000800F000D303F00800000004000000000800F0D1
:2001C00000A203F00000000006000000000800F000A203F00000000090000000000800F06F
:2001E00000B003F00500000090000000000800F000B403F00200000090000000000800F09E
:2002000000B403F00300000090000000000800F000D303F00800000090000000000800F056
:2002200000D303F00900000090000000000900F000B503F00700000000000000000900F0BE
:2002400000C003F00300000002000000000900F000A003F00100000004000000000900F05C
:2002600000C103F00600000005000000000900F000A003F00000000098000000000900F0A2
:2002800000A003F00100000090000000000900F000B503F00600000090000000000900F00A
:2002A00000B503F00700000090000000000900F000C003F00000000090000000000900F0CA
:2002C00000C003F00300000090000000000900F000C103F00700000090000000000600F09E
:2002E00000000000000700F001000000000800F002000000000900F0030000000050C348B5
:20030000640000000050C348640000001400000000000000000000000100000000000000A5
:200320000000000000000000000000000000000000000000000001010700000000000901AA
:20034000000000000602000000000A03000000000000000000000000010100000000000086
:20036000002A00F000000000002B00F001000000000081F800000000000083F80100000052
:2003800000000000000000000000000000000000000000000000000000000000000000005D
:2003A0000000010000010F00010F0000000000000000000000000000002E00F002000000FC
:2003C00000A003F00800000000000000002E00F00200000000D303F0060000000100000095
:2003E000002E00F00200000000A003F00700000000000000002E00F00200000000D303F05D
:200400000700000001000000002E00F00300000000A203F00700000000000000002E00F0F9
:200420000300000000A203F00600000000000000002E00F00400000000A003F00900000060
:2004400000000000002E00F00400000000D303F00500000001000000002E00F0040000008C
:2004600000A203F00800000000000000002E00F00500000000C103F0060000000000000002
:20048000002E00F00500000000B003F00100000001000000002E00F00500000000C103F0BD
:2004A0000700000000000000002E00F00500000000B003F00300000001000000002E00F04D
:2004C0000600000000C003F00000000000000000002E00F00600000000C003F00300000089
:2004E00000000000002E00F00600000000B003F00200000001000000000002000000000030
:2005000000A203F00000000088000000000002003000000000C203F001000000880000004E
:20052000000002003500000000C103F00200000088000000000002005500000000B403F048
:200540000500000088000000000002000800000000A203F0080000008800000000000200DD
:200560000900000000A003F00000000088000000000103006700000000B003F00100000048
:2005800088000000000102000A00000000A003F00100000088000000000102000B0000009C
:2005A00000A003F00200000088000000000102000100000000A203F00100000088000000FC
:2005C000000102001F00000000D303F00900000088000000000102002F00000000C203F0BB
:2005E0000000000088000000000102003600000000C103F0030000008800000000010200F8
:200600005400000000B403F00400000088000000000203006800000000B003F00200000041
:2006200088000000000203006B00000000B003F00500000088000000000202000C00000082
:2006400000A003F00300000088000000000202000200000000A203F0020000008800000057
:20066000000202002100000000D303F00B00000088000000000202003700000000C103F00D
:200680000400000088000000000202005300000000B403F00300000088000000000303003F
:2006A0006900000000B003F00300000088000000000303006C00000000B003F00600000088
:2006C00088000000000302000D00000000A003F00400000088000000000302000300000059
:2006E00000A203F00300000088000000000302003100000000C203F0020000008800000065
:20070000000302003800000000C103F00500000088000000000302005200000000B403F05D
:200720000200000088000000000402000E00000000A003F0050000008800000000040200F5
:200740000400000000A203F00400000088000000000402003200000000C203F00300000084
:2007600088000000000402003900000000C103F00600000088000000000402003D0000002D
:2007800000C003F00300000088000000000402005100000000B403F0010000008800000094
:2007A000000502000F00000000A003F00600000088000000000502002800000000D203F00E
:2007C0000400000088000000000502003A00000000C103F007000000880000000005020002
:2007E0000500000000A203F00500000088000000000602001000000000A003F00700000020
:2008000088000000000602002A00000000C303F00100000088000000000602003B0000009C
:2008200000C003F00000000088000000000602000600000000A203F006000000880000004C
:20084000000702001100000000A003F00800000088000000000702004000000000C003F05F
:200860000800000088000000000702000700000000A203F0070000008800000001000300B0
:200880000000000000A203F00000000088000000010003003000000000C203F00100000051
:2008A00088000000010003003500000000C103F002000000880000000100020044000000F2
:2008C00000C003F00C00000088000000010002004C00000000B503F005000000880000004D
:2008E000010002004D00000000B503F00600000088000000010003000800000000A203F0D1
:200900000800000088000000010003000900000000A003F00000000088000000010102001B
:200920006700000000B003F00100000088000000010103000A00000000A003F00100000081
:2009400088000000010103000B00000000A003F002000000880000000101030001000000DC
:2009600000A203F00100000088000000010103001F00000000D303F00900000088000000DE
:20098000010103002F00000000C203F00000000088000000010103003600000000C103F0F7
:2009A0000300000088000000010102004500000000C003F00D000000880000000101020017
:2009C0004E00000000B503F00700000088000000010102004F00000000B503F0080000008F
:2009E00088000000010102005600000000B403F00600000088000000010202006800000073
:200A000000B003F00200000088000000010202006B00000000B003F0050000008800000009
:200A2000010203000C00000000A003F00300000088000000010203000200000000A203F0E9
:200A40000200000088000000010203002100000000D303F00B000000880000000102030086
:200A60003700000000C103F00400000088000000010202004600000000C003F00E000000F3
:200A800088000000010202005000000000B403F000000000880000000103020069000000DB
:200AA00000B003F00300000088000000010302006C00000000B003F0060000008800000065
:200AC000010303000D00000000A003F00400000088000000010303000300000000A203F044
:200AE0000300000088000000010303003100000000C203F0020000008800000001030300ED
:200B00003800000000C103F00500000088000000010302004700000000B503F00000000067
:200B200088000000010403000E00000000A003F005000000880000000104030004000000EB
:200B400000A203F00400000088000000010403003200000000C203F00300000088000000FA
:200B6000010403003900000000C103F00600000088000000010403003D00000000C003F0FA
:200B80000300000088000000010402004800000000B503F001000000880000000105030041
:200BA0000F00000000A003F00600000088000000010503002800000000D203F0040000000B
:200BC00088000000010503003A00000000C103F007000000880000000105030005000000F9
:200BE00000A203F00500000088000000010502004100000000C003F0090000008800000046
:200C0000010502004900000000B503F00200000088000000010603001000000000A003F0A4
:200C20000700000088000000010603002A00000000C303F0010000008800000001060300A8
:200C40003B00000000C003F00000000088000000010602004200000000C003F00A00000016
:200C600088000000010603000600000000A203F00600000088000000010602004A00000066
:200C800000B503F00300000088000000010703001100000000A003F00800000088000000E2
:200CA000010702004300000000C003F00B00000088000000010702004B00000000B503F0A4
:200CC0000400000088000000010703000700000000A203F00700000088000000020002004E
:200CE0001200000000A003F00900000088000000020002001A00000000D303F004000000D6
:200D000088000000020002002000000000D303F00A00000088000000020003004400000086
:200D200000C003F00C00000088000000020002005E00000000B303F00300000088000000D9
:200D4000020102001B00000000D303F00500000088000000020103004500000000C003F022
:200D60000D00000088000000020102005F00000000B103F002000000880000000202020046
:200D80001C00000000D303F00600000088000000020203004600000000C003F00E000000D5
:200DA00088000000020202006000000000B103F003000000880000000203020015000000FA
:200DC00000A003F00C00000088000000020302001D00000000D303F0070000008800000073
:200DE000020303004700000000B503F00000000088000000020302006100000000B103F068
:200E00000600000088000000020402001E00000000D303F0080000008800000002040200C0
:200E20002200000000D303F00C00000088000000020403004800000000B503F0010000003C
:200E400088000000020402006200000000B103F0090000008800000002050200230000003F
:200E600000D303F00D00000088000000020503004100000000C003F0090000008800000088
:200E8000020503004900000000B503F00200000088000000020502005B00000000B303F0C3
:200EA0000000000088000000020502006300000000B103F00A0000008800000002060200FE
:200EC0006400000000B103F00B00000088000000020602002400000000D203F00000000084
:200EE00088000000020602003E00000000C003F00600000088000000020603004200000094
:200F000000C003F00A00000088000000020603004A00000000B503F0030000008800000004
:200F2000020602005C00000000B303F00100000088000000020702006500000000B103F008
:200F40000C00000088000000020702003F00000000C003F007000000880000000207030065
:200F60004000000000C003F00800000088000000020703004300000000C003F00B000000E1
:200F800088000000020703004B00000000B503F00400000088000000020702005D000000D6
:200FA00000B303F00200000088000000030003001200000000A003F00900000088000000C5
:200FC000030003001A00000000D303F00400000088000000030003002000000000D303F0B3
:200FE0000A00000088000000030003004C00000000B503F0050000008800000003000300D2
:201000004D00000000B503F00600000088000000030003005500000000B403F00500000046
:2010200088000000030003005E00000000B303F00300000088000000030103001B00000071
:2010400000D303F00500000088000000030103004E00000000B503F00700000088000000B1
:20106000030103004F00000000B503F00800000088000000030103005400000000B403F0E0
:201080000400000088000000030103005600000000B403F00600000088000000030103002B
:2010A0005F00000000B103F00200000088000000030203001C00000000D303F006000000B3
:2010C00088000000030203005000000000B403F000000000880000000302030053000000A6
:2010E00000B403F00300000088000000030203006000000000B103F0030000008800000027
:20110000030303001500000000A003F00C00000088000000030303001D00000000D303F09E
:201120000700000088000000030303005200000000B403F00200000088000000030303008B
:201140006100000000B103F00600000088000000030403001E00000000D303F00800000006
:2011600088000000030403002200000000D303F00C00000088000000030403005100000006
:2011800000B403F00100000088000000030403006200000000B103F009000000880000007E
:2011A000030503002300000000D303F00D00000088000000030503005B00000000B303F09A
:2011C0000000000088000000030503006300000000B103F00A0000008800000003060300D7
:2011E0006400000000B103F00B00000088000000030603002400000000D203F0000000005F
:2012000088000000030603003E00000000C003F00600000088000000030603005C00000053
:2012200000B303F00100000088000000030703006500000000B103F00C00000088000000D5
:20124000030703003F00000000C003F00700000088000000030703005D00000000B303F0F0
:20126000020000008800000000A003F00000000000A203F00200000000B003F00A0000000D
:2012800000B103F00B00000000B303F00D00000000B403F00E00000000B503F00F00000080
:2012A00000C003F01400000000C103F01500000000C203F01600000000C303F01700000006
:2012C00000D203F02000000000D303F021000000001C00F000C003F00C0000000000000077
:2012E000001C00F000C003F00C000000A0000000001C00F000C003F00E000000980000001E
:20130000001C00F000C003F00B00000098000000001C00F000C003F00D000000A8000000F7
:20132000001C00F00000000000C003F00800000098000000001C00F00D00000000B503F08D
:201340000000000098000000001C00F00100000000C003F00900000098000000001C00F088
:201360000200000000C003F00D00000098000000001C00F00300000000B103F00A00000056
:2013800098000000001C00F00400000000B103F00B00000098000000001C00F0050000004D
:2013A00000B103F00200000098000000001C00F00600000000C003F00A0000009800000088
:2013C000001C00F00700000000D303F00500000090000000001C00F00800000000C003F0D8
:2013E0000600000098000000001C00F00900000000C003F00300000098000000001D00F0DF
:2014000000B003F00100000000000000001D00F000B103F00300000001000000001D00F066
:2014200000B003F00100000090000000001D00F000B003F00300000098000000001D00F020
:2014400000B103F00900000098000000001D00F000B003F00200000098000000001D00F0F0
:2014600000B103F00600000098000000001D00F00000000000C003F008000000A0000000C2
:20148000001D00F00100000000C003F009000000A0000000001D00F00200000000C003F020
:2014A0000D000000A0000000001D00F00300000000B103F00A000000A0000000001D00F014
:2014C0000400000000B103F00B000000A0000000001D00F00500000000B103F00200000001
:2014E000A0000000001D00F00600000000D303F00A00000090000000001D00F007000000C5
:2015000000D303F00500000098000000001D00F00800000000B003F0040000009800000014
:20152000001D00F00900000000B003F005000000A0000000001E00F000B503F00400000093
:2015400000000000001E00F000B503F00700000001000000001E00F000C103F00200000009
:2015600002000000001E00F000C103F00300000002000000001E00F000B503F002000000EA
:2015800004000000001E00F000B303F00300000098000000001E00F000B503F0050000003D
:2015A00098000000001E00F000B503F00600000098000000001E00F000B303F0000000008B
:2015C00098000000001E00F000B303F00100000098000000001E00F000B503F0030000006D
:2015E00098000000001E00F000B503F006000000A8000000001E00F000B503F00800000031
:2016000098000000001E00F00000000000B503F00200000098000000001E00F001000000D3
:2016200000B403F00200000098000000001E00F00200000000B403F0060000009800000014
:20164000001E00F00300000000B403F00300000098000000001E00F00500000000B503F07C
:201660000100000098000000001E00F00600000000D303F00D000000A0000000001E00F03C
:201680000700000000C003F00A000000A0000000001E00F00800000000C003F00600000017
:2016A000A0000000001E00F00900000000C003F003000000A0000000001F00F000A203F079
:2016C0000500000000000000001F00F000D303F00D00000003000000001F00F000C203F05C
:2016E0000100000004000000001F00F000C103F00200000005000000001F00F000C103F058
:201700000300000005000000001F00F000C203F003000000A0000000001F00F000A203F0B6
:201720000600000098000000001F00F000B003F00600000098000000001F00F000C203F0F7
:201740000000000098000000001F00F000D303F00C00000098000000001F00F000C203F0B4
:2017600000000000A0000000001F00F000C203F001000000A0000000001F00F000A203F0C0
:201780000700000098000000001F00F000C203F00300000098000000001F00F000D303F076
:2017A0000B00000098000000001F00F00000000000A203F00400000098000000001F00F037
:2017C0000B00000000D303F00A00000098000000001F00F00C00000000C203F002000000C4
:2017E00098000000001F00F00D00000000C303F00100000098000000001F00F001000000D6
:2018000000A203F00000000098000000001F00F00100000000D303F0090000009800000024
:20182000001F00F00200000000A203F00100000098000000001F00F00200000000D303F092
:201840000800000098000000001F00F00300000000A203F00200000098000000001F00F098
:201860000400000000A203F00300000098000000001F00F00500000000A203F00800000083
:2018800090000000001F00F00600000000A003F00800000090000000001F00F00700000062
:2018A00000A003F00900000090000000001F00F00700000000D303F0070000009800000081
:2018C000001F00F00800000000B003F00500000098000000001C00F000000000001D00F098
:2018E00001000000001E00F002000000001F00F003000000040017B7D138000000000000EA
:20190000030017B7D138000000000000020017B7D13800000000000003000000F418008085
:20192000013B050017B7513912011202FF0F3F0312221402FFFFFF0F020000000F00000030
:20194000010000000F000000000000003F000000000000003F000000D5140000FF7F000092
:20196000002D3101000000F000000000000100F001000000361E0180421E01804E1E018083
:201980005A1E0180661E0180721E01807E1E01808A1E0180961E0180A21E0180AE1E01802F
:2019A000BA1E0180C61E0180D21E0180DE1E0180EA1E0180F61E0180021F01800E1F01800D
:2019C0001A1F0180261F0180321F01803E1F01804A1F0180561F0180621F01806E1F0180E7
:2019E0007A1F0180861F0180921F01809E1F0180AA1F0180B61F0180C21F0180CE1F0180C7
:201A0000DA1F0180E61F0180F21F0180FE1F01800A20018016200180222001802E200180A2
:201A20003A20018046200180522001805E2001806A20018076200180822001808E2001807E
:201A40009A200180A6200180B2200180BE200180CA200180D6200180E2200180EE2001805E
:201A6000FA20018006210180122101801E2101802A21018036210180422101804E21018037
:201A80005A21018066210180722101807E2101808A21018096210180A2210180AE21018016
:201AA000BA210180C6210180D2210180DE210180EA210180F6210180022201800E220180F4
:201AC0001A22018026220180322201803E2201804A22018056220180622201806E220180CE
:201AE0007A22018086220180922201809E220180AA220180B6220180C2220180CE220180AE
:201B0000DA220180E6220180F2220180FE2201800A23018016230180222301802E23018089
:201B20003A23018046230180522301805E2301806A23018076230180822301808E23018065
:201B40009A230180A6230180B2230180BE230180CA230180D6230180E2230180EE23018045
:201B6000FA23018006240180122401801E2401802A24018036240180422401804E2401801E
:201B80005A24018066240180722401807E2401808A24018096240180A2240180AE240180FD
:201BA000BA240180C6240180D2240180DE240180EA240180F6240180022501800E250180DB
:201BC0001A25018026250180302501803A250180442501804E2501805825018062250180DF
:201BE0006C25018076250180802501808A250180942501809E250180A8250180B22501803D
:201C0000BC250180C6250180D0250180DA250180E4250180EE250180F8250180022601809B
:201C20000C26018000000000000000000000000000401C4600401C4600401C460000C84201
:201C40000000C8420000C8420000803F0000803F0000803F0000803F0000803F0000803FF6
:201C6000CDCCCC3DCDCCCC3DCDCCCC3DBD378635BD378635BD378635BD378635BD37863513
:201C8000BD378635BD378635BD378635BD37863577CC2B3277CC2B3277CC2B3277CC2B3208
:201CA00077CC2B3277CC2B324E414E006E616E00494E4600696E66000002020202020202A2
:201CC000020203010101010202020202020202020202020202020202020440404040404051
:201CE000404040404040404040202020202020202020204040404040404088888888888874
:201D0000080808080808080808080808080808080808080840404040404090909090909043
:201D2000101010101010101010101010101010101010101040404040020000000000000061
:201D4000000000000000000000000000000000000000000000000000000000000000000083
:201D6000000000000000000000000000000000000000000000000000000000000000000063
:201D8000000000000000000000000000000000000000000000000000000000000000000043
:201DA0000000000000000000000000000000000000000000000000000020002F000D0A00BD
:201DC0002028002C20004F4B0020593D00205A3D00290D0A006D0D0A002053343D0020534D
:201DE000353D002053363D002056793D002064593D002066623D0049444C45004C4F5354C0
:201E000000202057505B00206669783D00206C61743D00206C6F6E3D002070776D3D0020C7
:201E20007370643D006465670D0A006D2F730D0A0020205374643D0020205961773D00203B
:201E40006465670D0A0020656E63323D00206D2F730D0A0020736174733D006D207961773A
:201E60003D002020446973743D0020204750533A20005041524B494E47005D206469737453
:201E80003D0052554E4E494E47002028444F4E452900202853544F50290046494E495348D5
:201EA00045440020204D6F64653A20002020506F733A20583D00202042544E3A2053333DD8
:201EC000002028524556455253452900202056656C3A2056783D00202059617744726966B3
:201EE000743D002020416363426961733A20002020456E633A20656E63313D0020204779BD
:201F0000726F426961733A20002020416E676C653A206375723D0020204D6F746F723A2054
:201F20007467743D002020576179706F696E74733A20005B53335D20576179706F696E74F4
:201F400020230020204750532D45534B463A2064583D002020494D553A207469636B732F99
:201F6000733D0020205B5041524B5D2073746174653D002028657870656374207E3130300D
:201F8000290D0A0020204750533A206672616D65732F733D002F3230202053706565644C12
:201FA000696D69743D00202831306D732070756C736573290D0A00202865787065637420BB
:201FC000616C6C2031290D0A005B53355D205370656564206C696D6974203D20005B533448
:201FE0005D205370656564206C696D6974203D20005B494E49545D2043505531207265613A
:2020000064792E0D0A002D2D2D204E415620535441545553202D2D2D0D0A002020427574E5
:20202000746F6E206C6576656C733A2053333D002D2D2D2D2D2D2D2D2D2D2D2D2D2D2D2DB7
:202040002D2D0D0A002028313D72656C656173656420303D70726573736564290D0A005BF6
:2020600053335D203E3E3E204E415649474154494F4E2053544F505045440D0A005B494E4B
:2020800049545D20494D552063616C6962726174696F6E20646F6E652E0D0A005B494E494D
:2020A000545D20494E5320667573696F6E20696E697420646F6E652E0D0A005B494E495443
:2020C0005D2057616974696E6720666F7220435055312073796E632E2E2E0D0A005B5333B1
:2020E0005D203420776179706F696E747320616C7265616479207265636F726465642E0D7C
:202100000A005B494E49545D20536572766F202B204D6F746F72202B20456E636F646572F3
:2021200020696E69742E2E2E0D0A000D0A5B574952454C4553535D205541525430205031C0
:20214000345F302F5031345F3120313135323030204F4B0D0A005B494E49545D2050495435
:202160002074696D657273204F4B20284368303D3130306D73204368313D31306D73290D70
:202180000A005B494E49545D20546F46204B616C6D616E2066696C746572204F4B20287193
:2021A0003D302E3520723D322E30290D0A005B5341464554595D20535455434B21204E6F84
:2021C000206D6F76656D656E7420666F72203330732E2053544F502E0D0A005B53335D20E0
:2021E0003E3E3E204155544F204E415649474154494F4E2053544152540D0A202057617986
:20220000706F696E74733A20005B494E49545D20494E5320667573696F6E20696E69742029
:2022200028494D553936335241202B2045534B46292E2E2E0D0A005B53365D204252414B77
:20224000452120576179706F696E747320636C65617265642C20726F7574652072657365F0
:20226000742E0D0A005B4E41565D203D3D3D20414C4C20444F4E4521205375626A656374E1
:20228000203120636F6D706C657465642E203D3D3D0D0A005B494E49545D20456E636F64FF
:2022A000657231202B20456E636F64657232202B205049542073616D706C696E67204F4B2C
:2022C0000D0A005B494E49545D20494D552063616C6962726174696E672E2E2E204B656591
:2022E000702074686520636172207374696C6C210D0A005B494E49545D2047505320696E4A
:20230000697420646F6E652E2057616974696E6720666F72204E4D4541206672616D6573B3
:202320002E2E2E0D0A005B494E49545D2047505320474E34324120696E6974206F6E205564
:2023400041525433205031355F362F5031355F3720393630302E2E2E0D0A005B53335D208F
:202360004E6F20776179706F696E7473212050726573732053332062726965666C792074FD
:202380006F207265636F72642066697273742E0D0A005B494E49545D20416E676C65206D22
:2023A0006F746F72202854494D34205030325F382F5030305F39202B2041544F4D305F43A5
:2023C00048362F43483729204F4B0D0A005B53335D204E656564203420776179706F696E3F
:2023E00074733A2073746172742C20636F6E652D696E2C20636F6E652D6F75742C206669E8
:202400006E6973682E0D0A005B4E41565D2041727269766564206174207061726B696E673A
:202420002073706F742E205374617274696E672072657665727365207061726B696E672EC6
:202440002E2E0D0A005B494E49545D204750494F20627574746F6E73204F4B202853333DDA
:202460005032305F362053343D5032305F372053353D5031315F322053363D5031315F3397
:20248000290D0A005B494E49545D20536572766F285033335F38203530487A29202B204D44
:2024A0006F746F7231285032315F322F5032315F3329202B204D6F746F7232285032315F36
:2024C000342F5032315F3529204F4B0D0A005B494E49545D2050494420636F6E74726F6C4E
:2024E0006C657273204F4B20287370656564204B703D312E30204B693D302E3035204B64C9
:202500003D302E312C207374656572204B703D3135204B643D322C206D6F746F72204B706C
:202520003D3130204B693D302E33204B643D302E382046463D3133290D0A003D3D3D3D3DFB
:202540003D3D3D3D3D3D3D3D3D3D3D3D3D3D3D3D3D3D3D3D3D3D3D3D3D3D3D3D3D3D3D3DDB
:202560003D3D3D0D0A20204B444B50205375626A6563742031202D204175746F6E6F6D6F23
:2025800075732044726976696E670D0A202045534B4620467573696F6E202B205761797040
:2025A0006F696E74204E617669676174696F6E0D0A3D3D3D3D3D3D3D3D3D3D3D3D3D3D3D87
:2025C0003D3D3D3D3D3D3D3D3D3D3D3D3D3D3D3D3D3D3D3D3D3D3D3D3D0D0A202053332009
:2025E00073686F72743A205265636F726420776179706F696E742028E68993E782B9290DB5
:202600000A20205333206C6F6E673A202053746172742F53746F70206E61762028E590AFEC
:20262000E5819CE5AFBCE888AA290D0A202053343A2053706565642075702028E58AA0E997
:20264000809F290D0A202053353A20536C6F7720646F776E2028E5878FE9809F290D0A20D1
:202660002053363A204272616B65202B2052657365742028E588B9E8BDA6E9878DE7BDAEFC
:20268000290D0A20205541525420636D643A20656E64202B20456E746572203D2073746F5D
:2026A000702028E4B8B2E58FA3E5819CE8BDA6290D0A20202020202020202020203C6E75F1
:2026C0006D6265723E202B20456E746572203D2073657420616E676C652028E4B8B2E58FB3
:2026E000A3E8AEBEE8A792E5BAA6290D0A3D3D3D3D3D3D3D3D3D3D3D3D3D3D3D3D3D3D3DB6
:202700003D3D3D3D3D3D3D3D3D3D3D3D3D3D3D3D3D3D3D3D3D0D0A006D006D2F7300415391
:2027200050443A00444953543A00475053203A004C4154203A004C4F4E203A005453504460
:202740003A005652454C3A00464958205341543A005258204E4F20464958004E4F205349DC
:20276000474E414C00475053204D4F4E49544F522020202000202020202020202020202025
:2027800020202020200020683D00206672616D65733D005B4D41475D20783D0020793D00C1
:2027A000207A3D00207961775F6D61673D006465670A000A005B4750535D207374617465D9
:2027C0003D005B5041524B5D203E3E3E20537461727420726576657273696E672E2E2E0D42
:2027E0000A005B5041524B5D203D3D3D205061726B696E6720636F6D706C65746521205319
:2028000075626A656374203120646F6E652E203D3D3D0D0A003D3D3D20576179706F696E4A
:202820007473203D3D3D0A00202023003A20280029207961773D0066696C653A2025730082
:2028400066696C653A206D646B2F2573006C696E653A202564000D0A66696C652025732061
:202860006C696E652025643A2025732E0D0A000D0A66696C65202573206C696E65202564F0
:202880002E0D0A00417373657274206572726F72004C6F67206D657373616765002E2E2F85
:2028A0006C69627261726965732F7A665F636F6D6D6F6E2F7A665F636F6D6D6F6E5F66693F
:2028C000666F2E63000000000000000000002F000000000700070000147F147F1400242ACD
:2028E0007F2A1200626408132300364955225000000503000000001C224100000041221CCD
:20290000000014083E08140008083E0808000000A0600000080808080800006060000040BB
:202920002010080402003E5149453E0000427F4000004261514946002141454B310018142B
:20294000127F10002745454539003C4A4949300001710905030036494949360006494929D4
:202960001E00003636000000005636000000081422410000141414141400004122140800DF
:20298000020151090600324959513E007C1211127C007F49494936003E41414122007F41D1
:2029A00041221C007F49494941007F09090901003E4149497A007F0808087F0000417F41C0
:2029C00000002040413F01007F08142241007F40404040007F020C027F007F0408107F0071
:2029E0003E4141413E007F09090906003E4151215E007F0919294600464949493100010145
:202A00007F0101003F4040403F001F2040201F003F4038403F006314081463000708700886
:202A20000700615149454300007F414100020408102040000041417F00000402010204007F
:202A40004040404040000001020400002054545478007F4844443800384444442000384474
:202A600044487F00385454541800087E0901020018A4A4A47C007F080404780000447D40E5
:202A800000004080847D00007F102844000000417F4000007C04180478007C080404780062
:202AA000384444443800FC242424180018242418FC007C0804040800485454542000043FAB
:202AC000444020003C4040207C001C2040201C003C4030403C004428102844001CA0A0A036
:202AE0007C004464544C441414141414140000000000000000000000000000000000000056
:202B0000F800000000000000333000000000100C06100C0600000000000000000040C0789E
:202B200040C0784000043F04043F040400007088FC08300000001820FF211E0000F008F0C1
:202B400000E018000000211C031E211E0000F00888700000001E2123241927211010160EC5
:202B600000000000000000000000000000000000E0180402000000000718204000000204D2
:202B800018E00000000040201807000000404080F0804040000202010F01020200000000B5
:202BA000F0000000000101011F01010100000000000000000080B070000000000000000060
:202BC00000000000000001010101010101000000000000000000303000000000000000008E
:202BE0000080601804006018060100000000E010080810E000000F102020100F00001010CC
:202C0000F8000000000020203F202000000070080808887000003028242221300000300856
:202C200088884830000018202020110E000000C02010F8000000070424243F240000F808D7
:202C400088880808000019212020110E0000E0108888180000000F112020110E00003808E4
:202C600008C83808000000003F000000000070880808887000001C222121221C0000E01057
:202C8000080810E0000000312222110F00000000C0C00000000000003030000000000000BF
:202CA0008000000000000080600000000000008040201008000001020408102000404040BD
:202CC0004040404000040404040404040000081020408000000020100804020100007048E9
:202CE000080808F0000000003036010000C030C828E810E0000718272423140B000000C041
:202D000038E0000000203C23020227382008F8888888700000203F202020110E00C03008BB
:202D20000808083800071820202010080008F808080810E000203F202020100F0008F8883E
:202D400088E8081000203F20202320180008F88888E8081000203F200003000000C0300867
:202D6000080838000007182020221E020008F808000008F808203F210101213F2000080848
:202D8000F8080800000020203F2020000000000808F8080800C08080807F00000008F8880D
:202DA000C028180800203F20012638200008F8080000000000203F20202020300008F8F8FE
:202DC00000F8F80800203F003F003F200008F830C00008F808203F200007183F00E0100831
:202DE000080810E0000F10202020100F0008F808080808F000203F210101010000E01008AA
:202E0000080810E0000F18242438504F0008F8888888887000203F2000030C302000708806
:202E200008080838000038202121221C00180808F8080818000000203F2000000008F8089B
:202E4000000008F808001F202020201F000878880000C83808000007380E010000F808004E
:202E6000F80008F800033C0700073C0300081868808068180820302C03032C30200838C8B8
:202E800000C83808000000203F2000000010080808C8380800203826212020180000000084
:202EA000FE020202000000007F40404000000C30C000000000000000010638C000000202D0
:202EC00002FE000000004040407F00000000000402020204000000000000000000000000A5
:202EE00000000000008080808080808080000202040000000000000000000000000000804A
:202F000080808000000019242222223F2008F8008080000000003F112020110E0000000080
:202F20008080800000000E112020201100000000808088F800000E112020103F20000080B3
:202F40008080800000001F222222221300008080F0888888180020203F2020000000008058
:202F60008080808000006B94949493600008F8008080800000203F210000203F20008098A0
:202F800098000000000020203F20200000000000809898000000C08080807F000008F8006B
:202FA0000080808000203F24022D302000000808F8000000000020203F2020000080808048
:202FC0008080808000203F20003F20003F8080008080800000203F210000203F20000080D5
:202FE0008080800000001F202020201F00808000808000000080FFA12020110E0000000014
:203000008080808000000E112020A0FF80808080008080800020203F2120000100000080F1
:2030200080808080000033242424241900008080E0808000000000001F2020000080800075
:203040000000808000001F202020103F20808080000080808000010E300806010080800034
:2030600080008080800F300C030C300F0000808000808080000020312E0E312000808080D9
:20308000000080808080818E701806010000808080808080000021302C22213000000000A2
:2030A00000807C020200000000003F404000000000FF00000000000000FF0000000002024F
:2030C0007C800000000040403F00000000000601010202040400000000000000002E2E2F96
:2030E0006C69627261726965732F7A665F636F6D6D6F6E2F7A665F636F6D6D6F6E5F6675EB
:203100006E6374696F6E2E63003078000000F1D906010300F00200FC13F1D906010300F052
:203120000300FD15F1D906010300F00400FE17F1D906010300F00600001BF1D906010300E4
:20314000F00700011DF1D906010300F00800021FF1D906010300F040003A8FF1D9060103CC
:2031600000F020001A4F524D4300474741005448530047535600F1D906421400000A050011
:203180006400000060EA0000D0070000C8000000B8EDF1D906010300F00001FB10F1D9069D
:2031A000010300F00501001AF1D906010300F00100FB11494D5539363352412061636320A3
:2031C000616E64206779726F2073656C6620636865636B206572726F722E002E2E2F6C691B
:2031E000627261726965732F7A665F6465766963652F7A665F6465766963655F696D753948
:20320000363372612E6300494D5539363352415F4143435F53414D504C455F4445464155B6
:203220004C5420736574206572726F722E00494D5539363352415F4759524F5F53414D50BA
:203240004C455F44454641554C5420736574206572726F722E00494D553936335241206DE8
:2032600061672073656C6620636865636B206572726F722E00494D5539363352415F4D4119
:20328000475F53414D504C455F44454641554C5420736574206572726F722E002E2E2F6C87
:2032A00069627261726965732F7A665F6465766963652F7A665F6465766963655F69707356
:2032C0003230302E63002E2E2F6C69627261726965732F7A665F6472697665722F7A665F1B
:2032E0006472697665725F656E636F6465722E63002E2E2F6C69627261726965732F7A661B
:203300005F6472697665722F7A665F6472697665725F70776D2E63002E2E2F6C69627261EF
:20332000726965732F7A665F6472697665722F7A665F6472697665725F7370692E63002E7C
:203340002E2F6C69627261726965732F7A665F6472697665722F7A665F6472697665725F00
:07336000756172742E630019
:1233680073646820737468A0036568CA0BC300300090DD
:203380000F05D011174580010B00D0010F00B02142218B0101110F2010006B05002000903F
:2033A0003256FF0626003B00FEFF3FF617000F6510308B0602601745802600903256FF0610
:2033C00018003B00FEFF3FF60F000F6500308B060260174580260090A2F63705C13F0F65E8
:2033E00010200090A2F682030F6500200090DA207FF60700174580360F6400200090A2F689
:2034000082020F6400300090820C822D3C130757FFCF8755BFDFCE57460546048B148040AA
:203420008B05A050CE77460746068B1680608B07A07082028203820082013A260B2700F279
:203440006E023C4F0B6430F10B7500F20B75A0F26E04024002513C453A640B7500F26E0354
:2034600082123C3F3B0004E00B6030F10B7100F20B71A0F2DE1087559FFF06116701801F90
:203480008B1FE0060248025906156745805F0614C2FE3CEB0284029506F067101F0006F1B0
:2034A000C21E82087AE86E1D87559FFF06116701801F8B1FE0060B60C0A00B71D0B007BB04
:2034C0009FFF06156745805F061406136723803F8B1FE0266E0302A002B1C2183FE8E67F50
:2034E00076C7460346028B1280208B03A030DF2D0B00071DE0FF76F7460146008B10800034
:203500008B01A01000903B00034040F440C5007074DF3B00034040C4007061000E00370AC3
:203520006800DA0A4BF011020070610006003BE0024040C4007054DFC21F74DF00706D0005
:2035400014280090FF440B00538420F0910000F8D9FF1CB010FFD4F23C02A0023C010090BB
:20356000094F4C18161F3C0182003E0E82103E0E82203E0F8240BE003B800000BE003B004E
:203580000100BE003C1282023C126D009E203C0F6D00E71F3C0C6D000B203C096D006F1F43
:2035A0003C066D00581F3C0382023C013C01009082F282003C17538020F0910000F8D9FF8B
:2035C0001CB010FFD4FF7D4F0D80538020F0910000F8D9FF1CB010FF481F370F48203C0470
:2035E000C210BF40EAFF3C010090404F40F46DFFB9FF09FFD408370F6CF0C21F4B0F41F16A
:203600004BF251203C0100906DFFD4FF53C220F060FF9140003F30F3D93F002849F2080AAC
:203620003C0100906DFFC6FF53C220F060FF9140003F30F3D9320028B0423C0100906DFF77
:20364000B9FF53C220F060FF9140003F30F3D93200283C010090494F081A3C0554FF345F1A
:20366000B015C2F4FF14FCFF02423C0100902010404F0B541088026A89A7080909FF4C18E1
:20368000161F78033C0140F46DFFB1FFC2188B4860F3370F68F074AF8B1A60F3370F68F096
:2036A000780154AF4B0F61F14BF941503BF026F19B3FA8F34BF5413082044B5251004B00E6
:2036C000716182108F461FF06E0D7B0018144B1941104B1251104B0171118F411FF06E02F0
:2036E0003C010269821882074B0061014B0241F04B0661014B0F51006B0031F582014B1FF8
:2037000001F0AE046B0031B53C056B0031F567FFBFBF4B3B01F016038B0F20F26E028214BD
:20372000822D3C39DF2D05808210821E3C0773D70A004B8011028B1000E03C234B0D61A1F9
:203740004BA241A0036D0AC04B0C61F14BFA51C06B0C31F5820A4BAF01F0AE046B0C31A54F
:203760003C056B0C31F567FFBFAF4BAB01F0370F61F16E0602AB02D8036D0A900207C21038
:203780007F0EDEFF4B3B01F016038B0F20F26E023C09C21DF647736D0AF03BF0FF007FF03F
:2037A000C3FF820440F46D00360009FFE00837097000370F0CF089FFA00809FFE2083708A7
:2037C0007000370F0CF089FFA20809F0560854AFC2FF370F68F037F004F089FF160809F092
:2037E0005708580137F004F089FF170858026E03DA013C02DA0009F0570837F081F389FF16
:20380000170840F409A40C096D00050082123C010090094F4C18374F05F0894F0C18F6494E
:203820003C01094F4F18370FE1F33C01EEFB3C093C01094F4F18370FE1F33C01DF1FFBFFBC
:203840000090494F041A3C0A145F74FFB015C2F43C010C4E161FFF1FFE7FFF14F7FF0242C7
:203860003C0100902008F4A4405DD4DFF44F40F46D00E00B820440F46DFFCDFFDA0009F0D7
:203880005A0837F002F089FF1A0809DFC80809F0D408C2FF370F70F037F00CF0ACFA09D469
:2038A0006C0840F46DFFB7FF09D4040909D54A0809D64D0809D74C0840F46DFFDAFE02281A
:2038C000820440F46DFFA7FF09DF7C086E0382103C028200087F370F01F22CF709DF5608C4
:2038E0006E03DA013C02DA0009F05B0837F001F389FF1B0809DF540809F05B0837F081F307
:2039000089FF1B0809DF510809F0590837F083F089FF190809DF530809F05B0837F001F265
:2039200089FF1B0809DF550809F05C0837F004F089FF1C0809D0580808CF370F02F32CFC00
:2039400009DF590809F0500837F002F389FF100809DF500809F0D80837F003F3ACFC09D05A
:203960005A0808DF8BF0200337006800370F04F02CFD09DF5B0809F051088BFF20F3370FDE
:2039800068F037F004F089FF110809DF520809F05A0837F002F089FF1A0809DCA809BD0C54
:2039A0007900D4CEBD0E280009C0040809C95D084CE16E2109E4840909E44808370068508B
:2039C0006D00460E09E4840909E4480802956D00710ED4E2DA016E0382103C0282000C2765
:2039E000370F81F22C27D4E20CEC0920460837F002F02C2609CE8809BD0E1E0009C00C08FD
:203A000009C95D084CE16E1709E4840909E44808370068506D001C0E09E4840909E44808C9
:203A200002956D00470ED4E20CEC0920440837F003F02C2409CE9009BD0E150009C5540826
:203A400009C95D0809E4840909E448080CECA6F56D00FE0D09E4840909E4480802956D00B2
:203A6000290E09CE9809BD0E150009C55C0809C95D0809E4840909E448080CECA6F56D0097
:203A8000E70D09E4840909E4480802956D00120E09D46C0840F46DFFBEFEDA0089FF00192F
:203AA00082FF6CFFDA00D4A22C2E09DF6D082E0CDA016E03DA013C02DA0009F0421837F020
:203AC00001F089FF021809DF6D082E1CDA016E03DA013C02DA0009F0421837F001F189FF79
:203AE000021809DF6D082E2CDA016E03DA013C02DA0009F0431837F001F189FF031809DFBE
:203B00006D082E3CDA016E03DA013C02DA0009F0431837F081F189FF031809DF6D082E4C20
:203B2000DA016E03DA013C02DA0009F0431837F001F389FF0318DA002C2DDA002C2C09DFE7
:203B40007D082C2FD20089205409DA006C240C2F82003E0482103E043C0682193C063BC056
:203B600000903C0382093C014CDC6E0C09D4B00909D4AE0802956D002423D4A489428409C8
:203B80003C0909D4AE0802956D000723D4A4894284094CDE6E0C09D4B80909D4B4080295DD
:203BA0006D000F23D4A4894288093C0909D4B40802956D00F222D4A48942880909D9660878
:203BC00009DFE208EE03DF39228040F46DFF2CFD09DFE2081420370F68F037F008F0342F79
:203BE0000C21379F82F12C210C2396022C23DA016E03DA013C02DA0009F0431837F001F23F
:203C000089FF03180C2196042C2109DFE008EE03DF39228040F46DFF14FD09DFE0081420BD
:203C2000370F68F037F008F0342F0C21379F82F12C210C2396022C23DA016E03DA013C0226
:203C4000DA0009F0431837F081F389FF03180C2196042C2109DFE4086E2140F46DFFD6FC0F
:203C600009DFE4081420370F68F037F008F0342F0C21379F82F12C210C2396022C23DA0168
:203C80006E03DA013C02DA0009F0421837F001F089FF02180C2196042C21DA016E03DA0178
:203CA0003C02DA0009F0500837F081F089FF1008DA016E0382103C02820008CF370F81F037
:203CC0002CFC09FF5008960189FF100808CF96012CFC02823C010090F445DA00894F3C080F
:203CE000DA01894F2C08DA01AC447B107EF46C41DA032C4ADA002C4CDA032C4DDA00894FBB
:203D00001008DA01894F1108DA01894F1208DA00894F1308DA00894F1608DA00894F140887
:203D2000DA07894F1508DA01894F1808DA01894F1908DA00894F1A08DA00894F1B08DA0083
:203D4000894F1C08DA00894FA208DA00894FA008DA00894FA408DA00894F2608DAFF894FC2
:203D60002D08A00FEC4AA00FEC4EA00FEC4CDA00894FAE08DA00894FB408DA00894F3D088C
:203D80000090D44F09FF760816013C016E0909FF7E08960189FF3E080C4E96012C4E09FFB9
:203DA0007608370F61F13C016E0909FF7E08960489FF3E080C4E96022C4E09FF7708370F0A
:203DC00061F13C016E0909FF7F08960489FF3F080C4E96042C4E09FF7708370FE1F13C019B
:203DE0006E0909FF7F08960889FF3F080C4E96082C4E09FF7708370F61F33C016E0909FF01
:203E00007F08964089FF3F080C4E96102C4E0090404F6D007D20022F02F46D00791F821015
:203E200074F002F46D0094203C0114FF370FE1F0BA0F3C01DF1FFB7F0090404F6D0068200E
:203E4000022F02F46D00641F14F0B700010034F002F46D007D203C0114FF370FE1F0BA0F3B
:203E60003C016EFB0090FF240B00538420F0910000F8D9FF20D010FFD4F23C02A0023C01B4
:203E8000009082F282003C17538020F0910000F8D9FF20D010FFD4FF7D4F0D80538020F0F7
:203EA000910000F8D9FF20D010FF481F370F48203C04C210BF20EAFF3C01009002486DFF30
:203EC000E2FF914000FFD9FF6008530221F010FF534820F010F23C0100907643DF140980CD
:203EE000094F6C28375F02F0894F2C283C42DF240400DF340980094F6C28375F02F1894FB4
:203F00002C283C37DF440400DF540980094F6C28375F02F2894F2C283C2CDA0C7E48094FE9
:203F20006C28375F02F3894F2C283C23DA0A3E43DA0D7E48094F6D28375F02F0894F2D2823
:203F40003C18DF640400DF740980094F6D28375F02F1894F2D283C0DDA083E43DA097E48F2
:203F6000094F6D28375F02F2894F2D283C0200A00090404F0B451088026A6D00A61B022BF1
:203F80004B8B51406D000D22022082033C0782224B200102F6023C05C213DA103FF3F9FF00
:203FA000DA107FF34B8076A682204B0911029AF03C029AF9370F700009F1E4083701100076
:203FC00089F0A408DA018200820137F101133701011789F138198F7300F18200538020100D
:203FE00082700F10000009F2301982F4C64026020F1F00F0A6F289F230198F8300F18B0FB1
:2040000020F26E0DDA00538F20F0C23F82100FF0000009FF3019A60F89FF301909FF70184E
:2040200037AF81F389FF3018DA010F3F00F04B0F61F14BFB51203C0282023C010090094002
:2040400054080C5C8B4FA0F237F001F3894F1408094051080C5C37F002F3894F110800907A
:20406000404F024F02586D00301B02294BF951406D009721022082033C0782224B2001022D
:20408000F6023C05C213DA103FF3F9FFDA107FF33F80C2F83708700009F1D418370110004C
:2040A00089F09418820082118202370201233712012789F238198F7300F182105380201020
:2040C00082700F10000009F2301982F4C64026020F1F00F0A6F289F230198F8300F18B0FD0
:2040E00020F26E0DDA01538F20F0C23F82100FF0000009FF3019A60F89FF3019DA010F3FD4
:2041000000F04B0F61F14BF951203C0282023C010090094054080C5C8B4FA0F237F081F3AB
:20412000894F1408094054080C5C37F002F0894F14080090404D405FC86C89DC900914CFA0
:20414000370FE1F0BA0F3C01EE0440C46DFF77FE09FF5C081E1409FF5D086E5CDA01821029
:204160000FF000004CC1260F6E03DA013C02DA003C01EE08DA0182100FF000004CC1A60F39
:204180006CC109FF69086E2248BF6E05C864C8B56DFFC1FFDA0109F07008532F2010C221B9
:2041A00082320F1200204CC582F3C632262F0F100000A60F6CC5483F370F70F009C0D41850
:2041C00037F010F089CF94183C064824483540C46DFF48FF09FFF80809C0D01837F010F0F2
:2041E00089CF901809FF5D186E1409FF5D08EE1109FF7A0809C0741837F003F189CF3418B6
:2042000009FF7B0809C0741837F082F289CF34183C0109FF5C086E0709FF5D18EE0409FFEA
:204220005D086E644818820182100F1000004CC126F07603DA013C02DA003C01EE0882006F
:2042400082110F0100104CC1A61F6CC109FF5D186E0B09FF5D08EE08484F6E0609FF7A08BE
:204260005E5248483C0109FF60086E31489F6E05C864C8956DFFE5FEDA0009F06808532FBB
:2042800020F09221DA030F1F00204CC582F3C632262F0F100000A60F6CC509FF740809C00B
:2042A000701837F081F389CF301809FF74085E16DA024BF811028BF01F80370870F009C08F
:2042C000E40837F010F089CFA4083C0854F409F6740840C402856DFF4EFE09FFF60809C0AE
:2042E000E00837F010F089CFA00809FEA019BD0E2300D4ECBCCF09EF080809C4840909C487
:204300004808370F68506D00A309D4C440C56DFF98FE09EC8409BCCF09EF080809C4840928
:2043200009C44808370F68506D009209D4C440C56DFFF1FE09FFFE086E2CC86209F07C0813
:20434000DA010F0F00F009203029A6F089203029C86409F47C0809F57D086DFFC0FDC864D5
:2043600009F47D086DFFACFD09F0401809FFFE081421370F68F037F108F0342F0C21370F7E
:2043800082F12C210C2396022C230C2196042C2109FFC4186E2CC86209F04218DA010F0F3F
:2043A00000F009203029A6F089203029C86409F4421809F543186DFF92FDC86409F4431898
:2043C0006DFF7EFD09F0461809FFC4181421370F68F037F108F0342F0C21370F82F12C2132
:2043E0000C2396022C230C2196042C2109FFCA186E2CC86209F04818DA010F0F00F009207A
:204400003029A6F089203029C86409F4481809F549186DFF64FDC86409F449186DFF50FDB3
:2044200009F04C1809FFCA181421370F68F037F108F0342F0C21370F82F12C210C239602E5
:204440002C230C2196042C2109FFD0186E2CC86209F04E18DA010F0F00F009203029A6F0E5
:2044600089203029C86409F44E1809F54F186DFF36FDC86409F44F186DFF22FD09F0521829
:2044800009FFD0181421370F68F037F108F0342F0C21370F82F12C210C2396022C230C2160
:2044A00096042C2109FF5C0889DF140849FF141A49D2180AA02444FF642FFC4E0090206876
:2044C000910000F8D9FF3CB049FF000A49A2000AC506180044FF642FFC6E49AF000A494298
:2044E000000AC506180044FF642FFC6E894598090090404F09FF5408DF1F3780C842DA0004
:204500008210820137F10113370101178921381909FF6108EE28487F6E1BC842821009FF84
:204520006008532020008B80001082300F1000000922341982F3C63026020F1F00F0A6F2D3
:2045400089223419C844C8756DFFE5FD3C0BC842DA008210820137F181103701811489215C
:2045600038193C013C0109FF54086E0409FF61086E32C842DA018200820137F1011337012B
:20458000011789213819486F6E1BC842820009FF6008532020008B80001082300F1000004D
:2045A0000922341982F3C63026020F1F00F0A6F289223419C844C8656DFF43FD3C0BC84FFF
:2045C000DA018200820137F181103701811489F138193C010090404F40F46D002F008250AC
:2045E0004DC0E1FF16073C013E289110003030F3D933C04F54313C034D00D01F3701E2F0F5
:204600005E1382003C173701E2F0EE13534220F060FF9130003F30F3D93F1436081F16077C
:204620005E1382103C05081F16075E3282203C02825002023C010090822282003C17538093
:2046400020F0910000F8D9FF30D010FFD4FF7D4F0D80538020F0910000F8D9FF30D010FF5B
:20466000481F370F68203C04C210BF20EAFF3C010090404F024F40F46DFFE0FF02286E0364
:204680001E325E4382093C0282195E23821A3C02820ADF1949804DC0E1FF16073C015F8FE8
:2046A00028006D00491C022802846D00591B913000CFD9CC143640F46DFFC0FF534220F0EC
:2046C00010C2142F37AF02F0342F02846D00671C9110003030F3D933C04F543FB72F82F01A
:2046E0009110003030F3D933C04F743F3C1C6D000F1C022B02B46D000B1B913000FFD9FFFA
:204700001436534820F010FF9130002FD9221436534820F01022142F37AF02F034FF02B47F
:204720006D00161C02923C01009082124DC0E1FF16073C01FF2F0B80538F20F0910000F86A
:20474000D9FF30D010FFD4FF3C02A00F3C017DF4048082023C109110003030434933088A5E
:20476000543F06F4374F9FF09110003030434933088A743F3C010090404FDA0140F46DFFBB
:20478000D6FF262F40F46DFF28FFF626821440F46DFF71FF262F02F23C010090913000FF90
:2047A000D9FF004654FF370F6EF18FFF83813C01911000A7D9AA408F0D0080043B0098F026
:2047C000CD4FE00F0D00C0044D00E0FFB70F14F0CD0FE00F0D00C00482117617DA009601DA
:2047E000CD4F20090D00C0044DC0E1FF8F7F00213C01913000FFD9FF004653C220F010FF38
:2048000054F037006E018FF083313C01913000FFD9FF004653C220F010FF54FF2E1B8F23DE
:2048200020F0960154F0370070088F002100A6F074F08F2320F0960254F0370070088F0058
:204840002100A60F74FF3C0154FF1601DF1FFE7FDA00761382003C028210370F81F0CDCFE5
:2048600020090D00C004913000FFD9FF004653C220F010FF54FF2E1B8F2320F0960154F0F3
:20488000370070088F002100A60F74FF86238F3340F154F0370070088F002100A60F74FF2A
:2048A0003C0154FF6F0FFF7F0D00C00482114DC0E1FF8F7F00213C01913000FFD9FF0046D1
:2048C00053C220F010FF54F037006E018FF083313C01913000FFD9FF004653C220F010FF38
:2048E00054FF2E1B8F2320F0960154F0370070088F002100A6F074F08F2320F0960254F088
:20490000370070088F002100A60F74FF3C0154FF1601DF1FFE7FDA00761382003C02821039
:20492000370F81F0CD0F04090D00C004913000FFD9FF004653C220F010FF54FF2E1B8F23A6
:2049400020F0960154F0370070088F002100A60F74FF86238F3340F154F0370070088F00C7
:204960002100A60F74FF3C0154FF6F0FFF7F0D00C004913000FFD9FF004654FF2E1B8F2860
:2049800020F0960154F0370070088F002100A60F74FF8F2820F0960254F0370070088F00C4
:2049A0002100A60F74FF3C0154FF1601DF1FFE7F910000F8D9FF004080FFCD4FE20F0D0052
:2049C000C00491F000F8D9FF000480FFCD0FE20F0D00C004911000F7D9FF80CF80FFCD8F07
:2049E000E20F0D00C004913000FFD9FF004654FF2E1B8F2820F0960154F0370070088F009B
:204A00002100A60F74FF8F2820F0960354F0370070088F002100A60F74FF3C0154FF6F0F14
:204A2000FF7F91000000D900000091000010D911000091000080D988000091000090D999FE
:204A40000000911000F7D9FFC00F91100027D922C001A004802080FFA2F0DA404BF0114296
:204A600082003C1E80FFB70F1CF08F4F1F1080FFBBF0FF2F0662262F06AFA6F1F606CD8151
:204A8000E30F0D00C0043C0274419AD47E05CDC1E30F0D00C00440F449FF001AC2103F4037
:204AA000E3FFDA00744F6D00471A022F02846D00861902F46D00C7196DFF43F56D003C1A3C
:204AC000913000FF19FF30366F1F12008F2220F09601913000FF19F03036370070088F0033
:204AE0002100A60F913000FF59FF303686228F2240F1913000FF19F03036370070088F006B
:204B00002100A60F913000FF59FF30363C01913000FF19FF30361601DF1FFB7FDA0091309C
:204B200000FF59FF181691000048D94498416D004A169130884F910000F8D9FF90D480F483
:204B40006DFF1CFE911000F8D9FF2C3ADC0F0090913000FFD9FF0C4654FF370F6EF18FFF0D
:204B600083113C01912000A6D9AA408B0D0080043B0098F0CD4FE00F0D00C0044D00E0FF63
:204B8000B70F14F0CD0FE00F0D00C00482127627DA009601CD4F20090D00C0044DC0E1FF0A
:204BA0008F7F00313C01913000FFD9FF004653C320F010FF54F037006E018FF083413C01FC
:204BC000913000FFD9FF004653C320F010FF54FF2E1B8F2420F0960154F0370070088F004A
:204BE0002100A6F074F08F2420F0960254F0370070088F002100A60F74FF3C0154FF1601CD
:204C0000DF1FFE7FDA00762382003C028210370F81F0CDCF20090D00C004913000FFD9FF6F
:204C2000004653C320F010FF54FF2E1B8F2420F0960154F0370070088F002100A60F74FF38
:204C400086248F3440F154F0370070088F002100A60F74FF3C0154FF6F0FFF7F0D00C0048E
:204C600082124DC0E1FF8F7F00313C01913000FFD9FF004653C320F010FF54F037006E013A
:204C80008FF083413C01913000FFD9FF004653C320F010FF54FF2E1B8F2420F0960154F047
:204CA000370070088F002100A6F074F08F2420F0960254F0370070088F002100A60F74FF75
:204CC0003C0154FF1601DF1FFE7FDA00762382003C028210370F81F0CD0F04090D00C0047C
:204CE000913000FFD9FF004653C320F010FF54FF2E1B8F2420F0960154F0370070088F0029
:204D00002100A60F74FF86248F3440F154F0370070088F002100A60F74FF3C0154FF6F0FD3
:204D2000FF7F0D00C004913000FFD9FF0C4654FF2E1B8F2120F0960154F0370070088F00C5
:204D40002100A60F74FF8F2120F0960254F0370070088F002100A60F74FF3C0154FF160140
:204D6000DF1FFE7F91F000F8D9FF000680FFCD4FE20F0D00C00491F000F8D9FF000480FF30
:204D8000CD0FE20F0D00C004912000F6D9FF80CB80FFCD8FE20F0D00C004913000FFD9FF76
:204DA0000C4654FF2E1B8F2120F0960154F0370070088F002100A60F74FF86218F3140F14B
:204DC00054F0370070088F002100A60F74FF3C0154FF6F0FFF7F91000000D9000000910081
:204DE0000010D911000091000080D988000091000090D9990000912000F6D9FFC00B9120B9
:204E00000026D922C00DA004802080FFA2F0DA404BF0114282003C1E80FFB70F1CF08F4F9C
:204E20001F1080FFBBF0FF2F0662262F06AFA6F1F606CD81E30F0D00C0043C0274419AD474
:204E40007E05CDC1E30F0D00C00440F449FF001AC2103F40E3FFDA00744F911000F8D9FFA7
:204E60003E7BDC0F0090DA000950DA08370F0EF009505C08370F03F809505D08370F81F929
:204E800009505E08370F01FA09505F08370F83FA09506108370F01FE09506008370F03FC82
:204EA0006C45820109506408370103100950650837018111095066083701041409506B083B
:204EC0003701011A09506708370103120950680837018113095069083701041609506C08EC
:204EE0003701811A09506A083701041809506D083701011B09506E083701011C09506F08AA
:204F00003701811C095F70086E0382203C028200095F71086E03DA013C02DA00A6F03701F6
:204F2000021D095F720837F1041E095F730837F1811B89411009095F06096C42095F0A09FC
:204F40006C43095F16096C41095F1209744F095F6A086E0A095F6A081E17095F6A081E24AB
:204F6000095F0E096C460090F4450090404F405CD4C2D42DF4FD09CF04082CF409CF04080C
:204F8000530F22F010D2D9220002E822C82440C56DFF6BFF820009CF63086E05DA0137F0B3
:204FA00001083C04DA0137F0810809FF0408534F20F010D25920C08109CFF4086E22D4F291
:204FC00009FF0408BC21534F20F060FF9140003F30F3D93F40483C0109C0760809CFF408A4
:204FE00014F1370F68F037F108F034FF081F370F82F12CF1083F96022CF3081F96042CF1E2
:2050000000902038910000F8D9FF00E049FF000A49A2000AA0D644FF642FFC6E49AF000A68
:205020004942000AA0D644FF642FFC6EF4450090404F6D006D17022F02F46D00691614F0C5
:20504000B700010034F002F46D0082170090404C025809C488090CCC3704685002F46D0076
:20506000F70209C4880909C44C0802856D0022030CC482203E0B8230BE018240BE0782501A
:20508000BE0D82605F0F23003C29D4CF09C05008084F370F81F02CF43C22D4CF09C0500859
:2050A000084F370F02F22CF43C1AD4CF09C05008085F370F02F02CF53C12D4CF09C0500853
:2050C000085F370F81F12CF53C0AD4CF09C05008085F370F81F22CF53C023C010090404CAE
:2050E000025809C488090CCC3704685002F46D00AF0209C4880909C44C0802856D00DA02CA
:205100000CC482203E0B8230BE018240BE078250BE0D82605F0F23003C29D4CF09C05008A3
:20512000084F370F01F02CF43C22D4CF09C05008084F370F02F12CF43C1AD4CF09C05008D5
:20514000084F370F02F32CF43C12D4CF09C05008085F370F01F12CF53C0AD4CF09C05008C1
:20516000085F370F01F22CF53C023C010090404F6D00CE16022F02F46D00CA1591A00030AF
:2051800030F3D933C04F5430B700010091A0003030F3D933C04F743002F46D00D916009070
:2051A0006D007B12913000FF39FF3506370F64F24B0F41F14BF251203C013C0100903704A7
:2051C0006800DA084BF00102DA0203F10AF6370F68F0DF15068082220FF210203C048212B6
:2051E0000FF210203C010090404F026F82066DFFE8FF6E04681268223C0268120090404F89
:20520000026F82066DFFDDFF6E04684268523C0268420090404F3B0001606DFFD2FF74F231
:205220000090404F024F0269820602F46DFFC9FF02283B0001600BF910486DFFC2FF8F0201
:2052400001F0A6F868680090DA01744F0090804F53042800420F60FF3C0148423C0100909F
:20526000BC41DA024BF50102534020F053042100600F9140003F30F3D93FC06910F23C01D5
:205280000090804F53042800420F60FF3C0168550090804F53042800420F60FF3C0168351E
:2052A0000090804F53042800420F60FF3C0168450090804F53042800420F60FF3C0168251E
:2052C0000090804F53042800420F60FF3C01481F375F02F06CF10090804F53042800420F88
:2052E00060FF3C014890DA006CF948BF375F02F06CFB68907663DA013C02DA0037F001F029
:20530000767382103C028200370F81F06CF90090804F53042800420F60FF3C01DF150480F3
:2053200082103C028200481F370F81F56CF10090404C405F8218D4F2F4C2084F2CC4084F2C
:205340003B008000E20FD4F21022911000303023D93D000D89CD880909FF05082CC549DE4E
:20536000001A89CE8C0909FF52085E1709F40508821540E46DFF50FF09F405088215821697
:2053800040E46DFF50FF09F4050809F5500840D46DFFC0FF09F40508086540D46DFF93FF06
:2053A000487F6E08C87409F4600809F561086D00240109FF54081E1509FF5508DF1F278075
:2053C00009F4050809F5560809F6540809F7550840D46DFF83FFD4F4084409F505086DFF22
:2053E00041FF09F0570809FFD8081421370F68F037F108F0342F0C21370F82F12C210C2375
:2054000096022C230C2196042C2109FF52085E1E09F40508482540D46DFF4DFF09F4050866
:20542000483540D46DFF37FF3C0D09F40508482540D46DFF38FF09F40508483540D46DFFBB
:2054400022FF09F405088215820640E46DFFCEFE09F405088215820640E46DFFD2FE09FF15
:2054600053085E1509C48C096DFFF0FE02823C010090F445DA002C44DA002C45DA146C42E7
:20548000DA0A6C43DA01894F1008DA022C46DA00894F1108DA00894F1208DA01894F1308FB
:2054A000DA00894F1408DA00894F1508DA02894F1608DA00894F1708DA00AC4CA00FEC47F8
:2054C000DA80894F2008DA00894F21080090404F024FC83409F40508821502F66DFF86FEA2
:2054E000C83409F40508821502F66DFF8AFEC8346DFFACFE0090404F024FC83409F405089B
:20550000820502F66DFF72FEC83409F40508820502F66DFF76FEC8346DFF98FE00905944A0
:2055200000C00090194F08C0370F78F04B0F41F1194004C0370078004B0041014B0F51F0BD
:205540006D0006004BF241203C0100906DFF2AFE3C010090404F0B54108840F46DFFE4FF03
:205560004B8251007B00F8136B0131004B0071814B0861116B0131007B00F0134B1001F081
:20558000370F61F16E02C2186D00C214022A02A46D00BE13DA00BE90DA013E9EDA023E9C41
:2055A000DA033E9ADA043E98DA053E96DA06BE91DA07BE963C1C534920F010F2534920F0B9
:2055C00010FF19FF0CC0378F18F0592F0CC03C1019FF24C0378F18F059FF24C03C0919FF07
:2055E00028C0378F18F059FF28C03C023C0102A46D00AE140090404F0258481F8FCF1F0008
:20560000481F160F532F2020082F0F2F001082330F23003091A0012FD922F04F534020F062
:205620001022542F82F0C630260F2631A61F742FC82408CF09F55008A64502F46D000800EA
:20564000C82408C402856D0035000090404F0B4510A849FC100A82404B0A01828F3A00F18F
:20566000538F20C09140002FD922000E7D2F15806D004E14022F02F46D004A1309F020192C
:2056800082110FA1101082F2C621261089F0201902F46D005D14534820F010CFDAFF0FCF4F
:2056A00000F00FCB10B002F302B249F240080090404F0B4510886D002B14022A02A46D0042
:2056C000271349FF001ADA084BF801028F7800F1534F2040534020F010FFDA0F0F4F00F023
:2056E0000F49109002F3029249F2400802A46D002F1400902020404CDA084BF401826D00E3
:20570000F20E534920F010A2534920F010CF488F742F09CF500816FFC21F4B0F41F14BF237
:205720005100534920F010AF14FF163FC21F4B0F41F14BF05100534920F010AF14FF370F88
:2057400062F39211534920F010AF081F160342F1534920F010AF081F370F62F142F14B01C9
:2057600041F14BF051203C01009020080248405F3705E8FB8B0F20F26E01820949A6000AAF
:20578000028440F56D003900DA0037F9019014AF37F983900CA137F903920CA237F98393A1
:2057A0000CA337F903950CA437F983960CA537F90398081FAE63DA003C02DA0137F9819988
:2057C000DA0037F9019A14FFAE53DA003C02DA0137F9819ADA0037F9019B09FFC008370F16
:2057E00066F3C2FF370F70F037F9859B3789049E02923C010090406C82088209DA084BF4F4
:205800000122094F500816FF9210534320F0104F09FF6008163FC21FE2F0534320F0104F7C
:2058200009FF6008370F62F39211534320F0104F09FF6108160342F1534320F0104F09FFEB
:205840006108370F62F142F173100AA0B025405D820B3C4E534B20F010DF54FFE2AF4B0F82
:2058600061F17B0000044B0F51C0820D820E3C328210532E20F00FF010004B0041F14BFC69
:2058800051F07B00F0036B00214F6D005C15FF922180532E20F00FF210F04B0F41F14BCF36
:2058A00001F016068B0F20F26E09C2F28B0240F3370F689002E8821D3C0FFF820B809A127A
:2058C000C2FF8B0F40F3370F689002E8821D3C04C21EBF8ECFFFF6D382798278532B20F0EC
:2058E00010CF2819532B20F010CF34F8C21BBF3BB3FF0090404C405F7641820854CF6E01D8
:205900006D00F10D3C0109CF500816FFC21F4B0F41F14BF251F03C017B00F8034BF0513040
:2059200048103B800040821502463700E81BBA016E037B00F8037B00F8134B0151703B008B
:2059400040929B499794024A3C4D4B0A41014B0341004B0751107B00F0236B0221114B013F
:2059600031B1DA407FBF05003B0004B03C0973AB0A10FF410400822B3C034EB2821B4B0B59
:2059800041114B1041006B07311082024B2101F0AE046B0731003C056B0731F067FFBF0F28
:2059A0004B9001F06F2F1E804B9001F0AE264B9001F0AE036F060580020902A602B56F06E9
:2059C0001180DA004BF001F0AE27DA004BF001F0370F61F06E03DA003C02DA016E023C04AA
:2059E000C2FAFF2AB47F3F5409006F0607006F050580025F026502F6DA024BF601229AD212
:205A0000370F4800C2F5370568F037F80680DA024BF601421A52C2FF370F68F037F8028319
:205A20008E03020F3C02DA0037F802858E0382323C01370268F037F80284088FAE43DA01CB
:205A40003C02DA0037F80186088FAE33DA003C02DA0137F88186089F370FE1F237F8018760
:205A600002823C0100900248BC416D003C0DDA004BF801F0AE217B0008F44BF841F04BF2D3
:205A800051004B0031F14B0F41F16B0F31F07B00F0134B1F01F0AE244B0031F13C044B007E
:205AA00031F1C21F8B1F40134B0161F14BF251F06B0F31F882004B0F01F0AE084B0161F106
:205AC0004BF251F06B0F31583C094B0161F14BF251F06B0F31F867FFBF5F82463C2C4B063C
:205AE00061F14BF841F04BF251F07B00F0036B0021FF4B0F710173600AF04B0F61F14BF2E7
:205B000051306B0331F882044B4F01F0AE046B0331383C056B0331F867FFBF3F4B5301F008
:205B2000AE247603023502013705E8FB6E02F6023C06C2163B801FF07F6FD3FFC2F18B0176
:205B400040233C010090FF440B00538420F0910000F8D9FF943110FFD4F23C02A0023C01C8
:205B6000009082F282003C17538020F0910000F8D9FF943110FFD4FF7D4F0D80538020F025
:205B8000910000F8D9FF943110FF481F370F48203C04C210BF40EAFF3C010090494F102A22
:205BA0003C0554FFB45FB025C2F4FF14FC7F0090494F102A3C0554FF745FB045C2F4FF149E
:205BC000FC7F0090494F102A3C0554FF345FB015C2F4FF14FC7F0090DA010F4F10F0370FA9
:205BE00070F009410819765737017008A6F0370110183C083701700882F2C6F226203701C9
:205C00001018766737017000A6F0370110103C083701700082F2C62F26F03701101089415C
:205C200008190090DA084BF40102534120F0104F49FF241A3C06095FC00874FFB025C2F595
:205C4000FF15FB7F0090DA084BF40102534120F0104F49FF241A3C05545F74FFB045C2F566
:205C6000FF15FC7F0090DA084BF40102534120F0104F49FF241A3C05145F74FFB015C2F5B5
:205C8000FF15FC7F0090094F4518EE047B1000F03C02DA01CC4D094078080F0F10F06CF14D
:205CA0000090094288093C010090094F4518EE03DA013C037B1000F0CC4D094078080F0F70
:205CC00010F06CF10090404F405C406D0248D4FE40E46D008F050229DF093680ECE2084FD0
:205CE00096012CF4E84CA8A8821089F00718E86DA8E848FF6E05C8F240F42D02000009FF7B
:205D000049181E1409FF49185E3540F46D0047093C1A09FF4918DE4209E2A80909E4A809EA
:205D2000094FD818C2F837087000370F10F0892F981840F46D0033093C06C8AF09E48809F0
:205D40002D0F000002923C01009082020C44AE04D44F481F6E0282123C0100902010404C09
:205D6000405DD4D2D42FF802C8AFF801D4DFF4CF0CC4B70F01F02CC409DF640889CF0818BA
:205D800009DF650889CF091809DF260989CF0C1909DF2A0989CF10190CD8370F61F1D801B0
:205DA00009F0510837F0010389F0110849DF1C0AF4AF5E1754FFEE05DA0089CF04183C0797
:205DC000CCD7481F370F68F089CF041809C04418DA084BF00182534920F009A48409104F9D
:205DE000029440D56DFF88FD022F6CF809C4441849D5080A4CD109A4840902F56DFFB7FCAC
:205E0000022F6CCC821009CF44180FF000008F0001100CD9AE43DA003C02DA0109C44418C2
:205E20000F4F10F0D80149FF081A8F000140A640A6F10203021249F2400809CF7308370F3F
:205E400064F28F7F004109A484096DFF55FC4B0231F189CF0A09D4AF54FFEE07A00FECCF97
:205E6000A00F89CF80193C46D4FF09F2C80989C2F4090CD9370F61F289CF05180CD86F1FB4
:205E80002280910000F8D9FFC625ECCF910000F8D9FFEA2589CF801940C46DFF08FFD4AFFE
:205EA000D4FF09D5600809DA6108DA80C82408C4A6F56DFFCDFBC82408C402A56DFFFAFBDC
:205EC0003C19A00FECCFA00F89CF8019D4A2D42F09D5600809DA6108D422092F5008C824E6
:205EE00008C4A6F56DFFB4FBC82408C402A56DFFE1FB09DFC808370F66F389CF061891001B
:205F000000F8D9FFB426ECCA910000F8D9FF8206ECCBD80209FF46186E119110002F09F0F9
:205F20000518534920F0D80110FF49FF241A530022F0102280FF592F0C0282023C0100902D
:205F4000404C40C46D006211A00FECC7DA8089CF2008DA0089CF2108A00FECC7DA0089CFA6
:205F60002008DA0089CF2408DA0289CF250882FF89CF2609DA0089CF2A0900902040404C51
:205F8000405DCCD5F80F6D00C30F022802846D00BF0E14FFB70F01F034FF09DF58086E03DD
:205FA000DA003C02DA0114F037F081F134FF02846D00CE0F820809D4100909A4BC096DFFF0
:205FC00054FD370268F037F80880DA0F37F80485DA0037F8828C09DF59086E03DA013C029D
:205FE000DA0037F8818DDA0137F8048E68484CD489CF0819820009DFC6086E043BF01FF0C1
:206000003C02DA0037F00900820109DFC408EE0409DF66086E02821137108104820109DF7F
:20602000C208EE0409DF66086E0282113710010509DF5B0837F0020809DF5C0837F0020904
:2060400009DF680837F0020D09DF690837F0020E685009DEA009BD0E3B00D4EFBCFF0CE466
:2060600009E85508C814088408C5A6F56DFFF0FAC814088402856DFF1DFBCCE2BCFF0CECD8
:2060800009E85508C814088408C5A6F56DFFE0FAC814088402856DFF0DFBCCE4BD0F1800A5
:2060A00009EF140809E85508C8140884370F68506DFFCEFAC814088402856DFFFBFAD4F2CE
:2060C000D4F40C4408C0370F03F02C24D80FECCAF4CCDA006CC1A00FECC2910000F8D9FF35
:2060E000C635ECC5910000F8D9FFCA55ECC609DF66086E0C910000F8D9FF6C26ECC79100BB
:2061000000F8D9FF6006ECC83C0B910000F8D9FF56F6ECC7910000F8D9FF7CE6ECC89100E6
:2061200000F8D9FF5EA6ECC909DF6608DF0F8C00DA0189CF061849A4000A9110005F6DFF52
:2061400015F749A4040A49A5000A6DFF5CF709DF250889CF051809CF05182CA8DA0089AF1C
:206160002708DA0189AF3408DA0089AF0A09DA0089AF2A08DA0089AF2F08DA00ACAFDA00E0
:2061800089AF2308D80F49FF241A80FF89AF0E09DA0089AF2D08DA0189AF3008DA0089AFBD
:2061A0002108DA0089AF2208DA0089AF20080CD889AF3A0809DFC40889AFB80849C4380AE7
:2061C00049A5040A6DFFD4F609DF240889CF041809CF04182CA8DA0089AF2708DA0189AFE9
:2061E0003408D80F49FF102A80FF89AF0A09DA0089AF2A08DA0189AF2F08DA0089AF0E0979
:20620000DA0089AF2D08DA0089AF3008DA00ACAFDA0089AF2108DA0089AF2208DA0089AF2F
:206220002308DA0089AF20080CD889AF3A0809DFC20889AFB80849C42C0A49A5040A6DFF46
:2062400097F63C04DA0089CF0618BBF0FFFFD80F89FF141909CF46186E4509A4BC096DFF15
:2062600082FC914000FFD9FF1068538221F010FF3C01823009DF2508370F70F014F1370F96
:2062800068F037F108F034FF081F370F82F12CF1083F96022CF3081F96042CF109A4BC0908
:2062A0006DFF61FC914000FFD9FF1068538221F010FFB04F3C01823009DF2408370F70F058
:2062C00014F1370F68F037F108F034FF081F370F82F12CF1083F96022CF3081F96042CF1EF
:2062E0003C6D09DFC4086E2109A4BC096DFF3BFC914000FFD9FF1068538221F010FF3C014B
:2063000009D0480809DFC40814F1370F68F037F108F034FF081F370F82F12CF1083F9602CE
:206320002CF3081F96042CF109DFC2086E2209A4BC096DFF18FC914000FFD9FF1068538237
:2063400021F010FFB04F3C0109D0480809DFC20814F1370F68F037F108F034FF081F370FA3
:2063600082F12CF1083F96022CF3081F96042CF109DFC6086E2309A4BC096DFFF4FB9140CC
:2063800000FFD9FF1068538221F010FF49FF080A3C0109D0480809DFC60814F1370F68F0A0
:2063A00037F108F034FF081F370F82F12CF1083F96022CF3081F96042CF1D80F09FF530867
:2063C000960189FF13080090404F405C40F46D00690FE85CDA0089FF1808DA0089FF190866
:2063E000DA0089FF1A08DA0089FF1B08DA0089FF1C08DA0089FF2808DA0089FF2908A00247
:20640000E88282FF89FF240882FF89FF2508DA0089FF2608BB00C2FB9BEFC3F46CF400906E
:20642000911000CF094804186DFF3DFC402F530822F010C2392F1E02370F61F18B0F200250
:20644000DF100D80530822F010C2530822F010C4394F1F029604E92F1F023C01DF00110097
:2064600009FF00196E0609F2801940F42D020000084FB70F01F02CF4D4F46D001A025308B6
:2064800022F010CF39FF1E02370FE1F18B0F20F25E1C530822F010CF530822F010C2392F82
:2064A0001F029604E9FF1F023C010090404C40C46DFFF9FB402F9110005F09C1051809C636
:2064C000A80949F7100A530122F01052392F1E02370FE1F18B0F2002DF100D80530122F0AB
:2064E0001052530122F01054394F1F029604E92F1F023C01DF001A00530122F0105F39FFB1
:206500001E02370F61F18B0F20F25E1C530122F0105F530122F01052392F1F029604E9FFF5
:206520001F023C011D00BC0009FF49181E1509FF4918DF3F2580530122F0105F39FF1E022F
:20654000370F61F18B0F20F25E1C530122F0105F530122F01052392F1F029604E9FF1F02B4
:206560003C01534120F0105F534120F01052392FC2819602E9FFC2811D00920009FF49183F
:20658000DF4F2480530122F0105F39FF1E02370F61F18B0F20F25E1C530122F0105F530115
:2065A00022F01052392F1F029604E9FF1F023C01534120F0105F534120F01052392FC2813A
:2065C0009602E9FFC2813C6B530122F01052392F1E02370F61F18B0F2002DF100D805301DD
:2065E00022F01052530122F01054394F1F029604E92F1F023C01DF00530088AFBF2F5000FD
:20660000530122F01052530122F01054394F1F029604E92F1F02534120F01052534120F0C2
:206620001054394FC2819602E92FC281547FEE0C48CF8210370F01F0896F201909FF0C192D
:20664000896F24193C2C48CF8210370F01F0896F201909FF4618FF9F0A80D47288AF102F42
:2066600009FF7FF8896F24193C1A09F04618DA103F0F0D8088AFC2FF532F20F0D47F10FF08
:2066800009FFC008896F24193C0A88AFC2FF534F20F0D47F10FF54FF896F24190090404CFF
:2066A00009C2A809092FC0188FFF1F813C01BBF0FF0F8920141940C46DFFF5FA402F9110E5
:2066C00000DF6F08070009FF4A18960189FF0A186F18070009FF4A18960289FF0A186F28E1
:2066E000070009FF4A18960489FF0A186F78070009FF4A18968089FF0A186F38070009FF17
:206700004A18960889FF0A186F48070009FF4A18961089FF0A186F58070009FF4A18962069
:2067200089FF0A186F68070009FF4A18964089FF0A18DF08110009FF00196E0609F28019C6
:2067400040F42D020000084FB70F01F02CF4D4F46D00AF0009CF46186E3109C004185300B7
:2067600022F010DF39FF1E02370F61F18B0F20F25E1C530022F010DF530022F010D2392FFF
:206780001F029604E9FF1F023C0109C00518530022F010DF39FF1E02370F61F18B0F20F222
:2067A0005E1C530022F010DF530022F010D2392F1F029604E9FF1F023C010090404F40F408
:2067C0006DFF71FA0925AC0940242D050000484FC21F6CF40090404F40F46DFF64FA092546
:2067E000A80940242D050000483FC21F6CF30090DA01494F0408EE0382023C0282123C01F8
:206800000090404FD4F2D4220924A80949FC180A094F4218370FE3013C0188EF0B0F80F13D
:20682000370F508054CFEE0A82003C05094110293C01C2103F80FC7F3C2609F04618FF9050
:206840000B80D4C502846DFFBFF9D4C201280026F4C23C1909F04618DA103F0F0C80D4C5C6
:2068600002846DFF9DF9532820F0D4C21022F4C23C0AD4C502846DFF9DF9534820F0D4C2DF
:206880001022F4C288EFA28FACFE88EFEE1009FF00196E0609F2801940F42D020000084F66
:2068A000B70F01F02CF4D4F46D0003000090DA006C4100902008404F49FD100AD4F2D42C45
:2068C00009CF4618DF0F7E02911000EF09C4A809F4A46DFF48F9538221F03C0109C80518B0
:2068E00009C904184DC0E2FF370FE1F78B0F20A23C010D00400300003C0188AFBF2FE5006E
:2069000088AF92F0530822F010E2530822F010E4B94F140237007000370F0EF0F92F1402B7
:2069200009FF4618FF9F10808200530822F010E2530822F010E4394F1602370F83F2E92F0E
:2069400016023C2109F04618DA103F0F10808210530822F010E2530822F010E4394F1602B1
:20696000370F83F2E92F16023C0E8220530822F010E2530822F010E4394F1602370F83F225
:20698000E92F160254DFEE4049F20C1A802FB70F1C007B0000FDFE014DC0E1FF16073C01B6
:2069A00049F20C1A8020B7000C0AB770030E7B000011E21FA2F03C0449F20C1A8020530816
:2069C00022F010E259200802820082118222530822F010E219231002370303303713813161
:2069E00037230434530822F010E259231002530822F010E2530822F010E4394F1202961016
:206A0000E92F12023C3A54DFB70F1C007B0000FD7E0F4DC0E1FF16073C0154D0B7000C0A82
:206A2000B770030E7B000011E21FA2F03C0254D0530822F010E25920080282008211820222
:206A4000530822F010E219231002370303303713813137230434530822F010E259231002A1
:206A6000530822F010E2530822F010E4394F1202B70F01F2E92F1202D4A24922241A53085B
:206A800022F010E4802F594F0C02820082118202530822F010E2192310023703033237138C
:206AA000813337230436530822F010E259231002530822F010E2530822F010E4394F1F0238
:206AC0009604E92F1F0288A0530922F010E2530922F010E4B94F140237007000370F0EF0F0
:206AE000F92F140209FF4618FF9F10808200530922F010E2530922F010E4394F1602370F9A
:206B000083F2E92F16023C2109F04618DA103F0F10808210530922F010E2530922F010E400
:206B2000394F1602370F83F2E92F16023C0E8220530922F010E2530922F010E4394F16027C
:206B4000370F83F2E92F1602486FEE4049F2101A802FB70F1C007B0000FDFE014DC0E1FF0B
:206B600016073C0149F2101A8020B7000C0AB770030E7B000011E21FA2F03C0449F2101AED
:206B80008020530922F010E259200C02820082118222530922F010E2192310023703033298
:206BA0003713813337230436530922F010E259231002530922F010E2530922F010E4394F0B
:206BC00012029620E92F12023C3B486FB70F1C007B0000FDFE004DC0E1FF8F7F00013C0100
:206BE000486FB70F0CFAB77F031E7B0000F1E2F0A2013C024861530922F010E259210C020B
:206C0000820082118202530922F010E219231002370303323713813337230436530922F0BE
:206C200010E259231002530922F010E2530922F010E4394F1202B70F81F2E92F12025309B5
:206C400022F010E2530922F010E4394F1F029604E92F1F02BBF0FFFFD4A4894F14196DFFC0
:206C600082F79140002FD9221068538221F010223C010C2396022C23D4A46DFF74F791409D
:206C8000002FD9221068538221F01022B0423C010C2396022C23D4A46DFF65F79140002FB5
:206CA000D9221068538221F010224922080A3C010C2396022C23530922F010E2530922F0AB
:206CC00010E4394F1F029604E92F1F02534920F010E2534920F010E4394FC2819601E92F8C
:206CE000C28188AFBF2F2B00530822F010E2530822F010E4394F1F029604E92F1F0253482A
:206D000020F010E2534820F010E4394FC2819601E92FC28109FF4818EE0948CF8200370FD7
:206D200001F0D4AF89FF20193C0848CF8210370F01F0D4AF89FF20193C3F54DFEE0E48CFF5
:206D40008210370F01F0D4A2892F201909FF0C19D4AF89FF24193C3048CF8210370F01F042
:206D6000D4A2892F201909FF4618FF9F0B80D4D288AF102F09FF7FF8D4AF89FF24193C1CE2
:206D800009F04618DA103F0F0E8088AFC2FF532F20F0D4DF10FF09FFC008D4AF89FF241972
:206DA0003C0B88AFC2FF534F20F0D4DF10FF54FFD4AF89FF241976A30D0000031D00EE0051
:206DC00088AFBF1FEB00D4F2D422092CA80909FF7308370F644209CF421816073C018B4F3C
:206DE000000109FF47185E12C2F088AF7E02C2F088AF0B0F80F1370F5080BF18CF0088AFEB
:206E00005280A8A088AFEE0382113C02820109FF4718DE11BF28100088AF6E0D4DC0E20FDF
:206E20003700E1078B0020923C010D00400300003C013C084DC0E20F3700E1078B0020928E
:206E40003C0109FF4718DE14820089F0071809FF4818EE0848CF8200370F01F089CF2019C3
:206E60003C0748CF8210370F01F089CF201954DFEE1E09F00C19DF01130082013C0489C002
:206E80002419C2119AF83FF1FC7F48CF8211371F01F089CF201989C024193C08DA003C043F
:206EA00089C02419C21F3F8FFD7F3C7409FF4618FF9F2480DF011800BF280800D4D59AF8A7
:206EC00040C402F56DFFD1F648CF8210370F01F089CF2019D4DF01F800F609FF7FF889CF9A
:206EE00024193C06D4D540C402856DFFBEF6D4DF01F800F6F4DF3C4E09F04618DA103F0F31
:206F00002780DF011A00BF280800D4D59AF840C402F56DFF89F648CF8210370F01F089CF88
:206F20002019C2F8532820F0D4DF10FF09FFC00889CF24193C0BD4D540C402856DFF74F65B
:206F4000532820F0D4DF10FFF4DF3C24DF011900BF280800D4D59AF840C402F56DFF75F6BC
:206F600048CF8210370F01F089CF2019C2F8534820F0D4DF10FF54FF89CF24193C0BD4D5A1
:206F800040C402856DFF61F6534820F0D4DF10FFF4DF76930D00000300902008404D49DFDD
:206FA000100AD4D2D42C8CDA82404B0F0102F6188CDA82404B0F0102370068F03C088CDAC0
:206FC00082404B0F0102370068F0C21F370F688009DF49189E4B8CDA3B0001004B0F0102C3
:206FE000F6198CDA3B0001004B0F0102370068F03C098CDA3B0001004B0F0102370068F021
:20700000C21F42F8C2F83708688009CF4618DF0F2102911000EF09C4A809F4A46DFFA3F583
:20702000538221F03C0109C9051809CA04184DC0E2FF370FE1F78B0F20B23C010D0040034A
:2070400000003C01530922F010E2530922F010E4B940140237800E00F92014028220530930
:2070600022F010E2530922F010E4394F1602370F83F2E92F160254FFB70F1C007B0000FD72
:207080007E0F4DC0E1FF16073C0154F0B7000C0AB770030E7B000011E21FA2F03C0254F032
:2070A000530922F010EF59F00802820082118202530922F010EF19F3100237030330371335
:2070C000813137230434530922F010EF59F31002530922F010EF530922F010E2392F120258
:2070E000B70F01F2E9FF120209DF49189E4DD4AF49FF1C1A530922F010E280FF592F0C0231
:20710000820082118202530922F010EF19F31002370303323713813337230436530922F0DC
:2071200010EF59F31002530922F010EF530922F010E2392F1F029604E9FF1F028CDA8240D1
:207140004B0F0102F6188CDA82404B0F0102370068003C088CDA82404B0F01023700680038
:20716000C210530A22F010EF530A22F010E2B92F140237007000370F0EF0F9FF14028220D5
:20718000530A22F010EF530A22F010E2392F1602370F83F2E9FF16024CD6EE4049DF101A43
:2071A00080FFB70F1C007B0000FDFE014DC0E1FF16073C0149DF101A80F0B7000C0AB770FA
:2071C000030E7B000011E21FA2F03C0449DF101A80F0530A22F010EF59F00C0282008211A3
:2071E0008222530A22F010EF19F31002370303323713813337230436530A22F010EF59F3A4
:207200001002530A22F010EF530A22F010E2392F12029620E9FF12023C3C4CD6B70F1C00E3
:207220007B0000FDFE004DC0E1FF8F7F00013C014CD6B70F0CFAB77F031E7B0000F1E2F01C
:20724000A2013C0309D11809530A22F010EF59F10C02820082118202530A22F010EF19F378
:207260001002370303323713813337230436530A22F010EF59F31002530A22F010EF530A64
:2072800022F010E2392F1202B70F81F2E9FF1202530A22F010EF530A22F010E2392F1F02E1
:2072A0009604E9FF1F02BBF0FFFFD4A4894F14196DFF59F4914000FFD9FF1068538221F046
:2072C00010FF3C01083F96022CF3D4A46DFF4BF4914000FFD9FF1068538221F010FFB04F2D
:2072E0003C01083F96022CF3D4A46DFF3CF4914000FFD9FF1068538221F010FF49FF080AD0
:207300003C01083F96022CF3530A22F010EF530A22F010E2392F1F029604E9FF1F02534A9A
:2073200020F010EF534A20F010E2392FC2819601E9FFC28109DF4918DF3F308009D09408A6
:20734000DA103FF00A0009D0F208DA0F37F085F389DFB2083C0B09D0F2088CDAC2FF370F06
:2073600070F037F085F389DFB20809D09408DA103FF0090009DF7008B70F01F089DF30089E
:207380003C0609DF7008960189DF300809DF7208964089DF32083C3709DF4918DF1F2480DC
:2073A00009D09408DA103FF00A0009D0F208DA0F37F085F389DFB2083C0B09D0F2088CDA38
:2073C000C2FF370F70F037F085F389DFB20809DF7008960189DF300809DF7208964089DF4E
:2073E00032083C1109DF7008960189DF300809DF7208964089DF320809DFF208B70F85F375
:2074000089DFB208530922F010EF530922F010E2392F1F029604E9FF1F02534920F010EFA6
:20742000534920F010E2392FC2819601E9FFC28109DF49181E464CDCD4AF89FF1C193C05EB
:207440004CDCD4AF89FF201976B30D0000033C010090913000FFD9FF300654F8370864F00D
:20746000EE0382023C096D003E00370864F04B0F41F14BF251203C010090913000FFD9FF75
:20748000300654F8370864F2EE0382023C096D002A00370864F24B0F41F14BF251203C0178
:2074A000009002486D0050018200DA003E84DA013E873C0B913000FF19F000263C0891303B
:2074C00000FF19F004263C0382023C0176094B0061F17B0028044B0F51F04BF241203C0141
:2074E00000906D00DA00913000FF39FF3106370F6402DA003E0CDA01BE0BDA02BE0EDA038D
:207500005F0F2100DA045F0F23003C26913000FF39FF0C16160FEE023C0A913000FF39FF9E
:207520000C16160F4B0F41F14BF251203C177B0017F44BF251203C127B001FF44BF25120B9
:207540003C0D7B0027F44BF251203C087B002FF44BF251203C0382023C013C0100909100B0
:2075600000F6D9FF000054FF4B0F61213C010090913000FF39FF3706370F62F2EE06BB00C3
:20758000C22B9BE2CB243C11913000FF39FF3706370F62F25E19910000F6D9FF000054FF4D
:2075A0004B0F61213C0282023C010090913000FFD9FF00066DFFDEFF09FF640816015E1A76
:2075C00009FF6E08167FC21F4B0F41F14BF251203C2409FF6408370FE1F15E1EBB00C20B8D
:2075E0009BE0CB0409FF6C08167FC21F4B0F41F14BF051203C1209FF6908370FE5F0C21F54
:207600004B0F41F14BF2410009FF6C08167FC21F4B0F41F14BF051203C010090913000FFA9
:20762000D9FF00066DFFA6FF09FF540816015E1A09FF5E08167FC21F4B0F41F14BF251204A
:207640003C2909FF5408370FE1F15E1EBB00C20B9BE0CB0409FF5C08167FC21F4B0F41F18D
:207660004BF051203C1709FF5908370FE7F0C21F4B0F41F14BF2411009FF5C08167F9210E7
:2076800009FF5B08160FC21FE2F04B0041F14BF151203C010090913000FF39FF3306370F39
:2076A00062F282003E0482103E083C0ABB00C22B9BE2CB243C013C066DFFB2FF3C03820221
:2076C0003C013C0100906DFFE8FF913000FF39FF3106370F6402DA003E0CDA01BE0CDA02CD
:2076E000BE0FDA035F0F2200DA045F0F24003C27913000FF39FF3206160FEE0382023C0A6D
:20770000913000FF39FF3206160F4B0F41F14BF251203C177B001FF44BF251203C127B0082
:2077200027F44BF251203C0D7B002FF44BF251203C087B0037F44BF251203C0382023C0153
:207740003C0100906DFFA9FF913000FF39FF3106370F6402DA003E0CDA01BE0CDA02BE0FFB
:20776000DA035F0F2200DA045F0F24003C27913000FF39FF3106160FEE0382023C0A9130F9
:2077800000FF39FF3106160F4B0F41F14BF251203C177B001FF44BF251203C127B0027F4A9
:2077A0004BF251203C0D7B002FF44BF251203C087B0037F44BF251203C0382023C013C01B1
:2077C0000090404F820891000026D922000009FF0819742F6D009C0302296D00AD03022A02
:2077E00002946D0095029130002F392F3046370FE1B19130002F392F304696089130002FED
:20780000E92F304602946D00A30302A46D00A8023C019130002F392F3306370FE1F3EEFAA4
:207820009130002F392F3306B70F02F29130002FE92F33069130002F392F33069640913094
:20784000002FE92F33069130002F392F180696109130002FE92F18063C019130002F392FD1
:207860003306370FE1F3EEFA9130002F392F3706B71F02F29130002FE92F37069130002F39
:20788000392F370696409130002FE92F37066D00B001A62802A46D008203DF087E8102A418
:2078A0006D005E023C019130002F392F1406370FE1F26EFA9130002F39201C0608AF37F082
:2078C00007F09130002FE92F1C069130002F39201B06088F37F004F09130002FE92F1B0642
:2078E0009130002F39201906089F37F087F09130002FE92F19069130002F392F1806964068
:207900009130002FE92F18069130002F392F1A06B70F01F09130002FE92F1A069130002FFA
:20792000392F180696209130002FE92F18069130002F392F1A0696019130002FE92F1A06AE
:207940009130002F392F1A0696049130002FE92F1A06BB70714B9B1485436D00A7013C013D
:207960009130002F392F1406370F61F16EFA9130002F392F1806B70F01F09130002FE92F60
:2079800018063C019130002F392F3306370FE1F3EEFA9130002F392F3306B71F02F29130DD
:2079A000002FE92F33063C019130002F392F3306370FE1F3EEFA48346D0078019130002F25
:2079C00019203006485F82F1C61F26F0485F4841261FA6F0DA0137F0020EDA0137F0010FF4
:2079E0009130002FD922300674203C019130002F392F3706370FE1F3EEFA9130002F1920D5
:207A00003406487F82F1C61F26F0487F4861261FA6F0DA0137F0020EDA0137F0010F9130C7
:207A2000002FD922340674203C019130002F392F0316370FE1F3EEFA9130002F192000165F
:207A4000489F82F1C61F26F0489F4881261FA6F0DA0137F0010F9130002FD922001674209F
:207A60003C019130002F392F0F16370FE1F3EEFA9130002F19200C1648BF82F1C61F26F08A
:207A800048BF48A1261FA6F0DA0137F0010F9130002FD9220C1674209130002F1920002619
:207AA00048DF82F1C61F26F048DF48C1261FA6F09130002FD922002674209130002F192058
:207AC000042648FF82F1C61F26F048FF48E1261FA6F09130002FD9220426742002A46D00C0
:207AE0005E029100802F192F140209F0041982F1C610260F09F0041982F1C610260F09F067
:207B0000041909F100192610A60F02946D0000019100802FD9221402742F02946D00180235
:207B2000820C3C3702A46D001B013C019130002F392F1406370FE1F26EFA9130002F39209C
:207B40001C0653CC20F0C8121022142F37F007F09130002FE92F1C0602A46D00200253CCE9
:207B600020F0C81210224C226E0953CC20F0C8121022092288092D02000053CC20F0C812D5
:207B80001022092402096D009100C21C370C68C014FF3FFCC9FF02A46D00E200913000FF69
:207BA00039FF1806B70F01F3913000FFE9FF180602A46D00F40102946D00AA00913000FF7A
:207BC00039FF2C469608913000FFE9FF2C46913000FF39FF304637BF81F1913000FFE9FFC5
:207BE000304602946D00B40102823C0100903B00288082096D008C01022A913000FF39F089
:207C00001006B7008202913000FFE9F01006913000FF39F01206910000F6D9FF000054F1BF
:207C20003B005AF29B6F02F04BF111229AF2370F68F037F005F0913000FFE9FF120691308B
:207C400000FF39FF10069604913000FFE9FF10063C05C2F8F68382193C0D913000FF39FF2F
:207C600010066F1FF87F913000FF39FF11066F0FF27F02A46D004C00913000FF39FF2C4622
:207C80009608913000FFE9FF2C46913000FF39FF30469608913000FFE9FF304602A46D00EF
:207CA000570102923C01009002486DFFF6FC913000FF39FF3506160F4B0F41F14BF251F001
:207CC0003C014B8F41F04B0F71F185F110003C0185F01000A2103FF0FDFF0090DA018B0481
:207CE00001000F0F10F0913000FF59FF24860090DA010F4F00F0913000FF19F0208626F065
:207D0000760382123C0282023C0100904DC0E1FF16073C0153CF20F060FF9130003F30F3CC
:207D2000D93F004654FF2E1B8F2420F0960154F0370070088F002100A60F74FF86248F24C7
:207D400040F154F0370070088F002100A60F74FF3C0154FF1601DF1FFE7F0090913000FFB5
:207D600019FF30366F1F12008F2420F09601913000FF19F03036370070088F002100A60F48
:207D8000913000FF59FF303686248F2440F1913000FF19F03036370070088F002100A60F94
:207DA000913000FF59FF30363C01913000FF19FF30361601DF1FFB7F00904DC0E1FF1607A1
:207DC0003C01913000FFD9FF004653CF20F010FF54FF2E1B8F2420F0960154F0370070085E
:207DE0008F002100A60F74FF8F2420F0960254F0370070088F002100A60F74FF3C0154FFF5
:207E00001601DF1FFE7F084F96082CF454FF2E1B8F2420F0960154F0370070088F00210022
:207E2000A60F74FF86248F3440F154F0370070088F002100A60F74FF3C0154FF6F0FFF7F25
:207E40000090913000FF19FF30366F1F12008F2420F09601913000FF19F03036370070087C
:207E60008F002100A60F913000FF59FF30368F2420F09602913000FF19F0303637007008E6
:207E80008F002100A60F913000FF59FF30363C01913000FF19FF30361601DF1FFB7F913034
:207EA00000FF39FF34369608913000FFE9FF3436913000FF19FF30366F1F12008F2420F0D0
:207EC0009601913000FF19F03036370070088F002100A60F913000FF59FF303686248F34DD
:207EE00040F1913000FF19F03036370070088F002100A60F913000FF59FF30363C01913092
:207F000000FF19FF30366F0FFC7F00904DC0E1FF16073C0153CF20F060FF9130003F30F360
:207F2000D93F004654FF370F6EF18FFF83213C013C010090913000FFD9FF303654FF370F18
:207F40006EF18FFF83213C013C0100904DC0E1FF16073C0153CF20F060FF9130003F30F38B
:207F6000D93F004654FF2E1B8F2420F0960154F0370070088F002100A60F74FF86248F3475
:207F800040F154F0370070088F002100A60F74FF3C0154FF6F0FFF7F0090913000FF19FFF1
:207FA00030366F1F12008F2420F09601913000FF19F03036370070088F002100A60F91305D
:207FC00000FF59FF303686248F3440F1913000FF19F03036370070088F002100A60F913042
:207FE00000FF59FF30363C01913000FF19FF30366F0FFC7F0090F647094F40189601894F64
:2080000000183C08DF140780094F40189604894F00180090F647094F7C089601894F3C08F4
:208020003C08DF140780094F7C089610894F3C080090FF240B00538420F0910000F8D9FFDE
:20804000A45110FFD4F23C02A0023C01009082F282003C17538020F0910000F8D9FFA45127
:2080600010FFD4FF7D4F0D80538020F0910000F8D9FFA45110FF481F370F48203C04C21056
:20808000BF20EAFF3C010090404C405F09C0380909C13C0914FFEE0C083F37F00500082F50
:2080A00037F00504081F37F1011182183C0F14FF5E1C083F37F00508082F37F0050C081FAC
:2080C00037F1011382183C02820889C13C0989C0380940C46DFFBDFF09FFC8086E26081F2A
:2080E000EE099140002FD9225028538220F010223C099140002FD9225028538220F0102230
:20810000B04208A009FFC8081421370F68F037F108F0342F0C21370F82F12C210C2396029D
:208120002C230C2196042C2108264CC4820102F009C32C0982020F20A0400F31A0503C0128
:208140006DFF3ED93C0114FF534F20F010C28922300914F440C46DFF50FF14F440C46DFFA5
:208160005BFF08264CC4820102F009C32C0982020F20A0400F31A0503C016DFF21D93C014E
:2081800014FF534F20F010C2481F42F28922300902823C010090025FC234B704020037002D
:2081A00050808BC801008B8000406D009A27BC2640240B8F10486D0004003C010090C234B6
:2081C000B70402F0370F5000DA00894F1808DA01894F1908804F8BCF01F0C27FB70F03F0A2
:2081E000744FDA00AC42DA00AC47DA00894F0A09894F0609DA00AC49AC4889409408894585
:20820000960840423C010090F445DA006C410C4896012C480C4896022C480C48B70F01F1E6
:208220002C480C48B70F81F12C480C48B70F01F22C480C4896202C480940C808DA0837F0A9
:2082400006F3AC440C49B70F01F22C49DA00894F0E09DA00894F1209DA00894F0A090C4902
:20826000B70F81F22C490C49B70F01F32C49094F5808B70F01F0894F1808094F5808B70FE7
:2082800081F0894F1808094F5808B70F01F1894F1808094F5808B70F81F1894F1808009095
:2082A000DA00344FDA00AC41DA00AC42DA00AC43DA002C48DA00AC45A00FEC43DA006C4488
:2082C00000908F841EF08F0F0801B70408FC3704E81BB71F812BDA7F7FF104808202009066
:2082E000DA967F1F048082023C068B6109F1325F0FF200203702482076043252370248204E
:2083000000908F841EF08F0F0801B70408FC3704E81BB71F812BDA7F7FF104808202009025
:20832000DA967F1F048082023C068B6109F1325F0FF20020370250207604325237025020FD
:208340000090B70408FC3704E80BB71F811BDA7F3FF00580DA967F0F0480820200908B60A0
:2083600009F1325F0FF10010370168200090B70408FC3704E80BB71F814BDA7F7FF0048037
:20838000D2020090DA967FF0078082058B6009611DFF16D882058BA016601DFF12D8B70444
:2083A00008FC3704E80BB71F811BDA7F3FF00580DA967F0F0480820200908B6009F1325F00
:2083C0000FF100103701702000908B0420F28B0500F5EE0A7B0008008203B700892B8F73A2
:2083E00001F0A6F2009082029B02F02FBBF0FF3F9BF3FF3F0F2480000F358010BA008B01A2
:2084000000F4EE4C3B7001800B451068BB00FF1F9BF1FF1F8F0400012651BA008B0100F472
:20842000EE2182019BF1FF1F8F0400012651BA008B0100F4EE098F751E10774580430215FC
:208440003B0003803C0F8F351F107745804902153B4002803C078FF51F107745804F0215EF
:20846000C2180F2480000F3580108B0020F28B0100F5EEF202490B6710A8D2148B881E60B1
:208480006DFF9FD70F2A80000F3B8010BA008B0100F4EE2B3B0008703C293B600930BB006D
:2084A000000F9BF00F0026408F0500118B0020F28B0100F5EE073BA00830774500568FC47D
:2084C000004082009B00080082013C05C2F37745805006140B0430F10B1500F20B15A0F224
:2084E000EEF602401DFF7BFF82078BF29F008BF3BF1026A026B1BA008B0100F4EE038F0770
:2085000044718BF80760820402951D00E12D3BD03CF19B4FEDF34BF401F02E031D00B72E0F
:208520007B00F803BBA027F89BAF01F44BF401F02E2C3BB0FDF09B9FFCF34B4051406D00F8
:20854000A62E6B02312F00906B0031F46B0021044B0F51406D009B2E3BB0FDF09B9FF4F3B0
:208560006B0F2122009091100048D94434141D0002008208404F8209820A820BC81CC82DAB
:20858000483C09FF1001DF1F238080CF160180D08F100001FE046E04C2FC04DF24CF76CFFA
:2085A0008F3C00018FEC1FF06E0902F140D2C2F16014442164C1FC4E90DD020CDF0CE07F29
:2085C000C2FC60C204DF24CFFC2E3CD9DE2580CF2E03C2FC24C9DF0CD37F8F3C00F106EC8D
:2085E00076C5C2FC60C264CAFC2F6EC9C2FF60F224CBFC2F3CC48F0F1F00DF002E008F3F0B
:208600000001DF102B8080CF8F3F00D180DF1603FEDB76DB02D440C440D56D000F0701CDEF
:2086200000C601DD00D6A2DC76CF8F3C00018FEC1FF06E0902F140D2C2F16014442164C17A
:20864000FC4E90DD020CDF0C9B7F02C440C440D56D00F4063C9400901603DF2F91FF80CFA4
:2086600016036E0702F440C46D00D10610CCA2FCDF0C867F8F3C004106EC76C5C2FC60C2AB
:2086800064C8FC2FDF047C7F40C46D00C0061DFF77FF205089A4380989A62C0989A734092D
:2086A000DA01A00F820909AA1019780C89A9081989A9280902A089A90019B70089FBF80669
:2086C00078113700E8FB78080258404C029D405D8BFF0FC27B00F8B376C658116E04029C1F
:2086E00009AD30095808BA0F7813F68A3B700600580B3E043B7004007E0382183C23580D73
:208700006F5F21803B100600580B3E043B100400FE095811EE0382083C1582788F3F0000A1
:2087200082013C06C2F88FC31F107723000E0B011028FBF0000026202631BA008B0100F48B
:20874000EEF2DA00780F02A46D0035087625DA2D780F67AABFAFEE0E580D8F8F0101DA087D
:208760007E03DA2B3C068B000102580FAB0FA2F0780F09A00019AA1089A00019DF0D1600A9
:20878000580B910000F8D9FFF82110FF081F2E37910000F8D9FFE821F8063C1B910000F819
:2087A000D9FFEC21F8063C15DF0C1D00580B910000F8D9FFF82110FF081F2E36910000F87D
:2087C000D9FFF0213C05910000F8D9FFF421F8065810BB90FF0F9239580D260F780D1D0033
:2087E0008C013B100600580B3E053B1004005F0F27805808AB1F18FF780858109230F6832D
:20880000580D2E22C210428058083BC0F91FC2207FF106003B4006103F1F0400DA033C0A2E
:208820003B60FF1F7FF106003BA000103F1F0400DA02780C580C12091D005F01580849AF08
:208840000A0A6E7549A4140A02A46D00A02609AC1409022A370CE8FB82006E55BBF028EC15
:2088600049AE130A7B0012D49B5ECFE33C3F49A20A0A7D2E0C8049AF120A49AE130AA072ED
:2088800009F03FF489E03FF4FC2CBBD0CC0C58059BC0DC0349A4140A4B0F41406D007726FE
:2088A00089A20609DF0914806B0E21F24BDB41B04BDF41406DFF07FD762A4BBC514049A41F
:2088C000140A82196D00632689A2060909AF06096B0E21FF4BDF41406DFFF5FC8B0203F0C7
:2088E00089EF3FF4580AC21F780A5805370FE8FBEEBF3C0304EF24FF49A2130A012E20F435
:20890000EEFA3C154B0A01F06F2F12007B0012043C064B0A41A0580AC2FF780A4B0A41F0F4
:2089200089AF06094BBF01F06F0FF5FF3B600610580B028082093E143B6004107E13580A6E
:2089400012803B500610580B3E143B5004107E12C210CE03DA003C038B7000F310A2492E2D
:208960000A0A3C117B0012F449A4060A4BFA41406D000D26022A09A406096DFFA4FC8B0231
:2089800003F024FF01FE20F4EE0649A2130A012F20F4EEE909EF000840EFC25F3C0A49AF09
:2089A0000A0A01EF30F4EE0740EF09EF3FF4C21F34EF3C08DA3134EF49EF010A580AC21F44
:2089C000780A09E00008DA393F0FEB7F89F93FF049A20A0A012F20F4EE0609F00008DA3066
:2089E0005F0FF67F3B500600580BBE013B5004003E0E3B6006005F0F3C003B6004005F0FAE
:208A00003800580A3FF80400FFDF330058103B50062049AF0A0A9210580B09A10A083E2428
:208A20003B5004207E2C761349AF0B0A14FFEE04580DAE227682C21042803C17028276151F
:208A40008BF81F2049AF0B0A14FFEE03580D2E22C21082013C0814FFEE03580D2E23C21069
:208A6000B01FC2113F21F97F8B4000903C453B600600580B3E043B6004007E0F09A0280954
:208A8000FA10AB10A09F581042F9F684580D6F2F34001A8992193C300280580A49AF0A0AD4
:208AA0004EF4581092193C0D09A1280958101219021F14F17612B01FABF01F00C2FFEEFACA
:208AC00014FF6E02F604580D6F2F1700580AC219325F3C04C2FFC219C2F07607FF1FFC7F8D
:208AE0003C04C219B01FC2F0760314FFEEFB580D16042B09009F580F6E0D580D16036E0A3B
:208B000061FF1BD509A43C0940C46D005304DA00780FD806BD0F1A803B100600580B3E04B0
:208B20003B100400FE02580D16036E0F54DFC22F61FFF0D46D003E04580B40C48B7F014042
:208B40006D003804DA017812580D6F0F1680580EA29F3C0F61FFF1D4580D40C416028B0F5C
:208B600020F2864F8B0F02406D002404580EC2FF780EFF1FF17F580F6E0861FFDED409A4C6
:208B80003C0940C46D001604D806BCFA40F440C56D001F0454DFC23F74DF1D008A013B102E
:208BA0000600580B3E053B1004005F0F9F808F28200058138B7001018B1F03A1BF102200AF
:208BC0008201DA177FF00800821258110F021020262F6E02821182F2C2F00F0200F0C6F235
:208BE000F6145811262F6E045811A62F78115811C21F7811EF7F0600DA0078113B2003A0CC
:208C00005812EE0D54DFC22F61FF84D46D00D203580B40C48B7F01406D00CC0361FF8DD422
:208C200002A440C46D00C603F683580D2E2561FF7ED46D00BF0358113B8001B054D08F1F9B
:208C400000A0428074D03C183B000340DF0B1100C2CB02B032500F0A00F0160F8B0F0340D5
:208C6000DA397F4F0600580B8B6F1CF042F440C46D00A003C2F8FF18E97F580B40C48BFF30
:208C800000406D0097035808CEF63BD00240325F78083C033BB0024040C46D008B03580C3C
:208CA00054D0C22F42F0580C820110AF34F13BA00010580CC2FF370F68F0780C10AF580851
:208CC0004B1F01228B0303F034FF09A220094B12012289A26009DF02EEFF74D040A440C570
:208CE0006D0077031D00E5003B50060049AF0A0ABE013B5004003E0E3B6006005F0F7800CD
:208D00003B6004005F0F7400580A3FF80400FFDF6F0009A00A08580AAB1F20A076093B7017
:208D20000610580B3E143B7004107E12C2F861FF04D476063700684049AF0B0A3C033B0045
:208D4000034040C46D00360314FFEE0B580DAE29768C3B500600580B3E043B5004007E0594
:208D600061FFE5D36D002603820B3C1A09F00008F60A580DAE283B500610580B3E143B5045
:208D800004107E1D61FFD9D3760537006840B01F3C033B00034040C46D000C03C21B3F8B0B
:208DA000E77F61FFCAD3580B40C48FDF0F416D000103C2FA54DFC21F0EA43BB002403C04CB
:208DC000325A3BD0024074DF40C46D00F30261FFA6D38B00034040C46D00EC0261FF9FD329
:208DE0008B01034040C46D00E5023C6209AA28094EA854DFC21F61FF8DD36D00DB023C1961
:208E000054D0C21074D014F47643B01F3C033B00034040C46D00CE023B600600580B3E0642
:208E20003B6004003E03ABF81F88C2FAFF1AEA7F3B600600580B3E063B6004003E0314FF8F
:208E40006E02F684580D6F2F340061FF76D3580A3BE00240325F3C0854D03B000340C21040
:208E600074D0C2FFC2F840C46D00A402768BFF1FF57F3C0861FF61D304F440C46D009A02AC
:208E8000C2F8768314FFEEF73B600600580B3E0E3B6004003E0B580D2E2B3C0854DFC21FD9
:208EA00061FF38D36D008602C2F8DF08F9FF580EA29F3C0A54D03B00024040C4C21074D011
:208EC0006D007802C2FFFF1FF77F00902010404C405D89A68C09DA00780209D40008DF048D
:208EE0005002DA257E4409D001047E08B01D49A5080A40C46D0054023CF1820A0BAA108861
:208F000009DF01003BD002007E048F1A40A13CF93BB002007E07BBF0FE0F26A08F8040A13A
:208F20003CF03B0002007E066F3AECFF8F0A41A13CE83B0003007E048F2A40A13CE23B302E
:208F400002007E048F4A40A13CDC3BA00200FE03D803B04FF80309F83CF9CE848F1A40A1F6
:208F6000325809DF01003C0D13A820FF8B0F1D8009DF01008B0F1D0037006800BFA0F6FF91
:208F80003BE002005F0F23808F0A42A109DF01003BA00200FE05D803B04FF80309F93CF952
:208FA000CE968F1A40F1BBF0FDAF26FA09DF01003C0D13A920FF8B0F1D9009DF01008B0F25
:208FC0001D0037006800BFA0F6FF3BC006007E048F0A48A13C1E3B8006007E048F0A44A161
:208FE0003C183BC004007E048F0A50A13C123BA006007E04B71A81A43C0C3BA007007E04BF
:20900000B71A01A53C063B400700FE01B71A81A53BC006003E043B8006007E0709D00008B5
:209020007E04B71A01A6B01D09DF01003B3006005F0F2F808F1A00F1EE0E3C093B0002409A
:2090400049A5080A40C46D00AB01C2F87F890400FF28F67FD80340C449A5080AB04FF803B8
:2090600009F03CF9370048406D009A01DF0F377F3C093B00024049A5080A40C46D00900193
:20908000C2F87F892C7FFF28F67F1DFF28FF3B400600BE013B9006003E0E3BF006003E0BAD
:2090A0003B8007003E083B8005003E053B5007005F0F598082023B4006003E043B900600B4
:2090C0007E0282123B0008010F0A80105F0104006F9A05003B8000003C0282403B80001097
:2090E0005F100980D80349FF080AF80309F078F93C15D803B04FF80309F03CF90B00000877
:209100000B0110483B0004010F0A80105F010D807628370448000B0000080B0110483C132E
:20912000370468403C0F3B0004005F010B807626370450000B0000483C06370470403C02F2
:20914000F62282056F5A0600BBD0FF0F260A3C0282190BFA106889A440090B8910481D0003
:20916000CB003B300700FE066F5A0680BBF0FF9F9BF9FF97D8030BA8104840C5029649A67A
:20918000080AB04FF80309F4BCF96D00CC021DFFA6FE3B600600BE063B600400BE033B50C6
:2091A0000600BE003B5004003E0D3B7006003E0A3B7004003E073B1006003E043B10040042
:2091C0007E0DD8038F0A0211AB698091B04FF80302F609F03CF974A03C2C3B200700FE0854
:2091E0006F6A0800D803B04FF80309F03CFA3C06D803B04FF80309F03CF98F0A02F1EA6966
:20920000DA004BF051F174AF3B6006603C123B200500FE09D8038F0A02F1EA6949FF080A0A
:20922000F80309F478F96DFFADD03B60066074A20B89104849A5080A02A740C46DFF2BFA9B
:209240001DFF4DFE3B0007005F0F5D806F8A45006F0A0E80DA113C093B00024049A5080A28
:2092600040C46D009D00C2F83F8FF8FFD803A03E49FF080A09FF3FF449A5080A370F684025
:2092800040C46D002101FCE73BA0034049A5080A40C46D008500D803A03E49FF040A09FF2D
:2092A0003FF449A5080A370F684040C46D000C01FCE7DA113C093B00024049A5080A40C47B
:2092C0006D006E00C2F83F8FF8FFD80349FF080AF8031DFF04FED8033B8000400245B04FCA
:2092E000F8038F2A407109F03CF9820189A040093B80076049A5080A40C46D0000011DFF36
:20930000EEFD3BE006005F0F37803B0008010F0A80F03E036F9A0E00D803B04FF80309FF1A
:20932000BCF909A00809820189F040091DFFD7FD3B000401260ADA407EAAD803B04FF80302
:2093400009FFBCF95802B4FF1DFFC9FD5F0A0B80D803B04FF80309FFBCF9580234FF1DFF32
:20936000BEFDD803B04FF80309FFBCF9580274FF1DFFB5FD910000F6DA1959FF086009A220
:2093800008090090910000F6DA1759FF08603B0004406D000C007B00FC27009037046840EB
:2093A000545FC21F745F1D000500BA0492F20090D44FBCF440F41D007F26CC414C4280F07E
:2093C0007FF0068034F4CC41B01FEC410090404F405C3C06370F684040C46DFFEBFF09FF1A
:2093E0000100EEF900903704E82BB704894B8BF20F228B04002400903704E82BB704894B4A
:209400008BF20F228B04202400903BF00F00804F1603063F0FF0100082FFC6F0C2F4604F29
:20942000804FB70F02F060F2B014542F260F742F77000004FCF60090804F16033BF00F0015
:209440008F3F00100F10100082F1C610C2F4604F8041B7010220095101008F3F0030B01499
:209460000F3110106022C21F542216032602A612742277000004FDF0ED7F0090404F0B45E1
:2094800010A849FD160A026840FCDA0034DF820702860BAB10486DFFB9CF23820A0A0B2321
:2094A00010A88BA060F2CA708B0003F089DF3FF48B0220F28B0300F5EEEB04DF24FFEEFE37
:2094C00040C200900248404F8FC83F40405CDA090B4F2001DA37AB0F83F042F46DFF60FF12
:2094E0008FF8000140F4DA0940C50B0F2011DA37AB0F834142041DFF53FF026E2020DA5858
:20950000404F0B4510A8405C027909AC600982085FEF7300DA643EEDDA693EEBDA6F5FEFC8
:209520006C00DA75BEE4DA785FEF67001D00ED00D2000B0C50F10B1D00F20BD190F2EE0726
:209540003BD002800BC0C0C00BD1D0D00BCD104840A43BA000606DFF93FFF6B6BA0C8B0D60
:2095600000F4DF0FDF8040A46D000F26370268C0DF081180DA753EE88F890101DA087E0458
:209580003BB002803C078F8901F18B0F01F2AB08A28F768CABFA1FAA8F3900F16E0740F4CE
:2095A000028440C56DFFFCFE82086F0914808F2900F18B0F20F2864F8B0F02F03C0740F4F7
:2095C00002F440C56DFFECFEC2FA7FAB04003FACF87F768E40F4028440C56DFFE1FE3C089C
:2095E000C2FB61FF92CF6DFFDBFEABFA1FAA3FBCF97F1D008A008BFE268240A48F3820F034
:209600008B8F00600BCD10486DFF3AFFDA78FEE314AF40A26E10092000088BF01BF0370FA8
:209620006810DA193F1F05808B0002F0342F092F0104EEF240A46D00A825370268F07806B2
:209640008B0C20F28B0D00F5EE0AF6B6DF086A806F296800821BBBB0FFFF26F96F291B0087
:209660006F191300768E61FF50CF6DFF99FEABFA1FAA40F402E440C56DFF92FEABFA1FAAD2
:20968000BBB0FFFF26F9DA6F7EE558063FBF0300921B6F29090076875806C22BC22F370F6A
:2096A00068F078066F0915808F2900F18B0F20F2864F8B0F02C03C0740F402C440C56DFF93
:2096C0006FFEC2FA7FAB050058063FAFF77F6F291900DF08170061FF18CF6DFF61FEABFA0A
:2096E0001FAA40F402E440C56DFF5AFEABFA1FAA3C08C2FB61FF09CF6DFF52FEABFA1FAAED
:2097000058063FBFF87FBBF0F74F40A4BBF0FF6F40F5269440C602A59BF6FF671D000300D5
:2097200000900248404F025F405C0269406D6D002C25022A6F0819803C083B00024040C4EC
:2097400040D56DFF2DFEC2FF3FFAF97F3FF9F77F3C0BC2F909F40100DF04110040C440D530
:209760006DFF1EFE8AFFDF09F6FF3C083B00024040C4C2FF40D56DFF13FEEEF900909100DB
:2097800000F6D9FF0400D4F291200056D955408A01240046015420F4EE0891200056D95533
:2097A000C08A014530F4EE0482FF60F20090F4F400908F141E2000900B4510882008DAFFCE
:2097C0003708E80B7E086DFF19FE7623028200901DFFDAFDDA004BF801F02E046788BF8F31
:2097E000C229BB3098FF9B2FF2F34BF84140BB0080FF9BFF6FF44BF401F0AE2B4B0431F1D8
:209800004B0F410142F96B0031848F3900F13C1840A46D00BC1E4B09410154AF022840A472
:209820006B0021FF7B00E8034B0F41406D00AF1E54A07B0008146B1071FF4B0F31F12E05FD
:209840007B00F8036B083180BF2F04006788BF8F4B8841F0BB104B0CBBD0511E9B6012040E
:209860009BD1321C6B0F61013BC034159B4140146BF06101BB10D11E9BE11D146B88611155
:209880003BE0B5279B823A246BF161F24B8041004BF0512000903BB0FDF09B9FFCF36D00F1
:2098A0005C016B02312F0090910000F6D9FF146009FF0019A2F44B0441F1BBA099099B90BB
:2098C000A9034B0F41203C010090910000F6D9FF146048FF4B0F31213C01009020103BB0A6
:2098E00002403B00715282066D00DE463B7002403B00715282066D00D746822482358236FD
:209900006D000A403B0000F49BCF61FC74AF3B0000F49BCF61F47801DA002CA8910000468B
:20992000D94414607B8034447B0008547B001264BBA0707D9B37C2736D0091239100004614
:20994000D9441460BBD0CC4C9BC4DC436D00B023910000F6D9FF146049F4240A6D009D23AA
:20996000910000F6D9FF1460DA006CFE910000F6D9FF1460DA006CFF910000F6D9FF1460E5
:20998000DA0089FF0019910000F6D9FF1460DA0089FF0419910000F6D9FF0C00DA0134FF81
:2099A000910000F6D9FF0800DA0074FF910000F6D9FF1000DA00B4FF910000F6D9FF146024
:2099C000DA0089FF00190090DA3C7F4F0A00910000F6D9FF14607B0027F46CFE3C143B40F0
:2099E000FCFF7FF40A00910000F6D9FF14607B0027FC6CFE3C08910000F6D9FF14604B04AE
:209A000041F16CFE00906D006400910000F6D9FF146002246DFF4AFF68F291000046D9444D
:209A20001460910000F6D9FF146049F5240A910000F6D9FF146048E4910000F6D9FF1460A1
:209A400048F56D0091224B0231416D001000910000F6D9FF146091000026D9221460092F3C
:209A60000419C21F89FF04190090024F3B0071027FF005003B0071F23C073B008F0D7F0FFA
:209A800004003B008FFD8EFC3BB0024002F56D00B6463B70024082056D00B1463C18CEFDED
:209AA0003BB0024082056D00AA463B700240325F02F56D00A4463C0B3BB0024082056D0061
:209AC0009E463B70024082056D009946009082246D00FA3D910000F6D9FF0C0014FF6E120A
:209AE000910000F6D9FF1000B4F2910000F6D9FF080074F2910000F6D9FF0C00DA0034FF0C
:209B00003C24910000F6D9FF100094FF5AF23B0000027FF005001B0F00FC3C073B00000E34
:209B20007F0F04001B0F00F4910000F6D9FF080091000026D9220800542042F074F09100B9
:209B400000F6D9FF1000B4F2910000F6D9FF080054F23C01009002483708E8FB8209EE031F
:209B6000028200904B9801F02E046788BF8F82197B00F8F36B88714F6D00CF223B3033F3EB
:209B80009B3FF3F34BF801F0AE264B2851406D0096003C0B3BB0FDF09B9FFCF34B82514050
:209BA0006D008D006B02312F76936722BF2F00900B4510886DFF22FCF62502946DFF1EFC25
:209BC00076246B092128009002846DFF0EFCDF021B007B00F8F74BF901F02E163BB0FD409B
:209BE0009B94F4433C4D7B00F8FF4BF901F01602BB40BE4C9B6401443BB0FD009B90FC035C
:209C00006A043C3E3709E8FB8200BA0F6E193708E8FBEE098F191EF03BB0FD209B9204243B
:209C20006A8200904B0801F016043BB0FD209B92FC233BB0FD009B90FC0B6A0200904B098C
:209C400001F06F0F2C003708E8FB6E164B0801F02E2E3BB0FDF09B9F04F46788BF0F4B9081
:209C600051406DFF56F46B02312F00907B00F8FF4BF901F02E183BB0FD409B94044402852D
:209C80001D002A004B9851406DFF43F43BB0FDF09B9F04FC6B0F212200904B0801F02E2570
:209CA0004B9851401DFF35F46788BFFF4B9F51406DFF2FF46722BF2F0090DA004BF401F023
:209CC0002E231DFF26F46744BF4F6DFF22F46722BF2F0090B704812F8F151EF08FFF01F01F
:209CE000A6F20090B704814F82151DFF67FD3B6007403B2003503BE02E606D00D5443B6040
:209D000007403BE02E506D007A450090910000F7D9FF0800DA0074FF91000046D9441C7072
:209D20006D00FA1C6D00941C6D00C01C009091000046D9441C70910000F6D9FF180054F46B
:209D40006D00F41C022F02F46D00691C02F46D00941C910000F6D9FF1800DA0074FF009006
:209D6000910000F6D9FF30907B00F0F374FF910000F6D9FF30907B0000F46CF19100004631
:209D8000D944389091000056D955309082047B802C546D00A01900907B001FF44BF401F094
:209DA000370F61F16E037B001F447B001FFC4BF401F0370F61F06E037B001F4C7B001FF47A
:209DC0004BF451F07BA03704BB0000189BB143146B0F61F14B0F71513B803EF03C017F5F4B
:209DE000038002F53B6007406D00094500903704E8FB6E1F910000F7D9FF080074F4BBD0B6
:209E0000CCFC9BCF4CF44BF441F03B004F009B10F4034B0F51F0BBD0CC0C9BC0DC034B0FA2
:209E2000414091000046D9441C706D006B1C3C11910000F7D9FF0800DA0074FF9100004654
:209E4000D9441C706D00681C6D00021C6D002E1C00902010DA0074AF7B0002F47801DA00A5
:209E60002CA891000046D94400807B00F843BBD0CC5C9BC5D453BBD0CC6C9BC6DC63BBA0EC
:209E8000707D9B37C2736D00EA2091000046D9440080BBD0CC4C9BC4DC436D00092191009A
:209EA0000046D94424806D00F8207B001FFC74AF7B001FF47801DA002CA891000046D944B4
:209EC00038807B00174482057B000064BBA0707D9B37C2736D00C32091000046D944388043
:209EE000BBA0704D9B34CA436D00E22091000046D9441C906D00D1200090200849A4000A52
:209F000049A5040A6D00181D5801910000F6D9FF204148806B00318F3C073BB0FDF09B9F42
:209F20000CF46B0F31883BB0FDF09B9F04F44BF801F06F2FF4FF3C073BB0FDF09B9F0CF4CA
:209F40006B0F21883BB0FDF09B9F04FC4BF801F06F0FF4FF6D003F0B53A220406D003E1C54
:209F6000B702815FBBD0CCFC9BCFDCF34BF501F0370F61F06E05BBD0CC5C9BC5DC5354AF3C
:209F80007B0002044B0F41406DFF14FE6B0231F87B4033044B0F41F03BB0FD009B900404B9
:209FA0004B0F51207B001FF44BF201F0370F61F16E037B001F247B001FFC4BF201F0370F49
:209FC00061F06E037B001F2C3C0100900248910000F7D9FF100054F9BBD0CCFC9BCFF4F381
:209FE0004BF901F0370F61F06E05BBD0CC9C9BC9F4937B0000F44BF901F0370F61F16E0397
:20A000007B000094765A7B00F0F34BF901F0AE223C037B00F0933C016D00F31D7B0027F471
:20A020004BF201F0370F61F16E0CBBD0CC0C9BC0F4034B0901F0370F61F16E0202093C1285
:20A040007B001FF44BF201F0370F61F16E0B3B6066069B60FA034B0901F0370F61F16E02E7
:20A0600002097B0000F44BF801F0370F61F16E0302923C1DBBA099F99B9FE9F34BF801F005
:20A08000AE26BBD0CC2C9BC2F4233C11BBD0CCFC9BCFF4F36B0F31F97B0000044B0851003D
:20A0A000BBD0CC1C9BC1F4136B0F6121910000F6D9FF2041489F7B0004044B0F01F0370F13
:20A0C00061F16E0382023C11910000F6D9FF2041489F7B00F8034B0F01F0370F61F16E0579
:20A0E0007B00F0F34BF241203C01009020086D00E7206D00C439820491000048D9442B42A8
:20A100006D000D4F3B6028408205821682176D00603D3B7028408205821682176D00593DE3
:20A120003B2016408205821682176D00523D3B3016408205821682176D004B3D8204910035
:20A140000048D94445126D00EA4E820491000048D9441B026D00E34E3B6028406D00293D91
:20A16000820402256D006620820491000048D944D9716D00D44E3B7028406D001A3D82048D
:20A1800002256D005720820491000048D944DE716D00C54E3B2016406D000B3D8204022556
:20A1A0006D004820820491000048D944E3716D00B64E3B3016406D00FC3C820402256D0009
:20A1C0003920820491000048D944F7E16D00A74E820491000048D94426C26D00A04E82141B
:20A1E0006D008728820491000048D94433B26D00964E82043B50C35006556D00533D82147F
:20A200003B0071526D004E3D820491000048D94416526D00844E820491000048D94409821E
:20A220006D007D4E6D00640F820491000048D9441C226D00744E820491000048D94402425D
:20A240006D006D4E6DFF55FD6D00DA196D00061A6D00FE196D002A1A6D00C4096D00CF0977
:20A2600082243B0071526D001D3D6DFF39FB82046DFFACFB820491000048D94444226D00EB
:20A280004E4E820491000048D94414A26D00474E820491000048D94412E26D00404E6DFF17
:20A2A000DAFD91000046D9441C707B001244BBA099599B95E953BBD0CC6C9BC6F4637B00C7
:20A2C00015746D000A1A820491000048D9444E326D00254E6DFF46FD820491000048D9445D
:20A2E00002626D001C4E820491000048D94403B26D00154E3B800C406D006E0F820491001A
:20A300000048D9443D126D000A4E820491000048D9443B226D00034E6D00DE1F82049100AC
:20A320000048D944F1F16D00FA4D820491000048D9447B426D00F34D82088209820A1D007E
:20A340005D07910000F6D9FF1C0014FFDF0F9200910000F6D9FF1C00DA0034FFC21A6D00BA
:20A360003A106D00580C910000F6D9FF143014FFDF2F4A8049A4000A49A5040A6D006B1B4E
:20A380006D00561A910000F6D9FF143014FF5E4E6DFFBEFC82046DFF01FD82049100004809
:20A3A000D94425926D00BB4D3C2D910000F6D9FF143014FF5E3E6DFFABFC82046DFFEEFCAA
:20A3C000820491000048D94448026D00A84D3C1A6D00F41BBC29092F50081E14092F50084C
:20A3E0005E2382153C02820554A46DFFF1FD02246DFFFFFC09A404096DFF81FD02246DFF6B
:20A40000CDFC3C37910000F6D9FF143014FFDE3649A4000A49A5040A6D008A1C54AF370FE7
:20A42000E8FBEE046DFF74FC3C0454A46DFFE1FC09A404096DFFB2FC3C1C910000F6D9FF5F
:20A44000143014FFEE16910000F7D9FF140054FF82004B0F01F0370F61F16E0B910000F774
:20A46000D9FF140054F46DFFC4FC82046DFF96FC910000F7D9FF200054FF910000F6D9FFC6
:20A48000280054F05F0F5E00910000F7D9FF200091000026D9222800542F74FF6D009B0824
:20A4A000022F910000F7D9FF0C0053AF20406D00951974F2910000F6D9FF180091000026EE
:20A4C000D9221800542042F074F0910000F7D9FF04004B0F41F1B70F81FFBBD0CC0C9BC06B
:20A4E0004C044B0F51F03B004F009B10F40391000027D922040054216B0F61F174FF910049
:20A5000000F7D9FF000091000027D9220000142FC21F34FF910000F7D9FF000014FFBFAF81
:20A520001180910000F7D9FF0000DA0034FF910000F6D9FF1C7009FF60086E036DFFF9FBF1
:20A54000910000F6D9FF303014FF6E04C2196D0073093B6028406D002C3BDF02F9803B4047
:20A5600001406D0070383B6028406D00223BDF02EF80DA003C073BA000406D0064388BAFED
:20A5800000F03B6028406D00143BDF02F67F3B803E003F0F9880910000F6D9FF143014FFA1
:20A5A000EE49910000F6D9FF203014FFDF4F4380910000F6D9FF1030DA0034FF910000F67E
:20A5C000D9FF1430DA0234FF91000046D94424806D00631D91000046D9441C906D005D1D44
:20A5E000910000F7D9FF1C00DA0074FF910000F7D9FF180091000027D9220400542F74FF6D
:20A60000820491000048D9441B726D00884C8204910000F6D9FF203014F56D000B1E820496
:20A6200091000048D944FD616D00794C6D00601A3C48910000F6D9FF143014FF1E2791009D
:20A6400000F6D9FF143014FFDE34910000F6D9FF1430DA0034FF6DFF5BFB82046DFF9EFBC6
:20A66000820491000048D9441F126D00584C3C29910000F6D9FF143014FFEE0F910000F67D
:20A68000D9FF203014FFEE09820491000048D9441BD26D00444C3C15910000F6D9FF14302E
:20A6A00014FFEE0F910000F6D9FF203014FFFF4F0980820491000048D9440DF26D002F4C8E
:20A6C0003C46DA00910000F6D9FF203014F0FF40068082046D00CE1B022F6E3282049100E2
:20A6E0000048D944F3C16D001A4C820402F56D00A11D820491000048D944C0716D000F4C51
:20A700008204910000F6D9FF204154F56D00611D820491000048D944C3716D00004C8204D0
:20A72000910000F6D9FF204148156D00521D820491000048D944D1716D00F14B3C088204EF
:20A7400091000048D9441D326D00E94B3B7028406D002F3ADF0280803B4001406D00733776
:20A760003B7028406D00253ADF027680910000F7D9FF100091000027D9221000542FBBD0E2
:20A78000CC0C9BC0DC036B0021FF74FF910000F6D9FF143014FFEE14910000F7D9FF100081
:20A7A00054FF7B0002044B0F01F0370F61F16E08910000F7D9FF10007B0002F474FF910087
:20A7C00000F7D9FF100054FF7B0002044B0F01F0370F61F16E08910000F7D9FF10007B0082
:20A7E00002F474FF820491000048D944DDF16D00964B8204910000F7D9FF100054F56D00AC
:20A80000E81C820491000048D944CD916D00874B910000F6D9FF143014FFEE12910000F7DD
:20A82000D9FF140091000027D9221000542F74FF910000F7D9FF100054F46DFFDAFA3C053A
:20A840003BA000406D00FF363B7028406D00B139DF02F87F3B2016406D00AB39DF027A809C
:20A860003B4001406D00EF363B2016406D00A139DF027080910000F7D9FF10009100002799
:20A88000D9221000542FBBD0CC0C9BC0DC036B0031FF74FF910000F7D9FF100054FF82003A
:20A8A0004B0F01F0370F61F06E07910000F7D9FF1000DA0074FF820491000048D944C9F14E
:20A8C0006D002D4B8204910000F7D9FF100054F56D007F1C820491000048D944CD916D0005
:20A8E0001E4B910000F6D9FF143014FFEE27910000F7D9FF140091000027D9221000542F6A
:20A9000074FF910000F7D9FF100054FF82004B0F01F016038B0F20F2EE09910000F7D9FF18
:20A92000100054F46DFF65FA3C09910000F7D9FF1400DA0074FF6DFFEBF93C053BA0004042
:20A940006D0081363B2016406D003339DF02F87F3B3016406D002D39DF0237803B40014009
:20A960006D0071363B3016406D002339DF022D806D00C617910000F7D9FF1400DA0074FFA0
:20A98000910000F7D9FF1000DA0074FF910000F6D9FF1430DA0034FF6DFFBAF982046DFF39
:20A9A000FDF9820491000048D94437826D00B74A3C053BA000406D0046363B3016406D008B
:20A9C000F838DF02F87F910000F6D9FF140014FFDF0F1104910000F6D9FF1400DA0034FFE6
:20A9E000C218BFA808848208910000F6D9FF143014FF1E28910000F6D9FF143014FFDF3F30
:20AA00004B80910000F7D9FF1C0091000027D9221C00542FC21F74FF910000F7D9FF1C00CD
:20AA200054F0DA1E3FF03780910000F7D9FF1C00DA0074FF910000F7D9FF040054FF9100E3
:20AA400000F7D9FF180054F06B0031FF7B00F8034B0F01F0370F61F06E13910000F6D9FFF8
:20AA60001430DA0034FF6DFF53F982046DFF96F9820491000048D9442E626D00504A9100A8
:20AA800000F7D9FF180091000027D9220400542F74FF3C11910000F7D9FF1C00DA0074FF0C
:20AAA000910000F7D9FF180091000027D9220400542F74FF820491000048D94406026D0080
:20AAC0002E4A820491000048D944E3A16D00274A910000F6D9FF143014FFEE08820491005D
:20AAE0000048D944F7716D001A4A910000F6D9FF143014FF5E28820491000048D944C2A19D
:20AB00006D000D4A910000F6D9FF143014FF5E38820491000048D944F2916D00004A9100DE
:20AB200000F6D9FF143014FF5E48820491000048D944DAA16D00F349820491000048D9442E
:20AB4000FD616D00EC49820491000048D944ECA16D00E5498204910000F6D9FF204154F5C2
:20AB60006D00371B820491000048D944C9716D00D6498204910000F6D9FF204148156D00C4
:20AB8000281B820491000048D944CD716D00C7498204910000F6D9FF204148256D00191BE7
:20ABA000820491000048D944FD616D00B849820491000048D944CCB16D00B14982049100D6
:20ABC00000F6D9FF204148356D00031B820491000048D944E8716D00A2498204910000F604
:20ABE000D9FF204148456D00F41A820491000048D944FD616D009349910000F6D9FF204131
:20AC0000488F7B4033044B0F41F03B00FD009B9004044B0F51F0820491000048D944F881E5
:20AC20006D007D49820402F56D00D31A820491000048D944FF816D00724982049100004887
:20AC4000D944EA916D006B49910000F6D9FF204109FF68086E0691000048D944C6713C0521
:20AC600091000048D944FC7182046D005849820491000048D944F1816D00514982049100D1
:20AC800000F6D9FF204148956D00A31A820491000048D944D5716D00424982049100004865
:20ACA000D944C3D16D003B498204910000F6D9FF204109F52A096D008C1A82049100004809
:20ACC000D944ED716D002B498204910000F6D9FF204109F52E096D007C1A8204910000483B
:20ACE000D944FD616D001B49910000F6D9FF204109FF36097B4033044B0F41F03B00FD004C
:20AD00009B9004044B0F51F0820491000048D944D7B16D000449820402F56D005A1A8204C3
:20AD200091000048D944FF816D00F948820491000048D944E3B16D00F2488204910000F62B
:20AD4000D9FF204109F53A096D00431A820491000048D944F9616D00E2488204910000F635
:20AD6000D9FF204109F53E096D00331A820491000048D944F9616D00D2488204910000F631
:20AD8000D9FF204109F502196D00231A820491000048D944FD616D00C24882049100004807
:20ADA000D944FCB16D00BB488204910000F6D9FF204109F506196D000C1A82049100004804
:20ADC000D944F9616D00AB488204910000F6D9FF204109F50A196D00FC1982049100004854
:20ADE000D944F9616D009B488204910000F6D9FF204109F50E196D00EC1982049100004850
:20AE0000D944FD616D008B48820491000048D944E2916D0084488204910000F7D9FF040065
:20AE200054F56D00D619820491000048D944D5716D0075486D003E046D00A104910000F639
:20AE4000D9FF143014FFDF2F4D8049A4000A49A5040A6D000016820491000048D944C181B4
:20AE60006D005D488204910000F6D9FF103014F56D00E019820491000048D944FB616D00E7
:20AE80004E488204910000F6D9FF203014F56D00D119820491000048D944FA916D003F488C
:20AEA000820454A56D009519820491000048D944DB916D003448820458017B4033044B0FFC
:20AEC00041F03B00FD009B9004044B0F51506D008019820491000048D944E5816D001F481F
:20AEE000910000F6D9FF143014FFEE26820491000048D944E5C16D0012488204910000F692
:20AF0000D9FF203014F56D009519820491000048D944D5E16D0003488204910000F7D9FF15
:20AF2000100054F56D005519820491000048D944EB816D00F447910000F6D9FF143014FF97
:20AF4000DF3F30806D005616022F820491000048D944E3D16D00E347820402F56D006A19E5
:20AF6000EE09820491000048D944D2A16D00D7473C115E19820491000048D944C1B16D0041
:20AF8000CE473C08820491000048D944CAA16D00C647820491000048D944FD616D00BF47AA
:20AFA000820491000048D944D7C16D00B8478204910000F6D9FF1C7048656D000A198204DD
:20AFC00091000048D944F2716D00A9476D0003034B02415182046D00FC1882049100004803
:20AFE000D944D9816D009B478204910000F6D9FF1C7088EF4B0F41516D00EB188204910030
:20B000000048D944DF816D008A476D00E40202246D00E413820402256D00DB18820491002C
:20B020000048D944EB816D007A47820491000048D944C9C16D0073476DFF49F4820402258E
:20B040006D00F818820491000048D944FF816D006647820491000048D944C4E16D005F4729
:20B06000820402956D00E618820491000048D944D4916D0054478204910000F6D9FF14D195
:20B0800009F56E086D00D618820491000048D944C7816D0044478204910000F6D9FF14D15B
:20B0A00008856D00C718820491000048D944CD816D0035478204910000F6D9FF14D109F53C
:20B0C00016096D008618820491000048D944D3816D0025478204910000F6D9FF14D109F5D5
:20B0E0001A096D007618820491000048D944FD616D0015478209820491000048D944D3D1E4
:20B100006D000D47820402A56D009418820491000048D944F3D16D000247820A820491008F
:20B120000048D944EFB16D00FA466D005402820402256D007F18820491000048D944C69116
:20B140006D00ED466D005402820402256D007218820491000048D944E6E16D00E04682048C
:20B1600091000048D944F6A16D00D9463B6028406D001F35820402256D005C18820491004D
:20B180000048D944D9716D00CA463B7028406D001035820402256D004D18820491000048E0
:20B1A000D944DE716D00BB463B2016406D000135820402256D003E18820491000048D94475
:20B1C000E3716D00AC463B3016406D00F234820402256D002F18820491000048D944051274
:20B1E0006D009D46820491000048D94430026D00964682146D0027321DFFA5F800906D00F6
:20B20000971882046D00131F6D0013006D00641882083C0CDA144BF81102F6136D006E00F7
:20B22000C2183BA000406D000E323CF5009082046D00A72BBB00804F82056D00972B820420
:20B240006D00E5286D00262882246D00C52BBB00FE4F82056D008A2B82048205910000481F
:20B26000D94465D26D00C12D82146D00B52BBB00804F82056D007A2B82043B8001509100F6
:20B280000048D94464C26D00B02D82043B00035091000048D94470C26D00A72D82043B801B
:20B2A000045091000048D94476C26D009E2D82043B00065091000048D94442D26D00952D84
:20B2C00082043B80075091000048D9447CC26D008C2D82043B00095091000048D9445EC24C
:20B2E0006D00832D82043B800A5091000048D9446AC26D007A2D00902008910000F6D9FF49
:20B3000020414830910000F6D9FF20414831910000F6D9FF20414842910000F6D9FF204111
:20B32000484F4BF241F06B10614F6D00F616022F82246D00512BBB00FE4F82056D00162B67
:20B340008204820591000048D94465D26D004D2D82146D00412BBB00804F82056D00062BAE
:20B3600082043B80015091000048D94464C26D003C2D3B8002403B80015091000048D9444A
:20B3800075D26D00322D822034A03B8002403B800150910000F7D9FF040054F682476D0037
:20B3A000A22C3B0006403B80015091000048D94458C26D001A2D82043B0003509100004881
:20B3C000D94470C26D00112D3B8002403B00035091000048D94475D26D00072D826034A054
:20B3E0003B8002403B000350910000F6D9FF14D109F6160982376D00762C82043B80045003
:20B4000091000048D94476C26D00EF2C3B8002403B80045091000048D94475D26D00E52CAF
:20B42000826034A03B8002403B800450910000F6D9FF14D109F61A0982376D00542C8204B8
:20B440003B00065091000048D94442D26D00CD2C3B8002403B00065091000048D94475D220
:20B460006D00C32C822034A03B8002403B000650823702F66D00372C3B0006403B000650D9
:20B4800091000048D9445AC26D00AF2C82043B80075091000048D9447CC26D00A62C3B808C
:20B4A00002403B80075091000048D94475D26D009C2CDA0234AF3B8002403B800750910067
:20B4C00000F7D9FF080054F682276D000C2C3B0006403B80075091000048D9445AC26D00EB
:20B4E000842C82043B00095091000048D9445EC26D007B2C3B8002403B00095091000048EE
:20B50000D94475D26D00712CDA0234AF3B8002403B000950910000F7D9FF0C0054F682270E
:20B520006D00E12B3B0006403B00095091000048D9445AC26D00592C82043B800A5091004D
:20B540000048D9446AC26D00502C3B8002403B800A5091000048D94475D26D00462C9100B2
:20B5600000F6D9FF14D1088F6E193B8002403B800A5091000048D94448D26D00362C3B00CE
:20B5800006403B800A50910000F6D9FF14D109F66E0882276D007F2C3C1C910000F6D9FF1F
:20B5A000004054FF6E0C3B8002403B800A5091000048D94451D26D00182C3C0B3B8002405E
:20B5C0003B800A5091000048D9445BD26D000D2C0090910000F6D9FF200094F23C0100902B
:20B5E0008204821582166D0097310090910000F6D9FF240094F23C01009082348255826686
:20B600006D008A310090910000F6D9FF200082046D005A30B4F282046D003630910000F6F0
:20B62000D9FF240082346D004F303252B4F282346D002A30910000F6D9FF28009100002687
:20B64000D9222800542FC21F74FF0090BD043100B0C4404C54CF910000D6B70F0180D9DDE7
:20B660001060D4DF74C801C800E654EF6E04AE0342F83CF954F001F000267DC2058042087E
:20B6800074F840FCEE1082046DFF7BF0B04E7DE20A80325802846DFF74F0802F1EF3DA0046
:20B6A00074CFD4DF80CF80F00B0F90F174DF0090820491000048D94475E26D00304482041D
:20B6C000910000F6D9FF14D108856D00B315820491000048D944CD816D00214482049100B1
:20B6E00000F6D9FF14D109F516096D007215820491000048D944D3816D00114482049100DD
:20B7000000F6D9FF14D109F51A096D006215820491000048D94446E26D0001448204910004
:20B7200000F6D9FF14D148C56D005315820491000048D944D4916D00F2438204910000F6E4
:20B74000D9FF14D109F56E086D007415820491000048D9444AE26D00E2438204910000F67B
:20B76000D9FF341054F56D006515820491000048D94473E26D00D3430090910000F6D9FF3A
:20B780003451487F67FFBF4F910000F6D9FF345148656DFF0FF23BD0A3F09B7FDDFB6B0FE1
:20B7A00021F2820491000048D94453E26D00B7438204910000F6D9FF345148656D000915BC
:20B7C000820491000048D9445CE26D00A8438204910000F6D9FF345148756D00FA1482042F
:20B7E00091000048D94460E26D0099438204910000F6D9FF345148856D00EB14820491000E
:20B800000048D94464E26D008A4382047B4033044B0F41F03BB0FD009B9004044B0F51502A
:20B820006D00D714820491000048D9446EE26D0076430090910000F6D9FF303014FFEE036B
:20B840001D00E801910000F6D9FF3030DA0034FF910000F6D9FF341091000026D92234107D
:20B86000542FC21F74FF6D00421C762A910000F6D9FF2041DA0089FF28081D00CB019100BA
:20B8800000F6D9FF14D1088FEE0A910000F6D9FF2041DA0089FF28081D00BC01910000F6B3
:20B8A000D9FF14D109FF16097B0017044B0F01F06F0F2680910000F6D9FF14D109FF160934
:20B8C0007BC025044B0F01F06F2F1A80910000F6D9FF14D109FF1A097BC028044B0F01F060
:20B8E000AE0E910000F6D9FF14D109FF1A097BC030044B0F01F0370F61F16E0A910000F6CC
:20B90000D9FF2041DA0089FF28081D008301910000F6D9FF2C2014FFEE27910000F6D9FF89
:20B92000202091000026D92214D1092F160974FF910000F6D9FF242091000026D92214D12C
:20B94000092F1A0974FF91000026D9220C20910000F6D9FF14D148CF742F910000F6D9FFDE
:20B960002C20DA0134FF910000F6D9FF14D109FF1609910000F6D9FF202054F06B0031FF84
:20B98000910000F6D9FF14D109F01A09910000F6D9FF242054F16B0131003B00C0169B9185
:20B9A0007D144B1F41803B00C0F69B9F7DF44BF041F0910000F6D9FF202054F03BB0FD10E8
:20B9C0009B9104144B1041007B4033144B1051406DFF8AF14B2F4190910000F6D9FF14D123
:20B9E00048CF910000F6D9FF0C2054F06B0031FF67FFBFAF02846DFF01EDDF021780029404
:20BA00006DFFFCECDF02128002A46DFFF7ECF62D02846DFFEAECF62902946DFFE6ECF62571
:20BA200002A46DFFE2EC762A910000F6D9FF2041DA0089FF28081D00ED00910000F6D9FFCB
:20BA40002041DA0189FF2808910000F6D9FF3810DA0074FF910000F6D9FF102054FF4B0FC2
:20BA600061F1BBA0700D9B30C2034B0F4110910000F6D9FF142054FF82004B0F01F0370F68
:20BA800061F16E4F910000F6D9FF142054FF6B0F31013BF026F19B3FA8F34BF001F0370FDC
:20BAA00061F16E3F910000F6D9FF182054FF6B0F31F84B0F51F0910000F6D9FF1C2054F27E
:20BAC0006B0231294B025100910000F6D9FF30203B3033239B32F32391000026D9223020AC
:20BAE0005423BBA099499B94E9434B4341306B2F61F374FF910000F6D9FF34203B3033F393
:20BB00009B3FF3F391000026D92234205422BBA099399B93E9334B3241206BF061F274FF73
:20BB2000910000F6D9FF182074F8910000F6D9FF1C2074F9910000F6D9FF142074F1910071
:20BB400000F6D9FF002074F8910000F6D9FF042074F9910000F6D9FF082074FA910000F61F
:20BB6000D9FF3C10DA0134FF91000046D94404A0910000F6D9FF2041488F7B4033044B0F18
:20BB800041F03BB0FD009B9004044B0F51700B89104802A66D007108910000F6D9FF04A0C1
:20BBA00049F43C1A7B00F8436D001E0B910000F6D9FF204191000026D9220020542F74FF1E
:20BBC000910000F6D9FF204191000026D9220420542F6CF1910000F6D9FF20419100002678
:20BBE000D9220820542F6CF2910000F6D9FF204191000026D9223020542F6CF3910000F616
:20BC0000D9FF204191000026D9223420542F6CF400902018910000F6D9FF345109FF6408E2
:20BC2000EE031D006402910000F6D9FF3451DA0089FF2408910000F6D9FF102091000026D8
:20BC4000D9221020542FC21F74FF910000F6D9FF282091000026D9222820542FC21F74FF6A
:20BC6000910000F6D9FF3451484F74AF910000F6D9FF3451485F7801BBA070FD9B3FC2F3CB
:20BC8000780291000046D94404A0910000F6D9FF345154F4910000F6D9FF34514815910094
:20BCA00000F6D9FF34514826910000F6D9FF345148376D009C05910000F6D9FF282054FF58
:20BCC000BFAF3B80910000F6D9FF2820DA0074FF910000F6D9FF3451487F67FFBF4F910097
:20BCE00000F6D9FF345148656DFF64EF3BD0A3F09B7FDDFB6B0F21F2910000F6D9FF2041A8
:20BD000089FF320991000046D94404A0910000F6D9FF34514864910000F6D9FF3451487597
:20BD2000910000F6D9FF345148863BD0A3709B77DD7B6D00430891000046D94404A09100E8
:20BD400000F6D9FF204149F5180A910000F6D9FF204149F61C0A910000F6D9FF204149F72F
:20BD6000200A6D00F604910000F6D9FF282054FFEE3D910000F6D9FF204109FF3209370FC4
:20BD8000E8FB8B0F20F26E32910000F6D9FF2041488F910000F6D9FF204109F032096B007E
:20BDA00031FF3C073BB0FD009B900C046B0031FF3BB0FD009B9004044B0F01006F20F4FF5A
:20BDC0003C073BB0FD009B900C046B0021FF3BB0FD009B90040C4B0F01006F00F4FF910001
:20BDE00000F6D9FF204189FF3609910000F6D9FF3C1014FFDF0FB500910000F6D9FF381045
:20BE000054F0DA327FF0AD80910000F6D9FF2041488F02F46DFF68EF022802F46D005511F3
:20BE2000910000F6D9FF345154FF4BF84100910000F6D9FF3451481F6BF27100910000F6A7
:20BE4000D9FF345154F1910000F6D9FF3451481F4BF841F06B1261FF910000F6D9FF3020F5
:20BE6000BBA0701D9B31C21391000026D922302054226B10610274F0910000F6D9FF3420CC
:20BE8000BBA0700D9B30C20391000026D922342054216B0F61F174FF910000F6D9FF002001
:20BEA00091000026D9223020542FBBA0700D9B30C20391000026D922002054216B0F61F182
:20BEC00074FF910000F6D9FF042091000026D9223420542FBBA0700D9B30C20391000026C4
:20BEE000D922042054216B0F61F174FF910000F6D9FF204191000026D9220020542F74FFE7
:20BF0000910000F6D9FF204191000026D9220420542F6CF1910000F6D9FF20419100002634
:20BF2000D9220820542F6CF2910000F6D9FF204191000026D9223020542F6CF3910000F6D2
:20BF4000D9FF204191000026D9223420542F6CF4910000F6D9FF2041DA006CF53C399100BE
:20BF600000F6D9FF381091000026D9223810542FC21F74FF91000046D94404A0910000565B
:20BF8000D955204191000066D9662041B046910000F6D9FF204149F7080A6D001A04910057
:20BFA0000046D94404A0910000F6D9FF204149F50C0A910000F6D9FF204149F6100A9100BC
:20BFC00000F6D9FF204149F7140A6D000904910000F6D9FF04A009FF3C19910000F6D9FF9B
:20BFE00004A009F03C296B0021FF910000F6D9FF04A009F03C396B00214FDA004BF401F05E
:20C00000AE2382023C036D008810910000F6D9FF2041689291000026D9222041910000F633
:20C02000D9FF04A048AF892F3A0991000026D9222041910000F6D9FF04A048BF892F3E0976
:20C0400091000026D9222041910000F6D9FF04A048CF892F021991000026D922204191003C
:20C0600000F6D9FF04A048DF892F061991000026D9222041910000F6D9FF04A048EF892F4B
:20C080000A1991000026D9222041910000F6D9FF04A048FF892F0E1991000046D94404A0A9
:20C0A00049A50C0A49A6100A49A7140A6D009103910000F6D9FF204191000026D9220020D2
:20C0C000542F09A00C096B0031FF89FF2A09910000F6D9FF204191000026D92204205420BF
:20C0E00058046B0F31F089FF2E0900906D006201762191000046D94404A091000056D955E6
:20C100002C0091000066D96628106D00D80591000046D944204182043B4005506D000C0A0D
:20C12000910000F6D9FF1020DA0074FF910000F6D9FF2C20DA0034FF910000F6D9FF3410C8
:20C14000DA0074FF910000F6D9FF3C10DA0034FF910000F6D9FF3810DA0074FF910000F65F
:20C16000D9FF3020DA0074FF910000F6D9FF3420DA0074FF910000F6D9FF14207B00F8FB49
:20C1800074FF910000F6D9FF1820DA0074FF910000F6D9FF1C20DA0074FF910000F6D9FF01
:20C1A0000020DA0074FF910000F6D9FF0420DA0074FF910000F6D9FF0820DA0074FF9100DD
:20C1C0000046D94404A082048205820682076D005405009020180248F6833B800C80910011
:20C1E00000F8D9FFE40149FF000A49A2000AA02444F06420FC4E910000F8D9FFE40149FFEF
:20C20000000A49A20C0AA02444F06420FC4E82091D0091006D00C91C6D00EE1C910000F6C4
:20C22000D9FF144094F04B004101910000F6D9FF384054F14B105100BBA0801E9BC111147F
:20C2400054AF6B1061FF74AF910000F6D9FF184094FF4B0F41F1910000F6D9FF384054F0EC
:20C260004B0F5100BBA0801E9BC1111458016B1061FF7801910000F6D9FF1C4094FF4B0F44
:20C2800041F1910000F6D9FF384054F04B0F5100BBA0801E9BC1111458026B1061FF78027D
:20C2A000910000F6D9FF204094FF4B0F4101910000F6D9FF3840481F4BF05100BB50A31FF9
:20C2C0009BE1C81358036B1061FF7803910000F6D9FF244094FF4B0F4101910000F6D9FF05
:20C2E0003840481F4BF05100BB50A31F9BE1C81358046B1061FF7804910000F6D9FF284035
:20C3000094FF4B0F4101910000F6D9FF3840481F4BF05100BB50A31F9BE1C81358056B1028
:20C3200061FF78053BA000406D008D29C219370970903F8971FF7B00F8F34B0861014B0F1A
:20C340005100910000F6D9FF382054AF4B0F41F074FF910000F6D9FF382058014B0F41F039
:20C360006CF1910000F6D9FF382058024B0F41F0BBA0801E9BC111146B0131FF6CF29100BF
:20C3800000F6D9FF043058034B0F41F074FF910000F6D9FF043058044B0F41F06CF19100DA
:20C3A00000F6D9FF043058054B0F41F06CF2009091000046D944345182043B8002506D002C
:20C3C000BB086D00751C762382123C0382023C0100906D00EA1B6D000F1C6D00341C910087
:20C3E00000F6D9FF345191000026D9221440942F4B0F41F191000026D922384054204B0F9D
:20C4000051F0BBA0800E9BC011044B0F41F091000026D922382054206B0031FF74FF9100DA
:20C420000026D9223451910000F6D9FF184094FF4B0F41F1910000F6D9FF384054F04B0F0B
:20C4400051F0BBA0800E9BC011044B0F4100910000F6D9FF3820481F6B0F31F06C219100D0
:20C460000026D9223451910000F6D9FF1C4094FF4B0F41F1910000F6D9FF384054F04B0FC7
:20C4800051F0BBA0800E9BC011044B0F4100910000F6D9FF3820482F6B0F31F06C2291007F
:20C4A0000026D9223451910000F6D9FF204094FF4B0F4101910000F6D9FF3840481F4BF06F
:20C4C00051F0BB50A30F9BE0C8034B0F41F0910000F6D9FF043054F06B0031FF6C239100FB
:20C4E0000026D9223451910000F6D9FF244094FF4B0F4101910000F6D9FF3840481F4BF02B
:20C5000051F0BB50A30F9BE0C8034B0F4100910000F6D9FF0430481F6B0F31F06C24910086
:20C520000026D9223451910000F6D9FF284094FF4B0F4101910000F6D9FF3840481F4BF0E6
:20C5400051F0BB50A30F9BE0C8034B0F4100910000F6D9FF0430482F6B0F31F06C25910035
:20C560000026D9223451910000F6D9FF2C4094FF4B0F4101910000F6D9FF3840482F4BF092
:20C5800051F06C2691000026D9223451910000F6D9FF304094FF4B0F4101910000F6D9FF34
:20C5A0003840482F4BF051F06C2791000026D9223451910000F6D9FF344094FF4B0F410144
:20C5C000910000F6D9FF3840482F4BF051F06C28910000F6D9FF3451DA0189FF24080090FA
:20C5E0002058404C405F0B451088026A82043B40385040C46D00A007486F74AF487F780189
:20C60000488F7802489F780349A4100A49A5000A6D00BC0682003C0D9A30534F201053C0BF
:20C6200023F010CF01F100F67B00F8F374FFC210BF30F47F58054BAF410058066B9F71F0B2
:20C64000780D58064B8F410058046BAF71F0780E58044B9F410058056B8F71F0780F580859
:20C660004BAF410058096B9F71F0781058094B8F410058076BAF71F0781158074B9F4100C2
:20C6800058086B8F71F07812580B4BAF4100580C6B9F71F07813580C4B8F4100580A6BAF62
:20C6A00071F07814580A4B9F4100580B6B8F71F0781582003C1982013C149A61534F20202E
:20C6C0009A3053CF23F010CF01F200265341202053C020F010AF01F200F648DF742FC21127
:20C6E000BF31ED7FC210BF30E87F82003C1C82013C178B9100F0534F20209A3053CF23F019
:20C7000010CF01F200265341202053C020F010AF01F200F6484F67FFBFFF742FC211BF3161
:20C72000EA7FC210BF30E57F82003C0F8BC000F0534F20109A6053CF23F010CF01F100F69B
:20C740007B00F8FB74FFC210BF30F27F0090405F406C407D4C4609481C0909492009094A58
:20C7600024094B9F41006B8A71007B0000144B1041406DFFF2E974F24BA941006B8F610053
:20C780007B0000144B1041407B00F8034B9941106B8861117B0000246B2171506DFF0AEAD2
:20C7A00074C24B9841006BAF61F07B0000044B0F41407B00F8F34BAA41006B9961007B00DE
:20C7C00000146B10715F6DFFF5E974D20090544F745F4C41746F4C42747F00904C43745F81
:20C7E0004C44746F4C45747F0090D9AA602F404F19A0A0D019A1A4D019A8A8D039FFD8A0D1
:20C80000EE031D00390248AF6B0F319448BF6B0F31A548CF6B0F31B648DF6B0F31C748EFFA
:20C820006B0F31D048FF6B0F31E1486F74AF487F7801488F7802489F780349A4100A49A5E8
:20C84000000A6D00A30549A4340A0B9A104802B66D003A0649A4001A49A5100A49A6340AF0
:20C860006D00D90454F0483158107B00F0234B2F41F04B8F41F04B8F41F06B8161FF6B0F34
:20C8800021F074FF4810484158117B00F0234B2F41F04B8F41F04B8F41F06B8161FF6B0FB5
:20C8A00021F06CF14820485158127B00F0234B2F41F04B8F41F04B8F41F06B8161FF6B0F8A
:20C8C00021F06CF209A00019483F6B8061FF6CF309A00419484F6B8061FF6CF409A0081924
:20C8E000485F6B8061FF6CF549A40C1A0BCD104802E66D00E90549A4000A49A50C1A0284CE
:20C900006D00A10554AF6CF658016CF758026CF858036CF949A4181A40F50B9A104802B65C
:20C920006DFF60FE82003C165340201053C023F010F2012100265340201053C023F010F439
:20C9400001410046194F40004B8F41F0592F94C0C210DA0F3FF0EA7F82053C2E82003C2896
:20C96000820182023C165342203053C523F010A201230026092318195340204053C223F0DA
:20C9800010F201240026092F3C196BF36111C212DA0F3FF2EA7F5340202053C523F010A2E6
:20C9A000012200264B8141F0592F1CF0C210DA0F3FF0D87FC215DA0F3FF5D27F82053C2E26
:20C9C00082003C28820182023C165342203053C523F010F20123002609233C195342204046
:20C9E00053C023F010A201240026092F18196BF36111C212DA0F3FF2EA7F5340202053C599
:20CA000023F010A2012200264B8141F0592F60D0C210DA0F3FF0D87FC215DA0F3FF5D27FCD
:20CA200082033C3B82043C35534420F053C3230001F000261022534420F053C3230001F009
:20CA40000046104409403C19534420F053C3231001A10046104419411CF0534420F053C34F
:20CA6000232001A200461044194F60D06B0F2111534420F053C3232001F200461044194FFD
:20CA800094C06B0F21F16B0F21F0892F3C19C214DA0F3FF4CB7FC213DA0F3FF3C57F48AFB7
:20CAA0007B0000044B0F01F0370F61F16E047B0000F46CFA48AF7B00000C4B0F01F0370FBE
:20CAC00061F06E047B0000FC6CFA48BF7B0000044B0F01F0370F61F16E047B0000F46CFB05
:20CAE00048BF7B00000C4B0F01F0370F61F06E047B0000FC6CFB48CF7B0000044B0F01F095
:20CB0000370F61F16E047B0000F46CFC48CF7B00000C4B0F01F0370F61F06E047B0000FCCB
:20CB20006CFC48DF7B00F0034B0F01F0370F61F16E047B00F0F36CFD48DF7B00F00B4B0FE5
:20CB400001F0370F61F06E047B00F0FB6CFD48EF7B00F0034B0F01F0370F61F16E047B0097
:20CB6000F0F36CFE48EF7B00F00B4B0F01F0370F61F06E047B00F0FB6CFE48FF7B00F003E2
:20CB80004B0F01F0370F61F16E047B00F0F36CFF48FF7B00F00B4B0F01F0370F61F06E0466
:20CBA0007B00F0FB6CFF91000028D922F0014922000AD9A4A4B0A0E5442F644FFC5E910023
:20CBC0000028D922EC114922000AD9A4A0C0A0E5442F644FFC5E82013C44534120F053C123
:20CBE000230001F00026102209203C19534120F010A2192FA4B04BF001F0370F61F16E0F18
:20CC0000534120F053C1230001F000261022534120F010A4194FA4B0892F3C19534120F02B
:20CC200053C1230001F00026102209203C19534120F010A2192FA0C04BF001F0370F61F035
:20CC40006E0F534120F053C1230001F000261022534120F010A4194FA0C0892F3C19C21133
:20CC6000DA0F3FF1BC7F49F4001A82043BC003506D0062040090404F74F4681568263BB0E5
:20CC8000FDF09B9F04F44BF741F07B4033044B0F51F07B00F0034B0F418002846DFF24E8EE
:20CCA0006862DA006CF7DA006CF802846D000D0A6892DA01E9FFD8A00090404F405C406D88
:20CCC00082043BC0E95040F46D003604DA0074FFDA006CF1DA006CF2DA006CF3DA006CF490
:20CCE000DA006CF57B00F8F36CF6DA006CF7DA006CF8DA006CF949F43C1A7B00F8436D00C1
:20CD00007302BD0C160082003C0F534020F053C0231001F100261022534020F010C4544FA5
:20CD2000592F4000C210DA0F3FF0F17F3C2ABBA070FD9B3FC2F359FF402059FF401059FF5C
:20CD40004000DA0059FF405059FF404059FF4030BBA070FD9B3FC2F359FF408059FF4070BA
:20CD600059FF4060DA0059FF40B059FF40A059FF4090DA0059FF40E059FF40D059FF40C027
:20CD8000BCDB54DF59FF44E04CD159FF48E04CD259FF4CE03C0BBBA070FD9B3FC2F359FF18
:20CDA0004CE059FF48E059FF44E0DA01E9FFD8A0DA00E9FFD9A000902040404F024002789A
:20CDC00039FFD8A0EE031D0085006755BF4F02056DFFF0E66B08218249A5000A49A6040AF2
:20CDE00049A7080A40F46DFFB4FC58026B0F31883C073BB0FDF09B9F0CF46B0F31883BB0E1
:20CE0000FDF09B9F04F44BF801F06F2FF4FF3C073BB0FDF09B9F0CF46B0F21883BB0FDF0DE
:20CE20009B9F04FC4BF801F06F0FF4FF486F7803487F7804488F7805489F7806BBA099F9F8
:20CE40009B9FE9F34BF841F07B00F0034B0F419002946DFF49E789A21C09DA007808DA00F9
:20CE6000780902946D00310989A2280949A42C0A49A50C0A49A61C0A6D00F40149A42C0AD7
:20CE80006D004B02580B6CF6580C6CF7580D6CF8580E6CF948FFBBA0700D9B30C2036B0896
:20CEA00071FF6CFF48FF7B00F0034B0F01F0370F61F16E047B00F0F36CFF48FF7B00F00B07
:20CEC0004B0F01F0370F61F06E047B00F0FB6CFF00900D00000282046D00A91082046DFFF0
:20CEE000C4B78278DA010F8F00F0892F2829910000F6D9FF1400DA0134FF0D0040020080FB
:20CF00000D00000282046D00921082046DFFADB7DA0982180FF8008089282829910000F68A
:20CF2000D9FF1C00DA0134FF0D00400200800D00000282046D007B1082146DFF96B7827052
:20CF4000DA010F0F00F0892F28296DFF5EF36DFF5CE50D00400200800D00000282046D00A4
:20CF6000661082146DFF81B7DA0982180FF80080892828290D00400200800D000002820497
:20CF80006D0055100D00400200800D00000282046D004D1082046DFFADD6762482046DFF90
:20CFA0009FD682446DFFA6D6762482446DFF98D60D00400200800D00000282046D003710FC
:20CFC00082146DFF97D6762482146DFF89D682546DFF90D6762482546DFF82D60D004002BC
:20CFE00000800D00000282046D00211082346DFF81D6762482346DFF73D682746DFF7AD64E
:20D00000762482746DFF6CD60D00400200800D00000282046D000B1091000046D9444CA105
:20D020006DFFB1B60D00400200800D00000282046D00FD0F6D0010220D00400200800D00C5
:20D04000000282046D00F30F91000046D94478B16DFF99B60D00400200800D00000282049D
:20D060006D00E50F91000046D94464D16DFF8BB60D00400200800D00000282046D00D70FC2
:20D08000910000F6D9FF0C4091000026D9220C40542FC21F74FF91000046D94450F16DFF6F
:20D0A00072B60D00400200800D00000282046D00BE0F910000F6D9FF104091000026D92249
:20D0C0001040542FC21F74FF6D0075120D0040020080744489450409DA006C420090C234C5
:20D0E000B70402F06E659249DF096300910000F6D9FF106054FFEE1582046DFF42E3802F9F
:20D10000325F160392446DFF3CE38020DFF051001022F4F291000046B5420C6082007420DC
:20D12000D4FC820A3C0310CCB0FC54CF6E036F0FFCFFF4FC3C1DB70801F010CF6F081880D8
:20D1400054FFEE1182046DFF1CE349F4040A7D420F80325802846DFF14E3802F1EF874CA7D
:20D1600082083C0CAE0442F874C840CF40FC54C876856F08E2FF3F98E0FFDF082680BF19E0
:20D18000180002946DFFFDE2802F9EF249CF040A01F220F4EE0D012F30F4EE12802F325F9B
:20D1A0001603102F92446DFFECE2802F5EF3A002009001CF2020802F960174CF40FC01C936
:20D1C00000F674FA3C0A9A493FF8078001C900F6A29874F83C0202898F1940F174CF49C2AE
:20D1E000040A0090404F024882043B40385040F46D00A20182003C0A534020F053C023103A
:20D2000001F1002610227428C210DA0F3FF0F67F0090201082003C1C534020F010A253C0C7
:20D2200020F0105F48210962080953C020F0105F54F3546453C020F0105F48154C614BF51D
:20D2400041F06B4361FF6B2161FF742FC210BF30E57F49A5000A3BC000406D003B0100906F
:20D260002010545F54604B0F41004C51096104096B1F71004C52096108096B1F71004C53BA
:20D2800009610C096B1F71F074AF0950080909610C095452096304094C5154644B4F41F0D9
:20D2A0006B3261FF6B10610F4C53096108096B1F71F0780109500C090961040909520809B7
:20D2C000546354544C624BF44140095504094C636BF571F46B3261FF6B1061FF78020950F7
:20D2E0000C095461545209630C09095404094C624BF441F06B32612F095308094C616BF310
:20D3000071F26B1061FF780349A5000A3B0001406D00E0000090404F4830483148224823AE
:20D3200054F454F54816481F4BF641F06B5461FF6B3261FF6B10614F6D00EF06BBF06FFE64
:20D340009BBFEDF24BF201F0AE2B7B00F8F374FFDA006CF1DA006CF2DA006CF33C157B0040
:20D36000F8F34B2F510054FF4B0F41F074FF481F4B0F41F06CF1482F4B0F41F06CF2483F70
:20D380004B0F41F06CF300905454095504090956080909570C094B6641804B7741904B6566
:20D3A00041004B7541A04B7641B04B5441C04B6441D04B7441E07B00F8136B6661297B003D
:20D3C00000346B32711174416B7471F07B0000044B0F41F06C416B7561FD7B0000044B0F37
:20D3E00041F06C426B6561FE7B0000044B0F41F06C437B00F8F36B5561097B0000146B10CC
:20D4000071FF6C446B5471FB7B0000044B0F41F06C456B6471FA7B0000044B0F41F06C4610
:20D420006B7661FC7B0000044B0F41F06C477B00F8F36B5561087B0000146B1071FF6C4834
:20D4400000902010404F7B00F0F34BF44100545F4B0F41904C514B0F41A04C524B0F41B000
:20D460004BAA41F06B9961FF6BBB614F6D0055060228BBF06FFE9BBFEDF24BF801F0AE2601
:20D480007B00F8F37B00F8033C0A02846DFF2CE4022F02846D0019064B82510074AF4B0990
:20D4A00041F078014B0A41F078024B0B41F0780349A6000A40F440F56DFFD4FE40F46DFF80
:20D4C0002CFF0090744489450409894608090090DF043000404FBF842780804F8F3F000164
:20D4E00080518F3100115F101F802E06C2F4045F344F494F010A80FF2E16045F24FFC2E41A
:20D50000045F24FF8F7400018FD41FF06E0B02F14052C2F160160922480189F24801FC6C48
:20D52000D05502047646C2F46042045F24FFFC2E40420090404FBF852380804F2E05C2F5BB
:20D540003444494F010A80FF2E1424F4C2E524F48F7500F106D5DF051200D200764A370485
:20D5600068008F802010A6108F002110A6100201C2F5605289F04801FC2E02F57655C2F507
:20D58000605224F4FC2F40420090024F370FE81B8F1F1E00DAFF7E17024F7444B70F89FB5D
:20D5A0006E123C0B8FF00150DA7F7FF10900DA00B70F81FFA65F744F02420090DA963FF1A6
:20D5C0000A007444DA00B70F81FF8FF00120A6F20090B704890B8F71012082F38B610911B6
:20D5E0000F1300302630B700890BA652A60274426B0231F4B70F812FA65200903B202A408D
:20D600008215821682376D00E4223BB000403B80265482066D0048280090024F0EFC3B20A4
:20D620002A4082156D0018233BB0004002F56D00E6283C0C3B202A4082056D000D233BB088
:20D640000040325F02F56D00DA2800903BB0004082056D00D42800903B402A408215821644
:20D6600082376D00B6223BA001403B80265482066D001A280090024F0EFC3B402A408215BD
:20D680006D00EA223BA0014002F56D00B8283C0C3B402A4082056D00DF223BA00140325FE2
:20D6A00002F56D00AC2800903BA0014082056D00A62800904B5401F0370F61F06E03025248
:20D6C0003C0A4B6401F0370F61F16E0302623C0302423C0100907444894504098946080934
:20D6E00089470C09DA006C44DA006C45DA006C46DA00AC4EDA00AC4FDA00894F2008009091
:20D7000089441809DA01894F2008DA006C44DA006C450090DA00894F2008DA006C46DA005B
:20D72000AC4EDA00AC4F0090404F09FF6008EE0388E23C52486F4B0441016B00318F7B00B4
:20D7400027044B080100370061F06E187B00270C4B080100370061F16E11BBD0CC0C9BC074
:20D76000DC03484F6B0861FF6CF448447BA04F5C7BA04F646DFFA0FF6842485F6B0F31F8E1
:20D78000BBD0CC0C9BC0DC034B0F510068584861483F4BF14110482254F34814484F4BF4E1
:20D7A00041F06B8361FF6B0261FF6B0F21413B0000579B45615C3B0000679B4661646DFF5E
:20D7C0007BFF02246DFF9FD588F502246D001C00A8F2A8E23C0100904B0441F1BBD0CC0CC8
:20D7E0009BC04C044B0F51F03B004F009B10F4034B0F41F0BBD0CC0C9BC0DC034B0F5120C4
:20D800003C010090A254370450F03B803E007FF004003B803EF03B80C10F7F0F04003B809D
:20D82000C1FF42F5370550203C010090910000F6D9FF103014FF910000F6D9FF203014F013
:20D840003F0F0A80910000F6D9FF1430DA0434FF82223C54910000F6D9FF103014FF534FB4
:20D8600021F0910000F6D9FF1C6110FF54FF91000026D922204154206B00310F481F91002F
:20D880000026D9222041092104096B0131FF4BFF41F06B00614F6D004004483F4BF201F037
:20D8A000370F61F06E20910000F6D9FF103091000026D9221030142FC21F34FF910000F6D4
:20D8C000D9FF103014FF910000F6D9FF203014F03F0F0880910000F6D9FF1430DA0434FFE0
:20D8E00082223C0C7B0000F44BF201F0370F61F06E0382123C0382023C010090910000469C
:20D90000D9441C6182043B0019506DFF15FE910000F6D9FF2030DA0034FF910000F6D9FFA9
:20D920001030DA0034FF910000F6D9FF1430DA0034FF0090404C405D910000F6D9FF103092
:20D9400014FF910000F6D9FF203014F03F0F0780DA0074CFDA0074DF3C7C910000F6D9FFCB
:20D96000103014FF534F21F0910000F6D9FF1C6110FF91000026D9221030142F6E1F910063
:20D980000026D9221030142FC2FF534F21F091000026D9221C611022542891000026D922E0
:20D9A0001030142FC2FF534F21F091000026D9221C611022092904093C038208820954F038
:20D9C0006B0831A0481F6B0931BF4BBB41006BAA61406D00A203022CBBA0700D9B30C20393
:20D9E0004B0C01006F001D800BBA10486DFFE2E074D2910000F6D9FF204154F06B0831008A
:20DA0000910000F6D9FF2041481F6B0931FF4BFA41F06B0B71FF4BCF51F074CF3C1A54FF98
:20DA200091000026D922204154206B00310F481F910000F6D9FF204148116B0131FF4BFF4E
:20DA400041F06B00614F6D00680374C2DA0074DF0090404C405D910000F6D9FF103014FFD4
:20DA6000910000F6D9FF203014F03F0F0780DA0074CFDA0074DF3C3A910000F6D9FF1030BF
:20DA800014FF534F21F0910000F6D9FF1C6110FF54FF91000026D922204154206B00318FD0
:20DAA000481F91000026D9222041092004096B0031FF4BFF41006B8861406D002E0374C228
:20DAC0000BF810486DFF76E009FF50081E1409FF50085E224822910000F6D9FF2041488FB6
:20DAE0006B0F31426D001F0274D20090820491000048D94495026D00123282083C5682046F
:20DB000091000048D944A8026D000932820402856D009003820491000048D944AC026D0019
:20DB2000FE318204534821F0910000F6D9FF1C6110FF54F56D004D03820491000048D94417
:20DB4000C3716D00EC318204534821F0910000F6D9FF1C6110FF48156D003B0382049100CB
:20DB60000048D944B0026D00DA318204534821F0910000F6D9FF1C6110FF482F7B40330490
:20DB80004B0F41F03BB0FD009B9004044B0F51506D001F03820491000048D9446EE26D001C
:20DBA000BE31C21837086880910000F6D9FF203014FF3FF8A6FF0090910000F6D9FF1030A8
:20DBC00014FF910000F6D9FF203014F07F0F0F80910000F6D9FF103014FF534F21F091006C
:20DBE00000F6D9FF1C6110F23C03A0023C010090910000F6D9FF183014F23C01009091001F
:20DC000000F6D9FF103014FF910000F6D9FF203014F03F0F058082021D008900910000F6AC
:20DC2000D9FF103014FFC21F910000F6D9FF203014F03F0F040082023C79910000F6D9FF3B
:20DC4000103014FF534F21F0910000F6D9FF1C6110FF91000026D9221030142FC21F534F1B
:20DC600021F091000026D9221C61102C54FF91000026D922204154206B00318F481F91002B
:20DC80000026D9222041092004096B00319F4B9941F06B88614F6D004002022A54CF54F097
:20DCA0006B0031BF4CC148106B0031CF4BCC41F06BBB614F6D003102BBD0CCFC9BCFDCF3EF
:20DCC0004BFA01F0AE0ABBD0CCFC9BCFDCF34BF201F0370F61F06E0382023C284BC941F067
:20DCE0006BB861FF4B2A41004B0F51407B00F8F34BF401F0370F61F16E037B00F8437B0030
:20DD0000F8FB4BF401F0370F61F06E037B00F84B6DFFC3DD7B4033F44BF241F03BB0FD00D6
:20DD20009B9004044B0F51203C010090405C910000F6D9FF1C3091000026D9221C30542F50
:20DD40008BAF00F074FF910000F6D9FF183014F0DA003E09DA015F0F2800DA025F0F770028
:20DD60001D008700DA00744FDA0074CF910000F6D9FF1C3054FF3B803E003F0F15809100DA
:20DD800000F6D9FF1830DA0134FF910000F6D9FF1C30DA0074FF820491000048D94442F2B7
:20DDA0006D00BD303C65BBD0CCFC9BCFECFB744F910000F6D9FF203014FF6E30910000F61A
:20DDC000D9FF203014FFC2FF534F21F0910000F6D9FF1C6110FF482F910000F6D9FF204172
:20DDE00048806B00314F6D009E007B001FF44BF241007B801CF44BF001F0370F61F16E0319
:20DE00007B801C047B801CFC4BF001F0370F61F06E037B801C0C74C03C03DA0074CF91005C
:20DE200000F6D9FF1C3054FF3B8038013F0F0E80910000F6D9FF1830DA0234FF910000F668
:20DE4000D9FF1C30DA0074FF3C13DA00744FDA0074CF910000F6D9FF1430DA0434FF82040E
:20DE600091000048D94462F26D0059303C010090910000F6D9FF203014F0DA143FF0048041
:20DE800082023C4F910000F6D9FF203014FF534F21F0910000F6D9FF1C6110FF910000265C
:20DEA000D9222041542F74FF91000026D92220414C216CF191000026D92220414C286CF24E
:20DEC00089F41008DA003E46DA013E4ADA023E4C3C11BBD0CCFC9BCFF4F36CF33C117B006E
:20DEE000F0F36CF33C0DBBA099F99B9FE9F36CF33C07BBD0CCFC9BCFF4F36CF33C01910021
:20DF000000F6D9FF203091000026D9222030142FC21F34FF910000F6D9FF203014F23C0198
:20DF200000903C073BB0FDF09B9F0CF46B0F31443BB0FDF09B9F04F44BF401F06F2FF4FF42
:20DF40003C073BB0FDF09B9F0CF46B0F21443BB0FDF09B9F04FC4BF401F06F0FF4FF024296
:20DF60003C0100906B053144B704810F4C474BF00100370061F06E028204094F6008EE3178
:20DF80004C4354506BF46100745054504C4667FFBF1F094218094B100130370361F06E025D
:20DFA0003C0A4B200110370161F16E0302213C0302013C0174514C516B0F31044C434BF027
:20DFC0005100544F4B4F41204C414B1F41104C424B0F41F06B0121026B0F21F06C533C23B9
:20DFE0004C516B0F31044C517B0000146B1F71144C526B0F211154424C414B4F41304C4393
:20E000004BF341F06B02610F4C424B1F41104C434BF151F06B0F21004C536B0021FF6C53DB
:20E020004C516C528954040909500C0909421009094114094B2001F0370F61F06E023C0AB9
:20E040004B1001F0370F61F16E0302123C0302023C0189520C093C01009054A0580109A123
:20E0600048087444894504098946080989470C09894010096C456B0031FFB70F81FFBBD0F9
:20E08000CC0C9BC0EC034B0F41F06C46DA006C47894120080090DA00744FDA006C41DA0014
:20E0A0006C42DA006C43DA006C440090B70481FF6C470090024F8204370F68506D00242FFC
:20E0C00002F23C01009082051DFF78DB6F770C006F0505808FF707F16E06C215EF8504005D
:20E0E000C21606F5B70589FB8F7601008F840120A60FA6F20090201049A6100AA00FF4AF6B
:20E1000089A4840982FF780240A46DFFE1D6D801DA0034FF009002483708E8FBEE058204E8
:20E1200002851DFFD9DD6DFF60D9DF022280DA004BF801008F3000F16E056F001A001DFF78
:20E1400023D94B0891F17B00F0034B0841007B00FC134BF041206BF271214B2F41F04BF0F1
:20E1600041006BF071014B0F41F04BF841800282009037046800044F7E04B0F440420090C0
:20E18000EEF9A0020090404F044FEEFF01F420F080F2C2F200903C08C2F4044F04506E02CB
:20E1A0003E0352020090DF04F9FF82020090404F3C04C2F4045F24FF7647145FEEFB3C04E7
:20E1C000DA0024FFC2F4DF04FDFF404200900B541088DA004BF801F0370F61F06E083BD07E
:20E1E000025002946D00902E6788BF8F4B0871514B0561F16B0F31F802946D001B003BE03C
:20E20000025002946D00802E7B802C047B00F0136B0F61F14B0F71F1FFAF07803B00035007
:20E2200002946D00712E0B9F10486D0003000090201802508202F605DA3034AFC2123C1D17
:20E2400082033C0D01A300F6DA0A4BF011628B0703F02CFCC213DA0A4BF01102FF10F4FF0E
:20E260003C0AC2F301A200F601A30026092F0C0834FFC212FF13F77F01A200F6DA0034FFBF
:20E2800049A4000A6D004B2E00903B00D0269B9212246B4461224B4441F0BBE0F408BB50E9
:20E2A000061D9BA014049BB10C146B1F61106BF261F04BF151F04B4F412000906D00A706B1
:20E2C0006D0036006D003F006D007A1982046D00AE0600904DC0E1FF16073C016E083C01BE
:20E2E000910000F6D9FF2CC114FF6EFB4DC0E1FF16073C01910000F6D9FF2CC110FFDA01D9
:20E3000034FF8218DA003C0B910000F6D9FF2CC110FF14F0E20837086880C21FBF2FF6FFDB
:20E3200082146D009019DF08EE7F00906DFFF0CD02246DFF44CD6DFFFFCD02246DFF83CD67
:20E340000090910000F6D9FF30C16DFF69C974F24DC0E1FF8F7F00413C01910000F6D9FF01
:20E3600030C16DFFA0C86812910000F6D9FF30C16DFFABC96822910000FFBCF16DFF8DC9A5
:20E38000913000FF39FF3506160F4B0F41F14BF251F03C013C01910000F6D9FF30C16CF3F2
:20E3A0000090404F0258F64791000026D9222830142FEE023C1F91000026D9222430142FC6
:20E3C0006E033C013C0091000026D9222430DA00C21F342F6D000F063C0C91000048D9446F
:20E3E0008422A00640F502846D0033006D0004003CF500902008DA0074AFDA007801DA00F2
:20E4000074AF3C0FDA0078013C045801C21F780158013BF0FF017FF0FAFF54AFC21F74AF55
:20E4200054AF3BF0FF007FF0EFFF0090404676423C0E910000F6D9FF2C3014FF6E08910065
:20E440000048D944912202546D0003000090D9AAE86F404C405D0248406E820089A08C0814
:20E46000DA00ACA7DA007804DA00ACAADA00ACAB40D46DFF8AFE89A2100991000026D922BA
:20E4800000D1092FC0086E08910000F6D9FF00D1C84F2D0F0000910000F6D9FF2C3014F0F3
:20E4A000DF007B01910000F6D9FF00D109FFC008DF0F3F0109A096088CABC21FACAB91008C
:20E4C00000F6D9FF00D1C83F82043700705040C42D0F000040D46DFF58FE89A2100991002E
:20E4E00000F6D9FF00D109F0C208910000F6D9FF00D1086F4BF0010289A094083C0109DFEB
:20E500000008B01DEEFDDA00ACA73C11B0FD09D00008DA2F3E0509D00008DA5C7E0509AF95
:20E52000CE08C21FACA75804C2FF780409AFCE08FF2F05805804FF0FEB7F58040EFCB01DF0
:20E54000F4AD49A4180A91000058D955B7026DFFD4FD3C1709AFCE08EE0BF4AD49A4180A74
:20E5600091000058D95580126DFFC7FD3C0AF4AD49A4180A91000058D955B7026DFFBDFDD6
:20E58000DA00ACA63C4CDA00ACA73C2349A4180A6DFFFBFD09A0CC088CAA09A1CE0803F0A2
:20E5A0000AF17FF203803C1A09AFCE0810AF49FF184A09A0CC088CAA09A1CE0803F00AF1FE
:20E5C00010A2092F180834FF09AFCE08C21FACA709A0CE088CAA3FF0DB7F09AFCE0810AFB1
:20E5E00049FF184ADA0034FF910000F6D9FF00D108708CABE2F08CABC21FACAB910000F6BD
:20E60000D9FF00D1C83F82043700705049A4184A2D0F000009AFCC08C21FACA609A9CC08FD
:20E6200049A4180A6DFFB1FD8CAA4BF211029A103FF9ABFF74A849A4180A91000058D9555D
:20E640008D126DFF5AFD910000F6D9FF00D1087F09A09608E2F08CABC21FACAB910000F692
:20E66000D9FF00D1C83F82043700705049A4180A2D0F0000A00F7DEF5B00DA00ACA63C4CF8
:20E68000DA00ACA73C2240E46DFF7FFD09A0CC088CAA09A1CE0803F00AF17FF203803C1A78
:20E6A00009AFCE0810AF49FF184A09A0CC088CAA09A1CE0803F00AF110E2092F000834FFDD
:20E6C00009AFCE08C21FACA709A0CE088CAA3FF0DC7F09AFCE0810AF49FF184ADA0034FF35
:20E6E000910000F6D9FF00D1087F09A09608E2F08CABC21FACAB910000F6D9FF00D1C83FA4
:20E7000082043700705049A4184A2D0F000009AFCC08C21FACA609A8CC0840E46DFF35FDEB
:20E720008CAA4BF211029A103FF8ACFF3C3549A4185A82043B0010506DFFFEF6910000F6EF
:20E74000D9FF00D1C82F40C42D0F0000A00F7DEF1000F4AD89A8040989AE880949A4185AA8
:20E7600091000058D95596126DFFC7FC3C0CF4AD89A8040949A4185A91000058D955AF124D
:20E780006DFFBBFC910000F6D9FF00D1C82F49A4185A2D0F00000090910000F6D9FF00D1D4
:20E7A000094FC008B4FF910000F6D9FF00D1094FC208ACF1910000F6D9FF00D1094FC40843
:20E7C000ACF2910000F6D9FF00D10C462CF6910000F6D9FF00D10C472CF7910000F6D9FFF2
:20E7E00000D109428809E822910000F6D9FF00D109428C09E83291000026D92200D1CC44A5
:20E80000EC24910000F6D9FF2C30DA0134FF0090DA00B44FBBF0FFFFAC41BBF0FFFFAC4285
:20E82000DAFF2C46DAFF2C47A00FEC42A00FEC43A00FEC440090404FA00201F2104491000E
:20E840000048D9449D223B5005506DFFACFD820814FF960134FFDA006CF2DA006CF3485F20
:20E860006CF4081F82003E0682103E0A8220BE003C17C814820448556DFF5EF63C11C814D6
:20E880008204485F532F20506DFF56F63C09C8148204485F534F20506DFF4EF63C01DA007A
:20E8A00034FF02823C0100904C43424F6C433C064C4309401409A20F6C434C4509400C097F
:20E8C0007FF0F8FF00904C42424F6C423C064C4209401409A20F6C424C45094008097FF086
:20E8E000F8FF0090404F024F405C0258A00201F2104491000048D9449D223B2022506DFFE4
:20E9000052FD8202E81C820034F02CF1DA006CF2DA006CF3684868583C010090404F405C84
:20E92000406D0249A00201F2104491000048D9449D223B1016506DFF36FDA00201D2104428
:20E9400091000048D9449D223B2016506DFF2BFD82088200A0027DC2058082381D009000D4
:20E9600014FF16036E0574D082681D009F0040F46D009F0054D07F020B8074D28278F62741
:20E9800014FFB70F81F134FF1D00900014FF960834FF485F4830520A54D03F0A2B80081FAE
:20E9A00082003E0682103E0C8220BE063C21C812483F102554D440C46DFF8CF53C19C81214
:20E9C000483F532F20F0102554DF532F204040C46DFF80F53C0DC812483F534F20F010255E
:20E9E00054DF534F204040C46DFF74F53C013C43081F82003E078210BE0482205F0F2700D4
:20EA00003C3AC812483F102540C402A46DFF62F501CA0046C81554D4A2A46DFF5BF53C2BFE
:20EA2000C812483F532F20F01025532A204040C46DFF50F5532A20F010C4C81554DFA2AF5A
:20EA4000532F20406DFF46F53C16C812483F534F20F01025534A204040C46DFF3BF5534A59
:20EA600020F010C4C81554DFA2AF534F20406DFF31F53C0114FFB70F81F134FFDF09168084
:20EA800014F0DA0B7E0382283C1014FF960234FF54D440F46DFF0AFF484F54D0420F6CF4FB
:20EAA00014FFB70F81F034FF02823C010090404FA002012F104491000048D9449D223B6083
:20EAC00007506DFF70FC485F484052023C010090404F405C0248A00201F210449100004880
:20EAE000D9449D223B000B506DFF5DFC8209A0027DC2058082391D00B50014FF16056E04C1
:20EB000082491D00AF0014FF960434FF484F3F8FA480485F4820520A7F8A69800810DA00A6
:20EB20003E0882115F012000DA025F0F3E003C5DC812482F102440C502A46DFFCBF440F4CC
:20EB400002A46DFFC2FEC812482F102401CA00560BA880406DFFBEF40BA8804040F46DFF99
:20EB6000B4FE3C43C812482F532F20F01024532A204040C56DFFAEF440F402A46DFFA5FE74
:20EB8000C812482F532F20F01024532A20F010C55AA8532F20406DFF9DF40BA8804040F474
:20EBA0006DFF93FE3C22C812482F534F20F01024534A204040C56DFF8DF440F402A46DFF8E
:20EBC00084FEC812482F534F20F01024534A20F010C55AA8534F20406DFF7CF40BA88040A7
:20EBE00040F46DFF72FE3C013C33081F82003E068210BE008220BE0D3C2BC812482F1024C3
:20EC000040C502846DFF66F440F402846DFF5DFE3C1FC812482F532F20F0102453282040D5
:20EC200040C56DFF57F440F402846DFF4EFE3C10C812482F534F20F010245348204040C523
:20EC40006DFF48F440F402846DFF3FFE3C01484FA28F6CF43C02825914FFB70F01F134FF2D
:20EC600002923C0100902058404C0B451088A00F01FC104491000048D9441D333B301C502A
:20EC80006DFF91FB0290A00F7DCF04801D0088004B08312182014B180110370161F06E052E
:20ECA000DA2D34CFB01C3C0E3708E8FBBA0F6E0ADA3034CFB01CDA2E34CFB01CDA3034CF14
:20ECC0003C6E4B0241F16B0F31F83C06C2F07B0012144B1F41F0DF00FBFF4B0F314182060B
:20ECE000534620F010AFDA0A4BF2010274F19A16370F6860DA0A4BF20122DF02F3FF3C18FA
:20ED00009AF6534F20F010AF54F00E079AF6534F20F010AF54FF3C079AF6534F20F010AF01
:20ED200054FF325F8B0F03F034CFB01CC2F6DF06E9FFDF0935008202DA2E34CFB01CF6445C
:20ED4000DA3034CF3C2C3C0F534220F010AFDA0A4BF4010268C19A12370F6820DA0A4BF4A3
:20ED60000142C2F9DF09F2FF3C189AF2534F20F010AF48CF0EF79AF2534F20F010AF48CF3B
:20ED80003C079AF2534F20F010AF48CF325F8B0F03F034CFB01CC2F2DF02E9FF0090404F93
:20EDA000A002012F104491000048D9441D333B5018506DFFF8FA8202820382047B00F85341
:20EDC000A0027DF203803C5209F00008DA2D7E048212B01F3C0609F00008DA2B7E02B01F8D
:20EDE0003C0C7B00120409F100088B011D104B0141116B036131B01F09F00008DA303FF0D8
:20EE0000070009F00008DA397F0FED7F09F00008DA2E5F0F2780B01F3C107B0012F409F02A
:20EE200000088B001D004B0041016BF461407B0012F44BF54150B01F09F00008DA303FF03A
:20EE40000F0009F00008DA393F0F0A003B80B2F69BEFE6F44BF501F06F0FE1FF4B545140B1
:20EE60006B04213376236733BF3F02323C010090404FA002012F104491000048D9441D33A2
:20EE80003B6021506DFF8FFA40F46DFF7EF982018203A0027DF203803C43DF03340009F030
:20EEA0000008DA613FF00C0009F00008DA663F0F070009F000088B901AF03C2009F00008BB
:20EEC000DA413FF00C0009F00008DA463F0F070009F000088B901CF03C1109F00008DA30E6
:20EEE0003FF00C0009F00008DA393F0F070009FF00088B0F1DF03C023C130641160FA6F127
:20EF00003C0B09F00008DA307E0709F00108DA787E03B01F8213B01F022FC2F2EEBB021270
:20EF20003C010090404FA002012F104491000048D9441D333B4005506DFF35FA8200820298
:20EF4000A0027DF203803C2209F10008DA2D7E148210B01F3C0609F10008DA2B7E12B01F1B
:20EF60003C09DA0A09F100088B011D1003F20A21B01F09F10008DA303FF1070009F1000879
:20EF8000DA397F1FF07F760232523C0100902010404C0248A00F01FC104491000048D9448C
:20EFA0001D333BC00C506DFFFEF9DA00A00F7DCF03803C1FF684DA3034CF3C1B3C0E10AFAD
:20EFC0003BA000004B08110234F1C21F370F68F03BA000004B081182DF08F3FF3C0910AFAE
:20EFE00009F03FF88B00030034C0B01CC2FFEEF800906D000C006D0046166D001A1B6D000B
:20F000004E1582046D00130000904DC0E2FF370FE1F78B0F20F23C010D00400300003C0175
:20F020003C018B0F00223C010090F6430D00000300902010404F821440F46D002C00C2F25B
:20F04000370268F049A4000A40F502F46DFFB1F810AFDA0034FF49A4000A6DFFA2FE3C01DC
:20F0600000902010404F821440F46D001400C2F2370268F049A4000A40F502F46DFF99F892
:20F0800010AFDA0034FF49A4000A6DFF4DFF3C0100900248404F82093BA0004040F46DFF09
:20F0A0006AF882008202A0047D240800802080F1A210C21037006800DA003C1410F2092111
:20F0C00000083BC002305F310580C219370968905F890680C21F370F68203C06C21F370F4D
:20F0E00068F03F0FEDFF3C01009020088208910000F8D9FF094349FF000A49A2000AA04427
:20F1000004FF242FFC4E910000F6D9FF3C3014FFDF1F4680910000F6D9FF3C30DA0234FFD3
:20F1200091000046D94460413BA002406DFF23F8B01249A4020A822440256DFF3AF849A445
:20F14000000A6DFF97FE37026800910000F6D9FF6041081182223C0A910000F6D9FF604100
:20F1600001F200F614FFC6F1C212910000F6D9FF604101F200F614F3DA2A5F3FEFFF5F0128
:20F18000050082181D00B20091000046D944604191000056D95514D16D005103910000F62A
:20F1A000D9FF3C30DA0034FF910000F6D9FF343014FFDF1F4580910000F6D9FF3430DA02C6
:20F1C00034FF91000046D94460213BA002406DFFD2F7B01249A4020A822440256DFFE9F723
:20F1E00049A4000A6DFF46FE37026800910000F6D9FF6021081182223C0A910000F6D9FF85
:20F20000602101F200F614FFC6F1C212910000F6D9FF602101F200F614F3DA2A5F3FEFFF86
:20F220005F01040082183C6191000046D944602191000056D95514D16D00CB02910000F603
:20F24000D9FF3430DA0034FF910000F6D9FF084014FFDF1F4580910000F6D9FF0840DA0265
:20F2600034FF91000046D94460613BA002406DFF82F7B01249A4020A822440256DFF99F7E2
:20F2800049A4000A6DFFF6FD37026800910000F6D9FF6061081182223C0A910000F6D9FFF5
:20F2A000606101F200F614FFC6F1C212910000F6D9FF606101F200F614F3DA2A5F3FEFFF66
:20F2C0005F01040082183C1191000046D944606191000056D95514D16D00C003910000F67D
:20F2E000D9FF0840DA0034FF02823C0100902098910000F8D9FF365349FF000A49A2000AA7
:20F30000C5041B0004FF242FFC4E910000F8D9FF126349FF000A49A21C0AA0A404FF242F96
:20F32000FC4E910000F8D9FF1D6349FF000A49A2270AA0A404FF242FFC4E910000F8D9FFEF
:20F34000286349FF000A49A2320AA0A404FF242FFC4E910000F8D9FF0E4349FF000A49A2D6
:20F360003D0AA0A404FF242FFC4E910000F8D9FF194349FF000A49A2081AA0A404FF242FAC
:20F38000FC4E910000F8D9FF244349FF000A49A2131AA0A404FF242FFC4E910000F8D9FFAC
:20F3A0002F4349FF000A49A21E1AA0A404FF242FFC4E910000F8D9FF3A4349FF000A49A267
:20F3C000291AA0A404FF242FFC4E910000F8D9FF055349FF000A49A2341AA0A404FF242F28
:20F3E000FC4E910000F8D9FF105349FF000A49A23F1AA0A404FF242FFC4E910000F8D9FF24
:20F400001B5349FF000A49A20A2AA0A404FF242FFC4EDF140400DF14AB8091000046D94420
:20F420004821820491000056D95548013B0008506DFF5AFA3B401F406D00051182343B00DE
:20F4400058523B5001603BE000706D00CB21823449A4000A3BC001506D004C253B800C4054
:20F460006D00F110823449A4270A3BB000506D0041253B2003406D00E610823449A41C0A72
:20F480003BB000506D0036253B2003406D00DB10823449A4320A3BB000506D002B253B2041
:20F4A00003406D00D010823449A43D0A3BB000506D0020253B2003406D00C510823449A462
:20F4C000081A3BB000506D0015253B2003406D00BA10823449A4131A3BB000506D000A25AC
:20F4E0003B2003406D00AF10823449A41E1A3BB000506D00FF243B2003406D00A410823427
:20F5000049A4291A3BB000506D00F4243B2003406D009910823449A4341A3BB000506D00AE
:20F52000E9243B2003406D008E10823449A43F1A3BB000506D00DE243B2003406D008310D1
:20F54000823449A40A2A3BB000506D00D3243B2003406D007810910000F6D9FF0440DA0124
:20F5600034FF823482156D0055233C23DF24228091000046D9444821820491000056D9552A
:20F5800048013B0008506DFFAFF982343B0058523B5001603BE000706D002421910000F630
:20F5A000D9FF0440DA0134FF823482156D00322300902010DA0089AF0609910000F6D9FFD2
:20F5C000044014FFDF0F0401DA002CAA3C1591000046D944482149A50A0A82146DFF7AFA0B
:20F5E000910000F6D9FF004091000026D9220040542FC21F74FF823449A40A0A6D00F72266
:20F60000DF02E7FF0CAA3BA000005F0FE180820891000046D94448216DFF4BFA89A20C09EB
:20F6200009A00C09DA803FF00480DA7F780391000046D944482191000056D95508E149A6E1
:20F640000C0A82146DFF6CF95803910000F6D9FF08E110FF820034F0826089A0060991002A
:20F660000046D944482149A5000A49A6060A82146DFF56F949A4030A91000058D9552653EC
:20F6800082346DFF8AF5DF022580910000F6D9FF3C3014FF9E2D910000F6D9FF3C30DA01F4
:20F6A00034FF91000046D94448216DFF02FA89A2060991000046D944482191000056D955A6
:20F6C000604149A6060A82046DFF2AF982183C7249A4030A91000058D9552A5382346DFF7D
:20F6E0005CF5DF022580910000F6D9FF343014FF9E2D910000F6D9FF3430DA0134FF910030
:20F700000046D94448216DFFD4F989A2060991000046D944482191000056D955602149A6C8
:20F72000060A82046DFFFCF882183C4449A4030A91000058D9552E5382346DFF2EF5DF0201
:20F740002580910000F6D9FF084014FF9E2D910000F6D9FF0840DA0134FF91000046D944D6
:20F7600048216DFFA6F989A2060991000046D944482191000056D955606149A6060A820423
:20F780006DFFCEF882183C1649A4030A91000058D955325382346DFF00F5F62C910000F6F5
:20F7A000D9FF383091000026D9223830542FC21F74FF91000046D94448216DFF3EF876871C
:20F7C000910000F6D9FF3030DA0134FF0090404C405F8208822440C46DFF5DFC01C20026BF
:20F7E000092F0008370F6800DA2C5F0F2500827440C46DFF50FC01C200466DFF34FC89F2B0
:20F800002E083B90004040C46DFF45FC01C200D63BB0004040C46DFF3EFC01C200C640D4EB
:20F820006DFF09FC022F40C46DFF05FC6B0221FF6CFC821802823C010090404C405F820820
:20F84000822440C46DFF27FC01C20026092F0008370F6800DA413E04DA445F0F9C808218F9
:20F86000DA012CF8824440C46DFF15FC01C20026092F000889FF1E08826440C46DFF0BFC0E
:20F8800001C20026092F000889FF1F08823440C46DFF01FC01C200466DFFCDFB022982542F
:20F8A00040C46DFFF8FB01C200466DFFC4FB4B093101DA644BF00102A85009FFCA08534F3B
:20F8C00026F04B0F41F16B0F31394B0331F1ACF609FFCC084B0F61F16B0F31F3BB000008A7
:20F8E0009BB05B044B0F41F04B0F31F1ACF74B023101DA644BF00102A88009FFD008534F0F
:20F9000026F04B0F41F16B0F31124B0131F1ACF909FFD2084B0F61F16B0F31F1BB00000888
:20F920009BB05B044B0F41F04B0F31F1ACFA09FFCA084B0F61F17B0027044B0351006B003A
:20F9400021FF89FF160909FFD0084B0F61F17B0027044B0151006B0021FF89FF1A098274E5
:20F9600040C46DFF98FB01C200466DFF64FBBBD0CCFC9BCFFEF34BF241F06CF83B80004035
:20F9800040C46DFF88FB01C200466DFF54FB68923C03DA002CF809CF07088B0F1D00DA0AF7
:20F9A00009C108088B011D1003F00AF12CF409CF09088B0F1D00DA0A09C10A088B011D108D
:20F9C00003F00AF12CF509CF0B088B0F1D00DA0A09C10C088B011D1003F00AF12CF63B9020
:20F9E000004040C46DFF57FB01C20026092F00088B0F1D00DA0A01C20026092101088B0199
:20FA00001D1003F00AF12CF301C20026092F02088B0F1D00DA0A01C20026092103088B013C
:20FA20001D1003F00AF12CF201C20026092F04088B0F1D00DA0A01C20026092105088B0119
:20FA40001D1003F00AF11B0F7DF0B4FF40F46D00290002823C010090404F405C82088224CB
:20FA600040F46DFF18FB01F20026092F0008370F6800DA41FE00DA0189CF2808821440F486
:20FA80006DFF09FB01F200466DFFD5FA89C22A0982183C04DA0089CF280802823C01009077
:20FAA0000C448B8F00F02C440C443B7001007FF045800C448B8F1EF02C440C43C21F2C43C5
:20FAC0000C42DE283BC001200940C00882414B100102F6170940C008DA644BF00102F618DC
:20FAE0000940C0083B0019104B100102F612C2123C113BF001200C421E4B0C421E690940E9
:20FB00004208DA093E0509404208DA0B7E033BE001200C437FF21280DA012C430C42C21F75
:20FB20002C420C42BFDF0A800C428B4F1FF02C42094FC008C21FB44F00908208820A820907
:20FB40003C130290C21937097090DAFF7F0F048082183C0D3BF000406D00A602022A3BA054
:20FB600000406D00700DDA6B5FAFEDFF02823C01009002588F1420F03B5001408F1F4051B3
:20FB80006D0024033B60014002856D001F033B70014082656D001A033B4001403BC0065075
:20FBA0006D001403009020083B80024049A4000A82656D00A902910000F6D9FF14400CA1B6
:20FBC0008F8F20F014A0A60FB4FF910000F6D9FF18400CA38F8F20000CA2A6F0B4F09100BE
:20FBE00000F6D9FF1C400CA58F8F20000CA4A6F0B4F0009020083B20024049A4000A8265CF
:20FC00006D008202910000F6D9FF20400CA18F8F20F014A0A60FB4FF910000F6D9FF24407A
:20FC20000CA38F8F20000CA2A6F0B4F0910000F6D9FF28400CA58F8F20000CA4A6F0B4F04F
:20FC40000090200882143B0004506D00BF023B2002406D0029026F022600822449A4000A30
:20FC600082656D005102910000F6D9FF2C400CA18F8F20F014A0A60FB4FF910000F6D9FFBC
:20FC800030400CA38F8F20000CA2A6F0B4F0910000F6D9FF34400CA58F8F20000CA4A6F017
:20FCA000B4F0821482056D0091020090201082083BA000406D00C70C8270B4A0DA0CACA264
:20FCC0003B3019F0ACA482048205BB0068699B86096082076D0013163BD02840821582068C
:20FCE00082376D00760F821482056D006F023B20014082156D006A0282246D00A40C8214F9
:20FD000082056D0063026DFF1AFFDF021200820491000048D944336391000058D9551B735B
:20FD20003B8017506DFF84F382181D009C013BD0004082356D004A028220DA00BE0A8211D8
:20FD40005F01280082215F013500DA035F0F42003C01820491000048D9440783910000582A
:20FD6000D9551B733B8018506DFF62F382183C413B0001403B0003506D002802910000F6A4
:20FD8000D9FF38403B0020F19B0F68F474FF3C313B0001403B8003506D001802910000F649
:20FDA000D9FF38403B0040F19B0F60F474FF3C213B0001403BC003506D000802910000F6F1
:20FDC000D9FF38403B0000F19B0F58F474FF3C113B0001403B4003506D00F801910000F6BA
:20FDE000D9FF38403B0000F19B0F50F474FF3C01DF1804801D003701DA0482005F0F21002A
:20FE000082105F0F2E0082205F0F3B0082305F0F480082405F0F550082505F0F62003C019D
:20FE2000820491000048D9442E8391000058D9551B733B001B506DFFFBF282183C613B106F
:20FE400001403B2005506D00C101910000F6D9FF3840BBA099F99B4F36F46CF13C513B1075
:20FE600001403B0005506D00B101910000F6D9FF3840BBA099F99B4F2EF46CF13C413B109D
:20FE800001403B4005506D00A101910000F6D9FF38403B6066F69B4F26F46CF13C313B105B
:20FEA00001403B8005506D009101910000F6D9FF3840BBD0CCFC9B4F1EF46CF13C213B10C7
:20FEC00001403BC005506D008101910000F6D9FF3840BBD0CCFC9B4F16F46CF13C113B108F
:20FEE00001403B1005506D007101910000F6D9FF38403B3033F39B3F0EF46CF13C01DF186D
:20FF000004801D00B0003B2001403B4004506D005D013B30014082256D0058013B40014085
:20FF200082056D0053013B50014082056D004E013B60014082056D0049013B8001408215BD
:20FF40006D00440182143B0004506D003F013B4001403B0008506D00390182246D00730B96
:20FF60003B40014082056D00310182246D006B0B3BD000403BA000503B0008606D0054013B
:20FF800082246D00600B3BD000403BA0005082066D004A0182246D00560B6D006700DF0204
:20FFA0001100820491000048D944169391000058D9551B733BB01E506DFF3AF282183C524D
:20FFC0008210DA00BE04DA015F0F24003C01820491000048D944359391000058D9551B7360
:20FFE0003B701F506DFF24F282183C253BD000403B9000503B9000606D001601910000F6CE
:02000004800179
:20000000D9FF3840BB0000F89BBF63F46CF23C133BD000403B9000503B9001606D0004017B
:20002000910000F6D9FF3840BB0000F89BBF53F46CF23C01DF1803803C153BD000403BB0F9
:20004000005082166D00F0003BD0004082056DFF92FD821482056D00B9003B4001406D0022
:20006000F20A02823C0100908208820A82093C150290C21937097090DAFF7F0F048082180F
:200080003C0F3BD000403BD000506D006E00022A3BA000406D00D70ADAFF5FAFEBFF0282AA
:2000A0003C0100900248DA006E0A3BD028406D00060DB0423B0000F2742F3C093BD028406A
:2000C0006D00FD0CB0427B0000F2742F82048F0848516D00EF190228DA016E0A3BD028408D
:2000E0006D00ED0CB0423B0000F2742F3C093BD028406D00E40CB0427B0000F2742F02823D
:200100003C0100900248404F0259DA006E0A3BD028406D00D40CB0423B0000F2742F3C09C5
:200120003BD028406D00CB0CB0427B0000F2742F82048F08485140F402966D00031ADA011F
:200140006E0A3BD028406D00BA0CB0423B0000F2742F3C093BD028406D00B10CB0427B0070
:2001600000F2742F0090025982088F1420F03B5001408F1F40516D0029003B6001400295AE
:200180006D0024003B70014082156D001F003B4001403BC004506D0019003C0C0280C2188A
:2001A00037087080DAFF7F0F03803C0A82246D004A0A3B2002406DFF77FF6F02F17F822473
:2001C0006DFF72FF3C0100900B451088DA006E0A3BD028406D00730CB0423B0000F2742F1A
:2001E0003C093BD028406D006A0CB0427B0000F2742F8204028502966D00971ADA016E0A4C
:200200003BD028406D005B0CB0423B0000F2742F3C093BD028406D00520CB0427B0000F2F3
:20022000742F0090025F0268820A82098F1420B03B70014082056DFFC9FF3B50014002B50C
:200240006DFFC4FF3B60014002F56DFFBFFF3B10024002856DFFBAFF3B4001403BC004502E
:200260006DFFB4FF3C0D0290C21937097090DAFF7F0F0480821A3C0A82246D00E4093B2041
:2002800002406DFF11FF6F72F07F02A23C010090910000F6D9FF1C5009FFC008532F204062
:2002A0006DFF1FE7402C910000F6D9FF105014FFEE13DA006E093B201E406D00000CB04218
:2002C000DA04742F3C093B201E406D00F80BB0427B4000F0742F82048205910000F6D9FF83
:2002E0001C5009FFC008C2FF370F7060910000F6D9FF145009FFC008C2FF370F70706D0004
:20030000710382003C0E532020F010CF91000026D9220450092FC008B4FFC2103700700009
:20032000910000F6D9FF1C5009FFC0083FF0EDFFDA003C0D910000F6D9FF1C5009F4C00854
:2003400040C46D009C06C21F370F70F0910000F6D9FF145009F0C0083F0FEEFF910000F6BD
:20036000D9FF105014FFEE13DA016E093B201E406D00A50BB042DA04742F3C093B201E4098
:200380006D009D0BB0427B4000F0742F40C46DFF5FD90090201849A4000A6DFF3BF2DA012D
:2003A000B4AF910000F6D9FF1C5009FFC008ACA1910000F6D9FF145009FFC008ACA2910080
:2003C00000F6D9FF0C5014FF82003E0682103E0982203E0C3C0CDA062CA6DA082CA73C0763
:2003E000DA082CA6DA102CA73C023C01911000F8D9FFE670F803911000F8D9FF10A0F80432
:2004000049A4000A6DFFCAF100902010DF045580910000F6D9FF1050DA0034FF910000F6F3
:20042000D9FF28503B101EF0B4FF910000F6D9FF20503B401EF0B4FF910000F6D9FF245082
:200440003B201EF0B4FFDAD3B4AFDAD9ACA23B3019F0ACA482248205BB0070689B36396081
:200460003BE00C706D004B123B001E408215820682376D00AE0B910000F6D9FF285094F425
:200480008215820682376D00A40B910000F6D9FF245094F48215821682376D009A0B910082
:2004A00000F6D9FF205094F48215821682376D00900B1D008500910000F6D9FF1050DA014A
:2004C00034FF910000F6D9FF28503B001EF0B4FF910000F6D9FF20503B401EF0B4FF91007A
:2004E00000F6D9FF24503B201EF0B4FF3B001E408215820682376D006C0B910000F6D9FFEA
:20050000205094F48215820682376D00620B910000F6D9FF245094F48215821682376D0081
:20052000580B3B301E408215820682376D00510B3B501E408215820682376D004A0B3B1020
:200540001E408215821682376D00430B3B0004408215821682376D003C0B3B100440821559
:20056000821682376D00350B3B2004408215821682376D002E0B3B300440821582168237B9
:200580006D00270B3B001A408215821682376D00200B3B101A408215821682376D00190B89
:2005A0003B201A408215821682376D00120B3B301A408215821682376D000B0B910000F65D
:2005C000D9FF085014F46D00DC01910000F6D9FF185009F4C008910000F6D9FF045009F55C
:2005E000C0086D00C301DA016E14910000F6D9FF205094F46D00630AB0428210910000F669
:20060000D9FF205094FF161F0FF0100074203C14910000F6D9FF205094F46D00500AB042C7
:200620007B100000910000F6D9FF205094FF161F0FF010007420DA006E14910000F6D9FF3A
:20064000285094F46D003B0AB0428210910000F6D9FF285094FF161F0FF0100074203C14D2
:20066000910000F6D9FF285094F46D00280AB0427B100000910000F6D9FF285094FF161F60
:200680000FF01000742082546D00DD07DA016E14910000F6D9FF285094F46D00100AB0425B
:2006A0008210910000F6D9FF285094FF161F0FF0100074203C14910000F6D9FF285094F4B7
:2006C0006D00FD09B0427B100000910000F6D9FF285094FF161F0FF0100074203B800740E6
:2006E0006D00B107910000F6D9FF105014FFEE13DA006E093B201E406D00E109B042DA04D1
:20070000742F3C093B201E406D00D909B0427B4000F0742F3B1001406D00B9053B800740F0
:200720006D0091073B6003406D00B105910000F6D9FF085014FF82003E0882103E0A8220A5
:200740003E0D8230BE003C1482046D0036053C103B000C406D0031053C0B3B0007406D00B4
:200760002C053C063B000A406D0027053C013BA003406D008C0582546D001F053B200B4082
:200780006D0085053BC000406D0017053BC000406D00130582046D0010053B3003406D00BB
:2007A0000C053B3003406D0008053B700B406D006E053B5003406D0000053BB00B406D0047
:2007C00066053B9002406D00F8043B200C406D005E0582146D00F1043B300C406D00570549
:2007E0003B9001406D00E9043B400C406D004F053B0002406D00E1043B500C406D004705AC
:200800003BA001406D00D9043B600C406D003F053BF001406D00D1043B000D406D003705FB
:200820003B400A406D00C9043B100A406D00C5043B000E406D002B053B000D406D00BD0412
:200840003B8000406D00B9043BE000406D00B5043B9000406D00B1043B9000406D00AD049C
:2008600082546D00AA043B1003406D00A6043B3003406D00A2043B8004406D009E043B7068
:2008800001406D009A043B4001406D0096043B5001406D0092043B1003406D008E043B4072
:2008A00003406D008A043B100E406D00F0043B000D406D0082043B8000406D007E043BE080
:2008C00000406D007A043B9000406D0076043B9000406D0072043B5001406D006E043B1017
:2008E00003406D006A043B3003406D0066043B8004406D0062043B7001406D005E043B404D
:2009000001406D005A043B5001406D0056043B1003406D0052043B4003406D004E043B101F
:2009200002406D00B4043B9002406D00B004910000F6D9FF105014FFEE13DA016E093B20A2
:200940001E406D00BC08B042DA04742F3C093B201E406D00B408B0427B4000F0742F6DFFC2
:2009600099FC6DFF19FD0090910000F6D9FF1850B4F4910000F6D9FF0450B4F500909100E4
:2009800000F6D9FF085034F4DA003E48DA013E46DA02BE42DA03BE403C1D910000F6D9FFDB
:2009A0001C50DAF0B4FF910000F6D9FF14503B0014F0B4FF3C0F910000F6D9FF1C503B0048
:2009C00014F0B4FF910000F6D9FF1450DAF0B4FF3C010090910000F6D9FF0C5034F40090E0
:2009E000024F0B561088027A910000F6D9FF1C5009F0C0080B0F304191000048D9441CA365
:200A00003BA014506DFFCFEC910000F6D9FF145009F0C0080B08304191000048D9441CA3B3
:200A20003BB014506DFFBFEC910000F6D9FF1C5009F0C0080B09304191000048D9441CA38A
:200A40003BC014506DFFAFEC910000F6D9FF145009F0C0080B0A304191000048D9441CA371
:200A60003BD014506DFF9FEC3BA002406D000F0402F46D00700202946D006D023BB00240FF
:200A80006D00050402846D00660202A46D0063023BC002406D00FB03009049AA00CA0B45C8
:200AA0001088026A910000F6D9FF1C5009F0C0080B08304191000048D9441CA33BE02550DD
:200AC0006DFF71EC910000F6D9FF145009F0C0080B09304191000048D9441CA33BF02550EF
:200AE0006DFF61EC910000F6D9FF105014FFEE13DA006E093B201E406D00E107B042824057
:200B000074203C093B201E406D00D907B0427B4000F0742F910000F6D9FF0C5014F0DA001D
:200B20003E09DA015F0F4C00DA025F0FC2001D00C1009A58370F70609A79370F70700B891A
:200B400010486DFF4FFF82003C318B0A1EF0536F20F0910000F8D9FF853210FF01F000F611
:200B600014F182023C206F011000DA0603F20AF0532F20F010AF91000026D9221850092F9E
:200B8000C008B4FF3C0EDA0603F20AF0532F20F010AF91000026D9220450092FC008B4FFB7
:200BA00086F1C212BF82E1FFC210BF60D0FF49A4000A3B0003406D0062023C7B9A78370FB4
:200BC00070608BF900F0370F70700B8910486DFF09FF82033C648B0A1E00530021F091007E
:200BE00000F8D9FFADB210FF01F300F614F08B0A1E10530121F0910000F8D9FFADB210FFD2
:200C000001F300F6088482013C206F001000DA0803F10A23532220F010AF91000026D92207
:200C200018500922C008B4F23C0EDA0803F10A23532220F010AF91000026D92204500922F1
:200C4000C008B4F286F0C211BF81E1FF82003C246F041200DA0803F00A138B0104F0532F62
:200C600020F010AF91000026D9221850092FC008B4FF3C10DA0803F00AF38B0F04F0532FAA
:200C800020F010AF91000026D9220450092FC008B4FF86F4C210BF80DDFFC213BF839DFFB2
:200CA00049A4000A3B0008406D00E9013C023C01910000F6D9FF105014FFEE13DA016E09C3
:200CC0003B201E406D00FB06B042DA04742F3C093B201E406D00F306B0427B4000F0742FD6
:200CE000009020180B4510880B6710A809AC5808910000F6D9FF1C5009F0C0080B083041F5
:200D000091000048D9441CA33BA032506DFF4BEB910000F6D9FF145009F0C0080B09304116
:200D200091000048D9441CA33BB032506DFF3BEB82000BB0304191000048D9441CA33BC0A1
:200D400032506DFF30EBDA080BBF504191000048D9441CA33BD032506DFF25EBDA000BCFDB
:200D6000304191000048D9441CA33BE032506DFF1AEBDA060BCF504191000048D9441CA33F
:200D80003BF032506DFF0FEB7B00F8D349A4000A82043B1001506DFFCFE349A4000A3B0091
:200DA00002401ACB92256DFFC7E33C067B0012F44BFD41D0C2FBFF1BFBFF4B0A31F14B0D83
:200DC00031014B0F01024B0041F16BDF714A49A4000A02C56DFF49EF49A4000A0B891048BD
:200DE0006D00030000900B451088404C910000F6D9FF1C5009FFC0080BF830419100004897
:200E0000D9441CA33BB02B506DFFCDEA910000F6D9FF145009FFC0080BF93041910000488C
:200E2000D9441CA33BC02B506DFFBDEA820A3C2C910000F6D9FF0C5014F0DA003E07DA01A0
:200E4000BE0282215F011D003C1C8260030A0AF8370F704001CA00F609F6000802956DFFA8
:200E60001EFE3C0FDA0803FA0AF8370F704001CA00F609F6000802956DFF11FE3C023C01DF
:200E8000C21A370A70A001CA00F609FF0008EED1009020100B4510A80269027C910000F65D
:200EA000D9FF1C5009FFC0080BFA304191000048D9441CA33B0030506DFF75EA910000F6E6
:200EC000D9FF145009FFC0080BFB304191000048D9441CA33B1030506DFF65EADA000BCFA0
:200EE000304191000048D9441CA33B2030506DFF5AEADA0A0BCF504191000048D9441CA33D
:200F00003B3030506DFF4FEADA0149A4000A82043BC000506DFF10E349A4000A3B000240CB
:200F200002C56DFF09E3FFAC0A803C0453AF20F0C2FCFF1CFDFF4BF9118249A4000A0294D2
:200F40006DFF27F049A4000A0BAB10486DFF4DFF00900248910000F6D9FF105014FFEE07B0
:200F6000822402856D003C131D008800DA006E093B201E406D00A305B042824074203C0937
:200F80003B201E406D009B05B0427B4000007420DA016E093B301E406D009105B042DA0858
:200FA000742F3C093B301E406D008905B0427B8000007420DA006E093B501E406D007F05D9
:200FC000B042DA20742F3C093B501E406D007705B0427B0002F0742F8F883F406D000A025A
:200FE000DA016E093B501E406D006905B042DA20742F3C093B501E406D006105B0427B00DE
:2010000002F0742FDA006E093B501E406D005705B042DA20742F3C093B501E406D004F05BA
:20102000B0427B0002F0742F8FF80F416D00E201DA016E093B501E406D004105B042DA20AD
:20104000742F3C093B501E406D003905B0427B0002F0742FDA016E093B201E406D002F0566
:20106000B042DA04742F3C093B201E406D002705B0427B4000F0742F0090404F024891002C
:201080000026D9221050142FEE08822440F402856D00DF121D009000DA006E093B201E4020
:2010A0006D000D05B042DA04742F3C093B201E406D000505B0427B4000F0742FDA016E0937
:2010C0003B301E406D00FB04B042DA08742F3C093B301E406D00F304B0427B8000F0742F72
:2010E0003C55DA006E093B501E406D00E804B042DA20742F3C093B501E406D00E004B042CC
:201100007B0002F0742F09F4C00886846D007201DA016E093B501E406D00D104B042DA20A7
:20112000742F3C093B501E406D00C904B0427B0002F0742FDA006E093B501E406D00BF0438
:20114000B042DA20742F3C093B501E406D00B704B0427B0002F0742F09FFC0088FFF0F41FA
:201160006D004801DA016E093B501E406D00A704B042DA20742F3C093B501E406D009F0499
:20118000B0427B0002F0742FB02F028FC2F8EEAADA016E093B201E406D009104B042DA04AE
:2011A000742F3C093B201E406D008904B0427B4000F0742F00900248910000F6D9FF1050BB
:2011C00014FFEE06822402856D008B123C5EDA006E093B201E406D007204B042DA04742FD7
:2011E0003C093B201E406D006A04B0427B4000F0742FDA016E093B301E406D006004B042F8
:20120000DA08742F3C093B301E406D005804B0427B8000F0742FDA006E093B501E406D004B
:201220004E04B042DA20742F3C093B501E406D004604B0427B0002F0742F02846D00DA0019
:20124000DA016E093B501E406D003904B042DA20742F3C093B501E406D003104B0427B00DD
:2012600002F0742FDA016E093B201E406D002704B042DA04742F3C093B201E406D001F0435
:20128000B0427B4000F0742F00900248910000F6D9FF105014FFEE2BDA006E093B001E405F
:2012A0006D000D04B042DA01742F3C093B001E406D000504B0427B1000F0742F82240285AF
:2012C0006D000F12DA016E093B001E406D00F703B042DA01742F3C093B001E406D00EF0381
:2012E000B0427B1000F0742F1D008300DA006E093B201E406D00E303B042DA04742F3C0929
:201300003B201E406D00DB03B0427B4000F0742FDA006E093B101E406D00D103B042DA0280
:20132000742F3C093B101E406D00C903B0427B2000F0742FDA016E093B301E406D00BF0379
:20134000B042DA08742F3C093B301E406D00B703B0427B8000F0742FDA006E093B501E4027
:201360006D00AD03B042DA20742F3C093B501E406D00A503B0427B0002F0742F02846D0089
:201380003900DA016E093B501E406D009803B042DA20742F3C093B501E406D009003B04222
:2013A0007B0002F0742FDA016E093B201E406D008603B042DA04742F3C093B201E406D003E
:2013C0007E03B0427B4000F0742FDA016E093B101E406D007403B042DA02742F3C093B106C
:2013E0001E406D006C03B0427B2000F0742F0090910000F8D9FF2891C862910000F8D9FF5E
:201400002891C86F54FFB70F04F0A64F742F910000F8D9FF2891C88286C4910000F8D9FF28
:201420002891C88F54FFB70F04F0A6F474240090910000F6D9FF305034F47C46911000481B
:20144000D94452113C01910000F6D9FF2C50F4F400900090820491000046D94434506D0081
:20146000C61391000046D944609191000056D955345082146DFF2EEB0090DA008214911059
:201480000048D94454116DFFD5FF91000046D9446091820491000056D95560813B00045052
:2014A0006DFF22EA8204BB00205C9B150050820682076D009711820482156D00AB1302F295
:2014C0003C0100900D00000282046DFFB0ED9100004F82046DFF91B5910000F6D9FF3850A2
:2014E000DA0034FF0D00400200800D00000282046DFF9DEDC5F4004082046DFF7EB59100D6
:2015000000F6D9FF3C50DA0034FF0D004002008002484DC0E1FF16073C01370F48404DC029
:20152000E20F3700E1078B0020F23C013C01EE0D6DFF81B5092010093C013C014C243C017E
:20154000A20F3F8FFDFF3C3A82FF5F4F3700DA003E44DA01BE4A3C32910000F6D9FF3850A0
:20156000DA0134FF6DFF53ED85FF100042F8A5F8300002246DFF5BED3C01910000F6D9FFA0
:20158000385014FFEEFB3C1A910000F6D9FF3C50DA0134FF6DFF3BED85FF1040428FA5FF9B
:2015A000304002246DFF43ED3C01910000F6D9FF3C5014FFEEFB3C023C01009020104DC08D
:2015C000E2FF370FE1F78B0F20823C010D00400300003C013C01820034A0DA002CA2DA1FD2
:2015E0002CA3DA002CA1DA017801DADCACA4DA002CAA9100004F49A5000A6DFF47B591009A
:20160000004F82046DFFF9B4DA0034AFDA002CA2DA1F2CA3DA002CA1DA017801DADDACA4AD
:20162000DA012CAAC5F4004049A5000A6DFF2EB5C5F4004082046DFFE0B476830D00000331
:201640000090024FBB00C4097FF017803C0A3B0080429BB4E64E6DFF5DFFBB00C409A20F54
:20166000BB00C4093FF0F5FF3B50C3400654E2F46DFF50FF3C073B50C3400654E2F46DFFD9
:2016800049FF0090DA003E4ADA013E4CDA023E4EDA03BE40DA04BE423C15DA00A5FFF48245
:2016A0003C11DA00A5FFF8823C0DDA00A5FFFC823C09DA00A5FFC0923C05DA00A5FFC49276
:2016C0003C010090DA003E4BDA01BE41DA02BE47DA03BE4DDA045F4F23003C2985FFF48229
:2016E000370F70F03C01370F50203C2285FFF882370F70F03C01370F50203C1A85FFFC8204
:20170000370F70F03C01370F50203C1285FFC092370F70F03C01370F50203C0A85FFC49253
:20172000370F70F03C01370F50203C028202910000F6D9FF006001F400F614FFEE04DA04C1
:201740004BF201223C010090026F82005F40100082105F403A0082205F40570082305F4066
:201760007A0082405F40A4001D00C900F656910000F8D9FF20F03C11DF150780910000F8F6
:20178000D9FF34F03C0A820491000048D94406B33BE003506DFF07E6EE06910000C8D9CC19
:2017A00038E03C105E16910000C8D9CC0CF03C0A820491000048D94406B33B2004506DFFC1
:2017C000F2E51D009C00DF250780910000F8D9FF5C003C0A820491000048D94406B33B80FB
:2017E00004506DFFE0E55E26910000C8D9CC48003C0A820491000048D94406B33BB00450E0
:201800006DFFD1E53C7BDF350780910000F8D9FF58103C0A820491000048D94406B33B10C5
:2018200005506DFFC0E55E36910000C8D9CC70003C105E46910000C8D9CC44103C0A820432
:2018400091000048D94406B33B5005506DFFABE53C55DF450780910000F8D9FF54203C119F
:20186000DF550780910000F8D9FF68203C0A820491000048D94406B33BC005506DFF93E515
:201880005E56910000C8D9CC6C103C105E66910000C8D9CC40203C0A820491000048D944EA
:2018A00006B33B0006506DFF7EE53C28DF650780910000F8D9FF50303C11DF750780910046
:2018C00000F8D9FF64303C0A820491000048D94406B33B7006506DFF66E55E76910000C844
:2018E000D9CC7C203C0A820491000048D94406B33BA006506DFF57E53C013B000140820513
:2019000040F46DFFEE9B3B000140820540C46DFFA09B0090024F0B561088C5F4C0826DFFAF
:20192000899B821005F1D5863701820125F0D582820005F1E1863701820125F0E1820BF864
:20194000104802966DFF02FF82003E0F82105F0F2A0082205F0F440082305F0F5E0082409D
:201960005F0F78001D009300823005F1D0863701030025F0D082821005F1D1863701010019
:2019800025F0D182827005F1D0863701830125F0D082821005F1D0863701010325F0D082FD
:2019A0003C75823005F1D4863701030025F0D482821005F1D5863701010025F0D582827054
:2019C00005F1D4863701830125F0D482821005F1D4863701010325F0D4823C58823005F1CB
:2019E000D8863701030025F0D882821005F1D9863701010025F0D982827005F1D8863701D1
:201A0000830125F0D882821005F1D8863701010325F0D8823C3B823005F1DC863701030086
:201A200025F0DC82821005F1DD863701010025F0DD82827005F1DC863701830125F0DC8222
:201A4000821005F1DC863701010325F0DC823C1E823005F1E0863701030025F0E082821041
:201A600005F1E1863701010025F0E182827005F1E0863701830125F0E082821005F1E086E9
:201A80003701010325F0E0823C01910000F6D9FF006010FFDA0034FF0090DA003C0C534F27
:201AA0002000600F9140003F30F3D93FD438820074F0C21FBF4FF57F0090BB00FEFF26F495
:201AC000DA005F4F3200DA405F4F34003B0014F05F4F35003B0016F05F4F36003B001AF0C4
:201AE0005F4F37003B001CF05F4F38003B001EF05F4F39003B0028F05F4F3A003B002AF014
:201B00005F4F3B003B002CF05F4F3C003B002EF05F4F3D003B0040F05F4F3E003B0042F093
:201B20005F4F3F003C429140002FD922000A3C3E9140002FD922008A3C399140002FD922C6
:201B4000000B3C349140002FD922004B3C2F9140002FD92200CB3C2A9140002FD922400BE7
:201B60003C259140002FD922404B3C209140002FD922000C3C1B9140002FD922004C3C162B
:201B80009140002FD922008C3C119140002FD92200CC3C0C9140002FD922008D3C079140C6
:201BA000002FD92200CD3C023C013C010090024F02F46DFF84FF161F09202409570061FF6E
:201BC0006E0382123C0282023C013C0100900B451088026AF69DDA003E74DA023E743C05F2
:201BE000DA003C05DA083C03DA103C013C08DA043E723C03DAC03C03DA803C0102846DFF0F
:201C00005EFF8FF80141402402F56DFF219D02846DFF55FF8FF80141820540246DFF4A9DCC
:201C2000DF19198076AC02846DFF49FF8FF801F182100FF01000892004093C0C02846DFFAD
:201C40003EFF8FF801F17B1000000FF01000892004090090024F765B02F46DFF30FF161F06
:201C600082100FF01000892004093C0B02F46DFF26FF161F7B1000000FF0100089200409BA
:201C80000090910000F8D9FF20D0D4F46DFFC290910000F8D9FF20D0C8246DFFBB90009059
:201CA00020880249025A4DC0E2FF370FE1F78B0F20B23C010D00400300003C013C01DA027A
:201CC0004BF901426DFFD190402F49A4240A40F56DFFF7936DFFF9AC02246DFF4AB30B232D
:201CE00010C882083C1C820702A60BCD10486DFF3D8B0B231048BB0024649BF60060820752
:201D00006DFF848BBBF0FFFF7FF203803C0B8FFD1F1077CD800F0B0110C8C218DA103FF8F7
:201D2000E4FFDA103FF80280DA003E98DA013E9DDA02BE92DA03BE973C1DDA0089AF2418B2
:201D4000DA3289AFA2183C16DA0089AF2A18DA9689AFA8183C0FDA0089AF2418DA8289AF4A
:201D6000A2183C08DA0089AF2A18DA1E89AFA8183C01DA024BF90102DF011780DA0089AF38
:201D80000018DA0789AF2018DA0189AF211889A228090BCD10486DFF1AB389A22409DA0097
:201DA00089AF0C183C15DA0189AF0018DA0989AF2618DA0289AF271889A230090BCD10480B
:201DC0006DFF05B389A22C09DA0089AF1418DA0089AF9A18DA0089AF9C18DA0089AF01287C
:201DE00049A4000A49A5240A6DFFA69102BF6E030D0000034D00D0FF16015E19DA018210D4
:201E00003700010E37F0040C89F0283949A4000A6DFF71930090DAAB3F4F0D00DA003FF447
:201E20000A005AF4910000F8D9FFB45190FFD4FFDC0F1D00F20391000028D9225C501D0008
:201E4000F60391000028D92278301D00F00391000028D92248501D00EA0391000028D92213
:201E600074401D00E40391000028D92260401D00DE0391000028D9224C401D00D80391008F
:201E80000028D92244601D00D20391000028D92258601D00CC0391000028D9226C601D0094
:201EA000C60391000028D92270501D00C00391000028D9227C701D00BA0391000028D922D7
:201EC00068701D00B40391000028D92254701D00AE0391000028D92240701D00A803910053
:201EE0000028D92278801D00A20391000028D9224C901D009C0391000028D92250801D0018
:201F0000960391000028D92264801D00900391000028D92248A01D008A0391000028D922E6
:201F200074901D00840391000028D92260901D007E0391000028D92244B01D0078039100E6
:201F40000028D92258B01D00720391000028D9225CA01D006C0391000028D92270A01D00A7
:201F6000660391000028D92254C01D00600391000028D92240C01D005A0391000028D922CE
:201F80006CB01D00540391000028D92268C01D004E0391000028D9227CC01D00480391007E
:201FA0000028D9224CE01D00420391000028D92278D01D003C0391000028D92264D01D0013
:201FC000360391000028D92250D01D00300391000028D92260E01D002A0391000028D922B2
:201FE0005CF01D00240391000028D92248F01D001E0391000028D92274E01D001803910056
:202000000028D92270F01D00120391000028D922AC001D000C0391000028D92298001D0016
:20202000060391000028D92284001D00000391000028D92280101D00FA0291000028D9222E
:20204000A8101D00F40291000028D92294101D00EE0291000028D92288401D00E80291003C
:202060000028D922BC101D00E20291000028D922B4301D00DC0291000028D9228C301D0050
:20208000D60291000028D922A0301D00D00291000028D922B8201D00CA0291000028D922CC
:2020A000A4201D00C40291000028D92290201D00BE0291000028D922B0401D00B80291002C
:2020C0000028D92284501D00B20291000028D92298501D00AC0291000028D9229C401D0024
:2020E000A60291000028D922A4701D00A00291000028D922BC601D009A0291000028D92274
:2021000090701D00940291000028D922A8601D008E0291000028D92294601D0088029100C3
:202120000028D92280601D00820291000028D922AC501D007C0291000028D922A0801D00BF
:20214000760291000028D922B4801D00700291000028D922B8701D006A0291000028D92277
:202160008C801D00640291000028D92284A01D005E0291000028D922B0901D00580291007F
:202180000028D9229C901D00520291000028D92288901D004C0291000028D92280B01D0047
:2021A000460291000028D92294B01D00400291000028D92298A01D003A0291000028D92287
:2021C000ACA01D00340291000028D92290C01D002E0291000028D922BCB01D002802910017
:2021E0000028D922A8B01D00220291000028D922A4C01D001C0291000028D922B8C01D0087
:20220000160291000028D92288E01D00100291000028D922B4D01D000A0291000028D92246
:20222000A0D01D00040291000028D9228CD01D00FE0191000028D9229CE01D00F801910008
:202240000028D92298F01D00F20191000028D922C0001D00EC0191000028D922ACF01D00D8
:20226000E60191000028D92284F01D00E00191000028D922B0E01D00DA0191000028D92261
:20228000D4001D00D40191000028D922E4101D00CE0191000028D922F8101D00C8019100B1
:2022A0000028D922FC001D00C20191000028D922D0101D00BC0191000028D922E8001D00F8
:2022C000B60191000028D922CC201D00B00191000028D922C8301D00AA0191000028D922B1
:2022E000F4201D00A40191000028D922E0201D009E0191000028D922DC301D009801910091
:202300000028D922EC401D00920191000028D922D8401D008C0191000028D922F0301D0057
:20232000860191000028D922C4401D00800191000028D922E8501D007A0191000028D92288
:20234000D4501D00740191000028D922C0501D006E0191000028D922E4601D006801910068
:202360000028D922D0601D00620191000028D922FC501D005C0191000028D922F8601D00E7
:20238000560191000028D922F4701D00500191000028D922E0701D004A0191000028D92240
:2023A000CC701D00440191000028D922C4901D003E0191000028D922F0801D003801910010
:2023C0000028D922C8801D00320191000028D922DC801D002C0191000028D922E8A01D008F
:2023E000260191000028D922D4A01D00200191000028D922C0A01D001A0191000028D92250
:20240000EC901D00140191000028D922D8901D000E0191000028D922FCA01D0008019100BF
:202420000028D922E0C01D00020191000028D922CCC01D00FC0091000028D922E4B01D00FB
:20244000F60091000028D922F8B01D00F00091000028D922D0B01D00EA0091000028D9222E
:20246000F4C01D00E40091000028D922D8E01D00DE0091000028D922C4E01D00D800910062
:202480000028D922C8D01D00D20091000028D922DCD01D00CC0091000028D922F0D01D00B8
:2024A000C60091000028D922ECE01D00C00091000028D92224011D00BA0091000028D92295
:2024C00010011D00B40091000028D922E8F01D00AE0091000028D922FCF01D00A8009100CD
:2024E0000028D922C0F01D00A20091000028D922D4F01D009C0091000028D9221C211D000B
:20250000960091000028D92234111D00900091000028D92208211D008A0091000028D92247
:202520000C111D00840091000028D92220113C7E91000028D92238013C7991000028D922E8
:202540002C313C7491000028D92204313C6F91000028D92218313C6A91000028D922302132
:202560003C6591000028D92200413C6091000028D9223C413C5B91000028D92228413C56B2
:2025800091000028D92214413C5191000028D9220C613C4C91000028D92238513C479100AB
:2025A0000028D92210513C4291000028D92224513C3D91000028D92208713C38910000281D
:2025C000D92234613C3391000028D92220613C2E91000028D9221C713C2991000028D92203
:2025E00018813C2491000028D92204813C1F91000028D92230713C1A91000028D9222C8142
:202600003C1591000028D92214913C1091000028D92200913C0B820491000048D94431B3D8
:202620003B3010506DFFBFDEA0023C01009020389100014F6DFF9D95910001FF19FF00C017
:20264000AE1F9100014F8204BB0068599B85B9546DFF82979100014F82246DFF629749A43F
:20266000000A9100015F6DFF069782083C1982093C13370868F02CA4370948F02CA549A400
:20268000240A49A5000A6DFF559649A4240A82146DFF3397C219DA083FF9ED7FC218BF4894
:2026A000E87F00902038024F0B5610883B0071020B90504191000048D94431B33B801550AD
:2026C0006DFF71DE02F46DFFA8FB402F14FF82003E0882103E0782203E0682303E053C05FD
:2026E0003C043C033C023C019100014F6DFF41959100012F192F00C0AE1F9100014F8204C0
:20270000BB0068599B85B9546DFF26979100014F82246DFF069749A4000A9100015F6DFF03
:20272000AA9614FF2CA409FF01082CA5BB0068F99B8FB9F44B0861014B0F51F04B0F71F195
:202740007802F807DA0189AF120814FF82003E0A8210BE0882205F0F260082305F0F330015
:202760003C418205029409A6080982076DFFFE85FB0071620B2310486DFF488689A20C09B9
:202780003C318205029409A6080982076DFFEE85FB0071620B2310486DFF388689A20C09C9
:2027A0003C218205029409A6080982076DFFDE85FB0071620B2310486DFF288689A20C09D9
:2027C0003C118205029409A6080982076DFFCE85FB0071620B2310486DFF188689A20C09E9
:2027E0003C0149A4240A49A5000A6DFFA39549A4240A82146DFF6D960090024F02583B004F
:2028000071020B80504191000048D94431B33B7013506DFFC8DD02F46DFFFFFA402F14FF53
:202820003B008000E20F60F29110013F3023D934000D09F401086DFF0C9514FF82003E0A5C
:202840008210BE0682205F0F220082305F0F2D003C3982050284820702266DFF8785FB00FD
:2028600071620B2310486DFFD18502283C2B82050284820702266DFF7985FB0071620B2388
:2028800010486DFFC38502283C1D82050284820702266DFF6B85FB0071620B2310486DFFCF
:2028A000B58502283C0F82050284820702266DFF5D85FB0071620B2310486DFFA785022847
:2028C0003C0114FF3B008000E20F60F29110013F3023D934000D09F4010802856DFFDB94F4
:2028E0000090094F4218370FE3013C04094F10293C01020FC2F0EEFB009049AA20BA0B4505
:2029000010880B6710A809ACA04809ADA44809AEA848DA644BFB01020B080041910000485B
:20292000D94418C33BB03D506DFF3DDDDA644BFC01020B08004191000048D94418C33BC0F9
:202940003D506DFF30DDDA644BFD01020B08004191000048D94418C33BD03D506DFF23DDBF
:202960003B3019F03EEEDA644BFE01020B08004191000048D94418C33B003E506DFF13DDE3
:20298000910000F6D9FF48A1B4FE370848406DFFDC98402CB4AE49A4103A49A5283A0B8BAB
:2029A00010480BCD10686D00900149A4040A40C56DFF0C9DDA002CA4BB00C2FB9BEFC3F4F9
:2029C0007805DA002CAC49AF103AF80949A4300A49A5040A6DFFD49A49A4303A49A5300A09
:2029E0006DFFB09A4B0A61F1783DDA003E99DA01BE93DA02BE9EDA035F9F27003C3109AF89
:202A00007838B70F81F189AF383809AF7838961089AF38383C2509AF7838B70F81F189AF37
:202A2000383809AF7838B70F01F289AF38383C1809AF7838960889AF383809AF783896104D
:202A400089AF38383C0D09AF7838960889AF383809AF7838B70F01F289AF38383C0109AF19
:202A60007838962089AF383809A0F838DA0837F006F389AFB83809AF7938B70F01F289AFEB
:202A8000393809A2E83989A2CC493B3019F07EE609AF7838960489AF383849A43C1A49A506
:202AA000303A6DFF5D993B3019F05FEF2D80D83CD4FFC8AF09FF5108B70F01F389FF1108C1
:202AC00082048205820640C46DFF8898910000F6D9FF48A13B3019F0B4FFDA003E88DA01E7
:202AE0003E89DA023E8ADA033E8B3C0D3B2001E03C0A3B8007E03C073BE00DE03C043B4052
:202B000014E03C01DA0509C0560837F003F289CF1608534820F0910000F6D9FF789110FFCA
:202B20004CC674FF534820F0910000F6D9FF789110FF534820F091000026D9227891102256
:202B4000092FC208B77F85F3ACF1534820F0910000F6D9FF789110FF534820F091000026A4
:202B6000D92278911022142FB71F03F234FF534820F0910000F6D9FF789110FF534820F011
:202B800091000026D92278911022142FB71F83F034FF534820F0910000F6D9FF789110F274
:202BA000534820F0910000F6D9FF789110FF081FB71F03F12C21534820F0910000F6D9FFAB
:202BC000789110FF534820F091000026D92278911022092FC008B71F83F3B4FF534820F09B
:202BE000910000F6D9FF789110F2534820F0910000F6D9FF789110FF082F96202C22534873
:202C000020F0910000F6D9FF789110F2534820F0910000F6D9FF789110FF082FB70F81F1A9
:202C20002C22534820F0910000F6D9FF789110F2534820F0910000F6D9FF789110FF082FD8
:202C4000B70F01F32C22534820F0910000F6D9FF789110F2534820F0910000F6D9FF789144
:202C600010FF082FB71F03F02C22534820F0910000F6D9FF789110F2534820F0910000F6B0
:202C8000D9FF789110FF081FB71F83F22C21534820F0910000F6D9FF789110F2534820F0C5
:202CA000910000F6D9FF789110FF0830DA664BFE0122DA064BF301229AD2370F68F037F047
:202CC00004F22C2300900B67108894AF404F405C3B80000089F014083B00080028C03B00F1
:202CE00008002840820089F01508820089C005083B00080089C0040882005F400D0082101C
:202D00005F40C20082205F408B0182305F4087021D00CF03F65791000028D92200C1F4F214
:202D20003C12DF15088091000028D92210C1F4F23C0A820491000048D94418C33B20045012
:202D40006DFF31DBDF68088091000028D92220B1E8223C12DF78088091000028D92230B1DB
:202D6000E8223C0A820491000048D94418C33B6004506DFF18DB3BC000005F0908809100E2
:202D80000028D92210B1E8423C0A820491000048D94418C33B9004506DFF05DB3B200100C1
:202DA0007E07910000F8D9FF20C1F4CF3C6A3B8001007E07910000F8D9FF08D1F4CF3C6108
:202DC0003BE001007E07910000F8D9FF1CD1F4CF3C583B4002007E07910000F8D9FF30D149
:202DE000F4CF3C4F3BA002007E07910000F8D9FF04E1F4CF3C463B0003007E07910000F84C
:202E0000D9FF18E1F4CF3C3D3B6003007E07910000F8D9FF2CE1F4CF3C343BC003007E075E
:202E2000910000F8D9FF00F1F4CF3C2B3B2004007E07910000F8D9FF14F1F4CF3C223B80F0
:202E400004007E07910000F8D9FF28F1F4CF3C193B0006007E07910000F8D9FF34C1F4CF78
:202E60003C103B3019007E04A00FF4CF3C0A820491000048D94418C33B7005506DFF93DA18
:202E80001D0017033B6006005F05088091000028D9224C11F4F23C143B7006005F0508808A
:202EA00091000028D9225C11F4F23C0A820491000048D94418C33BF005506DFF74DA3BC039
:202EC00006005F08088091000028D9225C01E8223C1E3BD006005F08088091000028D922D4
:202EE0006C01E8223C143BE006005F08088091000028D9227C01E8223C0A8204910000481B
:202F0000D94418C33B4006506DFF4DDA3B2007005F09088091000028D9223CF1E8423C14A8
:202F20003B3007005F09088091000028D9224C01E8423C0A820491000048D94418C33B80AC
:202F400006506DFF30DA3B8007007E07910000F8D9FF6C11F4CF3C613BE007007E079100E8
:202F600000F8D9FF4021F4CF3C583B4008007E07910000F8D9FF5421F4CF3C4F3BA00800BA
:202F80007E07910000F8D9FF6821F4CF3C463B0009007E07910000F8D9FF7C21F4CF3C3D7A
:202FA0003B6009007E07910000F8D9FF5031F4CF3C343BC009007E07910000F8D9FF643154
:202FC000F4CF3C2B3B200A007E07910000F8D9FF7831F4CF3C223B800A007E07910000F8DF
:202FE000D9FF4C41F4CF3C193BE00A007E07910000F8D9FF6041F4CF3C103B3019007E0493
:20300000A00FF4CF3C0A820491000048D94418C33B5007506DFFC7D91D004B023BC00C0042
:203020005F05088091000028D9227461F4F23C323BD00C005F05088091000028D92244715B
:20304000F4F23C283BE00C005F05088091000028D9225471F4F23C1E3BF00C005F05088037
:2030600091000028D9226471F4F23C143B000D005F05088091000028D9227471F4F23C0A98
:20308000820491000048D94418C33BF007506DFF8AD93B200D005F08088091000028D9227D
:2030A0004461E8223C1E3B300D005F08088091000028D9225461E8223C143B400D005F08EE
:2030C000088091000028D9226461E8223C0A820491000048D94418C33B4008506DFF63D9CD
:2030E0003B800D005F09088091000028D9227451E8423C323B900D005F0908809100002886
:20310000D9227441E8423C283BA00D005F09088091000028D9224451E8423C1E3BB00D00D4
:203120005F09088091000028D9225451E8423C143BC00D005F09088091000028D92264516B
:20314000E8423C0A820491000048D94418C33BB008506DFF28D93BE00D007E07910000F8C2
:20316000D9FF4481F4CF3C583B400E007E07910000F8D9FF5881F4CF3C4F3BA00E007E0757
:20318000910000F8D9FF6C81F4CF3C463B000F007E07910000F8D9FF4091F4CF3C3D3BC064
:2031A0000F007E07910000F8D9FF5491F4CF3C343B2010007E07910000F8D9FF6891F4CFF5
:2031C0003C2B3B8010007E07910000F8D9FF7C91F4CF3C223BE010007E07910000F8D9FF98
:2031E00050A1F4CF3C193B4011007E07910000F8D9FF64A1F4CF3C103B3019007E04A00F8B
:20320000F4CF3C0A820491000048D94418C33B7009506DFFC8D81D004C013B2013005F0502
:20322000088091000028D92278D1F4F23C323B3013005F05088091000028D92258D1F4F288
:203240003C283B4013005F05088091000028D92268D1F4F23C1E3B5013005F050880910048
:203260000028D92248E1F4F23C143B6013005F05088091000028D92258E1F4F23C0A820493
:2032800091000048D94418C33B100A506DFF8BD83B8013005F08088091000028D92258C15F
:2032A000E8223C323B9013005F08088091000028D92268C1E8223C283BA013005F080880A1
:2032C00091000028D92278C1E8223C1E3BB013005F08088091000028D92248C1E8223C1499
:2032E0003BC013005F08088091000028D92248D1E8223C0A820491000048D94418C33B80A2
:203300000A506DFF50D83BE013005F09088091000028D92278A1E8423C323BF013005F0996
:20332000088091000028D92258B1E8423C283B0014005F09088091000028D92268B1E84284
:203340003C1E3B1014005F09088091000028D92278B1E8423C143B2014005F09088091007D
:203360000028D92248B1E8423C0A820491000048D94418C33BF00A506DFF15D83B401400FD
:203380007E08910000F8D9FF68E1F4CF1D0090003BA014007E08910000F8D9FF78F1F4CF8B
:2033A0001D0086003BB014007E07910000F8D9FF8C01F4CF3C7C3B0015007E07910000F81F
:2033C000D9FFA001F4CF3C733B1015007E07910000F8D9FFB401F4CF3C6A3B6015007E0769
:2033E000910000F8D9FF8811F4CF3C613BC015007E07910000F8D9FF9C11F4CF3C583B201E
:2034000016007E07910000F8D9FFB011F4CF3C4F3B8016007E07910000F8D9FF8421F4CF82
:203420003C463BE016007E07910000F8D9FF9821F4CF3C3D3BF016007E07910000F8D9FFD7
:20344000AC21F4CF3C343B4017007E07910000F8D9FF8031F4CF3C2B3B6018007E07910050
:2034600000F8D9FF7CE1F4CF3C223BC018007E07910000F8D9FF50F1F4CF3C193B20190038
:203480007E07910000F8D9FF64F1F4CF3C103B3019007E04A00FF4CF3C0A820491000048C5
:2034A000D94418C33B100C506DFF7DD73C0100900B451088370848406DFF4793402C40C47B
:2034C0006DFF11FA534820F0910000F6D9FF789110FF54FF8200370F01F089CF201989C964
:2034E00024193C0109CF4218370FE3F16EFC40C46DFFF9F9534820F0910000F6D9FF789127
:2035000010FF54FF8210370F01F089CF2019DA0089CF24193C0109CF4218370FE3F16EFC8D
:203520003C0109CF41186F3FFE7FBBF0FFFF89CF141909CF10293C01370F68203C010090DB
:203540000B541088404C026A370948406DFFFD92402D40D46DFFC7F9534920F0910000F6D9
:20356000D9FF789110FF54F082013710010089D0201989D824193C0109D042183700E3F1A1
:203580006EFC40D46DFFAFF9DF1A0F80534920F0910000F6D9FF789110FF54FF8210370FC3
:2035A00001F089DF2019DA0089DF24193C0109DF4218370FE3F16EFC09DF10293C0134CF96
:2035C000B01CC2FADF0AE2FF3C0109DF41186F3FFE7FBBF0FFFF89DF141900900B4510883A
:2035E000370848406DFFB192534820F0910000F6D9FF789110FF54F082013710010089207B
:203600002019BB00F00F26908680892024193C01092F42181607EEFD534820F0910000F60C
:20362000D9FF789110FF54FF8210370F01F0892F20198FF90FF1892F24193C01092F411842
:203640006F3FFE7FBBF0FFFF892F141900900248404C0259370848406DFF7792534820F009
:20366000910000F6D9FF789110FF54F08201371001008920201909C0C008BB00F01F261051
:203680008680892024193C01092F42181607EEFDDF190F80534820F0910000F6D9FF7891CD
:2036A00010FF54FF8210370F01F0892F201909CFC00816FFB02C892F24193C01092F421899
:2036C0001607EEFDC2F9DF09D8FF3C01092F41186F3FFE7FBBF0FFFF892F14190090024F00
:2036E0000258370F48406DFF3092534F20F0910000F6D9FF789110FF54FF8210370F01F02F
:20370000892F2019892824193C01092F42181607EEFD3C01092F41186F3FFE7FBBF0FFFF51
:20372000892F141900900B451088026A370848406DFF0B92402C534820F0910000F6D9FF7A
:20374000789110FF54FF8200370F01F089CF201940C46DFFC8F889C924193C0109CF421886
:203760001607EEFD534820F0910000F6D9FF789110FF54FF8210370F01F089CF201989CA1F
:2037800024193C0109CF42181607EEFD3C0109CF41186F3FFE7FBBF0FFFF89CF141900901E
:2037A000A002DA003E48DA013E4BDA023E4EDA03BE413C1591000026D9224CA13C10910092
:2037C0000026D92278B13C0B91000026D92264D13C0691000026D92250F13C013C01009032
:2037E00020200B4510A80B7610884DC0E2FF370FE1F78B0F20C23C010D00400300003C0116
:203800003C01370A48406DFF9F7E91000046D944BC0140256DFF628202A46D00250202A4D3
:203820006D00B402910000F6D9FFBC01DA0889FF2C08910000F6D9FFBC01DA04ACF4910080
:2038400000F6D9FFBC014B0B61F16CF1910000F6D9FFBC01DA072CFAA00FF4AFA00FF804B8
:2038600049A4180A49A5080A0BA9104802866D002800DA102CACDA8089AF1C08DA0089AF86
:203880001D08910000F6D9FFBC0149A2000AE8A202A46DFF87FF91000056D955BC0140249A
:2038A0006DFFE27F820502A46D00B401820502A46D00F60202CF6E030D0000030090DA009E
:2038C0003E4CDA015F4F4000DA025F4FC600DA035F4F27011D008901F658910000F8D9FF3C
:2038E0000C1080FF744F3C1CDF150980910000F8D9FF1C1080FF744F3C13DF250980910059
:2039000000F8D9FF2C1080FF744F3C0ADF350980910000F8D9FF3C1080FF744F3C01F668EC
:20392000910000F8D9FF2C0080FF745F3C0ADF160980910000F8D9FF3C0080FF745F3C01B8
:203940001D005401DF450980910000F8D9FF2C3080FF744F3C49DF550980910000F8D9FFA6
:203960003C3080FF744F3C40DF650980910000F8D9FF0C4080FF744F3C37DF750980910080
:2039800000F8D9FF1C4080FF744F3C2EDA087E58910000F8D9FF2C4080FF744F3C25DA0944
:2039A0007E58910000F8D9FF3C4080FF744F3C1CDA0A7E58910000F8D9FF0C5080FF744F01
:2039C0003C13DA0B7E58910000F8D9FF1C5080FF744F3C0ADA0C7E58910000F8D9FF2C50EF
:2039E00080FF744F3C01DF460980910000F8D9FF0C2080FF745F3C2EDF560980910000F80A
:203A0000D9FF1C2080FF745F3C25DF660980910000F8D9FF2C2080FF745F3C1CDF3609801C
:203A2000910000F8D9FF3C2080FF745F3C13DF760980910000F8D9FF0C3080FF745F3C0A15
:203A4000DF260980910000F8D9FF1C3080FF745F3C011D00CB00DA0D7E58910000F8D9FF96
:203A60000C7080FF744F3C2EDA0E7E58910000F8D9FF1C7080FF744F3C25DA0F7E58910080
:203A800000F8D9FF2C7080FF744F3C1CDA107E58910000F8D9FF3C7080FF744F3C13DA11D7
:203AA0007E58910000F8D9FF0C8080FF744F3C0ADA127E58910000F8D9FF1C8080FF744FBA
:203AC0003C01DA0B7E68910000F8D9FF3C5080FF745F3C25DA097E68910000F8D9FF0C60A8
:203AE00080FF745F3C1CDA0A7E68910000F8D9FF1C6080FF745F3C13DA0C7E68910000F87F
:203B0000D9FF2C6080FF745F3C0ADA087E68910000F8D9FF3C6080FF745F3C013C66DA13C6
:203B20007E58910000F8D9FF2C9080FF744F3C37DA147E58910000F8D9FF3C9080FF744FAA
:203B40003C2EDA157E58910000F8D9FF0CA080FF744F3C25DA167E58910000F8D9FF1CA0A3
:203B600080FF744F3C1CDA177E58910000F8D9FF2CA080FF744F3C13DA187E58910000F8D5
:203B8000D9FF3CA080FF744F3C0ADA197E58910000F8D9FF0CB080FF744F3C01DA0E7E68B6
:203BA000910000F8D9FF2C8080FF745F3C1CDA0F7E68910000F8D9FF3C8080FF745F3C13C1
:203BC000DA0D7E68910000F8D9FF0C9080FF745F3C0ADA107E68910000F8D9FF1C9080FF27
:203BE000745F3C013C023C010090404F82086DFFD9FDD424094F5208161F3C016E07D424C6
:203C0000821440F56DFF297D821802823C0100900258910000F6D9FFBC01D4FF37044840D0
:203C20006DFF927C91000046D944BC0140256DFF558040F46DFFF87C370868F06E03DA01BC
:203C40003C02DA0009F0431837F001F289FF031876850C2196042C213C050C21B70F01F106
:203C60002C210090DA003E4CDA015F4F2B00DA025F4F4900DA035F4F67001D008600910056
:203C800000F6D9FFBC0191000026D92250B1E8C2910000F6D9FFBC0191000026D92268A165
:203CA000E8E2910000F6D9FFBC01DA0189FFAE08910000F6D9FFBC01DA0189FFB4083C642A
:203CC000910000F6D9FFBC0191000026D9227CC1E8C2910000F6D9FFBC0191000026D92261
:203CE00054C1E8E2910000F6D9FFBC01DA0189FFAE08910000F6D9FFBC01DA0189FFB40875
:203D00003C43910000F6D9FFBC0191000026D92268E1E8C2910000F6D9FFBC019100002690
:203D2000D92240E1E8E2910000F6D9FFBC01DA0189FFAE08910000F6D9FFBC01DA0189FFE9
:203D4000B4083C22910000F6D9FFBC0191000026D9229401E8C2910000F6D9FFBC0191008F
:203D60000026D9226CF1E8E2910000F6D9FFBC01DA0189FFAE08910000F6D9FFBC01DA01CF
:203D800089FFB4083C010090DA003E4BDA015F4F2600DA025F4F4000DA035F4F5A003C75A0
:203DA000910000F6D9FFBC01DA3C89FFA008910000F6D9FFBC01DA5089FFA208910000F6A2
:203DC000D9FFBC01DA2889FFA408910000F6D9FFBC01DA0089FF26083C61910000F6D9FF70
:203DE000BC01DA3C89FFA008910000F6D9FFBC01DA5089FFA208910000F6D9FFBC01DA282A
:203E000089FFA408910000F6D9FFBC01DA0089FF26083C44910000F6D9FFBC01DA3C89FF88
:203E2000A008910000F6D9FFBC01DA5089FFA208910000F6D9FFBC01DA2889FFA40891007F
:203E400000F6D9FFBC01DA0089FF26083C27910000F6D9FFBC01DA3C89FFA008910000F6FB
:203E6000D9FFBC01DAC889FFA208910000F6D9FFBC01DA2889FFA408910000F6D9FFBC016B
:203E8000DA0089FF26083C0A820491000048D9443FC33BC006506DFF86D20090025891003E
:203EA00000F6D9FFBC01D4FF370448406DFF4C7B91000046D944BC0140256DFF0F7F40F46A
:203EC0006DFFBF7B370868F06E03DA013C02DA0009F0431837F081F389FF031876850C2187
:203EE00096042C213C050C21B70F01F12C210090404F025F6DFF56FCD42440F502F46DFF9B
:203F0000A27C0090200834A56DFF4CFCD42449A5000A82146DFF977C00900248404F3C098B
:203F200009FF0008B01F370F685002846DFFECFF09FF0008EEF6009000A601605214018055
:203F4000002D31010000000000000000000000000000000000006F12833A6F12833A6F1205
:203F6000833A6F12833A6F12833A6F12833A0AD7233C0AD7233C0AD7233C17B7D13817B765
:203F8000D13817B7D1386F12833A6F12833A6F12833A0000803F0000803F000000400000C9
:203FA0000000000000000000000000000000000000000000000000000000000080BF0000C2
:203FC0000000000000000000000000000000000000000000000000000000000000000000E1
:203FE0000000000000000000000000000000000000000000000000000000000000000000C1
:2040000000000000000000000000000000000000000000000000000000108045CDCC64418D
:2040200000803B45FFFF400100F8F000E401E201E1010100000000000000000001000000AD
:0F4040000000000001000000010100000000006E
:20405000000000000000000000000000000000000000000000000000000000000000000050
:01407000004F
:204074000100000000000060403F0180040000000100000004000060383F01800400000066
:204094000100000008000060443F018004000000010000000C00006032400180010000003A
:2040B4000100000010000060483F0180020000000100000014000060334001800100000007
:2040D40001000000180000604A3F018004000000010000001C0000603440018001000000D2
:2040F40001000000200000604E3F0180020000000100000024000060503F01800200000084
:204114000100000028000060523F018054000000010000007C0000603540018001000000C8
:204134000100000080000060A63F01802C00000001000000AC0000603640018001000000F3
:2041540001000000B0000060D23F01802000000001000000D000006037400180010000005E
:2041740001000000D4000060384001800100000001000000D80000603940018001000000C8
:2041940001000000DC000060F23F01800400000001000000E00000603A40018001000000DB
:2041B40001000000E40000603B4001800100000001000000E80000603C4001800100000062
:2041D40001000000EC0000603D4001800100000001000000F00000603E400180010000002E
:2041F40001000000F40000603F4001800100000001000000F8000060F63F01800400000042
:2042140001000000FC00006040400180010000000100000000010060FA3F0180040000000B
:20423400010000000401006041400180010000000100000008010060424001800100000093
:20425400010000000C010060FE3F01800A00000001000000180100600840018002000000CF
:20427400010000001C0100600A4001800200000001000000200100600C400180020000008E
:2042940001000000240100600E400180020000000100000028010060104001800200000056
:2042B400010000002C0100601240018002000000010000003001006014400180020000001E
:2042D400010000003401006016400180020000000100000038010060184001800E000000DA
:2042F40001000000480100604340018001000000010000004C010060444001800100000047
:20431400010000005001006045400180010000000100000054010060264001800200000031
:2043340001000000580100602840018002000000010000005C0100602A4001800200000019
:2043540001000000600100602C4001800200000001000000640100602E40018002000000E1
:2043740001000000680100603040018002000000010000006C0100603C3F0180040000009E
:20439400010000007001006046400180010000000100000074010060474001800100000050
:2043B40001000000780100604840018001000000010000007C01006049400180010000001C
:2043D40001000000800100604A40018005000000020000008801006000000000A611000035
:2043F4000200000030130060000000005A030000020000008C160060000000004100000062
:2044140002000000D0160060000000002500000002000000F816006000000000410000006A
:20443400020000003C17006000000000250000000200000064170060000000004100000070
:2044540002000000A8170060000000002500000002000000D0170060000000004100000078
:2044740002000000141800600000000025000000020000003C18006000000000400000007F
:204494000100000000000070704001800100000001000000040000705040018020000000BF
:1044B40000000000000000000000000000000000F8
:02000004800278
:2000000000000000700059B30000000000000000000000000000000064B81E799B47E18668
:02000004800F6B
:0A43C000911000E8D9EED8DCDC0E05
:20450000911000E8D9EE0E0DDC0E911000E8D9EE3E0DDC0E911000E8D9EE1A1DDC0E9110AF
:0845200000E8D9EE361DDC0EA7
:0A464000911000E8D9EED2BCDC0EA8
:20478000911000E8D9EEFADCDC0E911000E8D9EEFADCDC0E911000E8D9EEFADCDC0E911048
:0847A00000E8D9EEFADCDC0EA2
:1E4A0000911000E8D9EE2A0DDC0E911000E8D9EEFADCDC0E911000E8D9EEFADCDC0E07
:0A4C8000911000E8D9EEF6ECDC0E0E
:144F0000911000E8D9EEE2FCDC0E911000E8D9EEFADCDC0E75
:0A504000911000E8D9EEEECCDC0E72
:0A518000911000E8D9EECAECDC0E35
:0A52C000911000E8D9EEC0CCDC0E1E
:0A590000911000E8D9EE282DDC0E0E
:0A5B8000911000E8D9EE4431DC0E6C
:0A5BA000911000E8D9EE6A31DC0E26
:040000058000002057
:00000001FF
